id,estado,cidade,bairro,zona,tipo,area_m2,quartos,banheiros,vagas,ano_construcao,idade_imovel,ano_transacao,preco_m2,preco
SP-000001,SP,São Paulo,Vila Mariana,Zona Sul,Casa,143,3,3,2,1993,33,2020,9321.89,1333030.27
SP-000002,SP,São Paulo,Moema,Zona Sul,Apartamento,157,3,5,3,2025,1,2024,20427.66,3207142.62
SP-000003,SP,São Paulo,Bela Vista,Centro/Sul,Apartamento,34,2,1,0,2010,16,2022,8494.68,288819.12
SP-000004,SP,São Paulo,Bela Vista,Centro/Sul,Apartamento,120,3,3,1,2012,14,2015,6605.12,792614.4
SP-000005,SP,São Paulo,Saúde,Zona Sul,Casa,98,3,3,2,2000,26,2017,6118.97,599659.06
SP-000006,SP,São Paulo,Ipiranga,Zona Sul,Apartamento,56,2,2,1,2015,11,2014,6118.41,342630.96
SP-000007,SP,São Paulo,Aclimação,Centro/Sul,Casa,262,4,4,3,2024,2,2026,13333.81,3493458.22
SP-000008,SP,São Paulo,Morumbi,Zona Sul,Apartamento,51,2,2,1,2010,16,2020,7525.65,383808.15
SP-000009,SP,São Paulo,Lapa,Zona Oeste,Apartamento,98,3,2,2,1977,49,2021,7945.88,778696.24
SP-000010,SP,São Paulo,Itaim Bibi,Zona Sul/Oeste,Apartamento,37,2,1,1,2023,3,2022,19091.91,706400.67
SP-000011,SP,São Paulo,Pinheiros,Zona Oeste,Apartamento,49,1,1,1,2003,23,2026,14798.53,725127.97
SP-000012,SP,São Paulo,Vila Madalena,Zona Oeste,Cobertura,185,4,4,3,2021,5,2017,19493.78,3606349.3
SP-000013,SP,São Paulo,Lapa,Zona Oeste,Apartamento,33,1,1,0,2006,20,2015,6741.28,222462.24
SP-000014,SP,São Paulo,Vila Mariana,Zona Sul,Apartamento,160,4,4,4,2018,8,2016,11300.54,1808086.4
SP-000015,SP,São Paulo,Tatuapé,Zona Leste,Casa,122,3,3,3,2014,12,2018,7651.25,933452.5
SP-000016,SP,São Paulo,Vila Mariana,Zona Sul,Casa,118,3,3,1,1998,28,2023,9396.5,1108787.0
SP-000017,SP,São Paulo,Brooklin,Zona Sul,Apartamento,37,1,1,1,2008,18,2013,8626.65,319186.05
SP-000018,SP,São Paulo,Campo Belo,Zona Sul,Apartamento,179,3,4,3,1983,43,2022,9453.29,1692138.91
SP-000019,SP,São Paulo,Ipiranga,Zona Sul,Cobertura,175,3,3,5,1998,28,2014,9237.81,1616616.75
SP-000020,SP,São Paulo,Bela Vista,Centro/Sul,Apartamento,82,3,1,1,2011,15,2019,7795.04,639193.28
SP-000021,SP,São Paulo,Vila Madalena,Zona Oeste,Apartamento,108,3,2,2,2014,12,2023,13973.8,1509170.4
SP-000022,SP,São Paulo,Jardim Paulista,Zona Oeste,Apartamento,51,2,2,1,2009,17,2015,11623.8,592813.8
SP-000023,SP,São Paulo,Vila Mariana,Zona Sul,Casa,173,3,4,3,1990,36,2024,10423.06,1803189.38
SP-000024,SP,São Paulo,Morumbi,Zona Sul,Apartamento,283,5,4,4,2010,16,2014,6698.44,1895658.52
SP-000025,SP,São Paulo,Campo Belo,Zona Sul,Apartamento,119,3,3,3,2016,10,2015,11392.49,1355706.31
SP-000026,SP,São Paulo,Morumbi,Zona Sul,Apartamento,47,1,1,0,2015,11,2025,9210.34,432885.98
SP-000027,SP,São Paulo,Moema,Zona Sul,Apartamento,32,1,1,0,1995,31,2013,9472.29,303113.28
SP-000028,SP,São Paulo,Moema,Zona Sul,Apartamento,63,2,1,1,2011,15,2024,13886.61,874856.43
SP-000029,SP,São Paulo,Perdizes,Zona Oeste,Apartamento,57,2,2,1,2022,4,2023,12473.69,711000.33
SP-000030,SP,São Paulo,Morumbi,Zona Sul,Apartamento,34,2,1,0,1979,47,2013,4917.85,167206.9
SP-000031,SP,São Paulo,Saúde,Zona Sul,Casa,294,4,4,3,2003,23,2021,7617.53,2239553.82
SP-000032,SP,São Paulo,Itaim Bibi,Zona Sul/Oeste,Apartamento,54,3,2,1,1992,34,2021,12934.19,698446.26
SP-000033,SP,São Paulo,Aclimação,Centro/Sul,Apartamento,45,1,1,0,2025,1,2014,8437.75,379698.75
SP-000034,SP,São Paulo,Tatuapé,Zona Leste,Casa,146,3,3,3,2020,6,2021,10837.17,1582226.82
SP-000035,SP,São Paulo,Itaim Bibi,Zona Sul/Oeste,Apartamento,131,3,2,1,2004,22,2026,16269.98,2131367.38
SP-000036,SP,São Paulo,Ipiranga,Zona Sul,Apartamento,66,2,2,1,2020,6,2018,7717.43,509350.38
SP-000037,SP,São Paulo,Bela Vista,Centro/Sul,Apartamento,41,1,1,1,1985,41,2025,8239.0,337799.0
SP-000038,SP,São Paulo,Vila Madalena,Zona Oeste,Apartamento,84,2,2,1,1985,41,2021,10040.53,843404.52
SP-000039,SP,São Paulo,Morumbi,Zona Sul,Apartamento,171,4,4,3,2024,2,2013,6997.05,1196495.55
SP-000040,SP,São Paulo,Morumbi,Zona Sul,Apartamento,37,1,1,0,1988,38,2025,7480.98,276796.26
SP-000041,SP,São Paulo,Saúde,Zona Sul,Cobertura,235,5,4,3,1992,34,2022,11857.29,2786463.15
SP-000042,SP,São Paulo,Vila Madalena,Zona Oeste,Casa,148,4,5,3,1997,29,2022,11631.48,1721459.04
SP-000043,SP,São Paulo,Jardim Paulista,Zona Oeste,Apartamento,33,1,1,1,2024,2,2014,11683.45,385553.85
SP-000044,SP,São Paulo,Itaim Bibi,Zona Sul/Oeste,Apartamento,76,3,2,1,2010,16,2017,13633.38,1036136.88
SP-000045,SP,São Paulo,Santana,Zona Norte,Apartamento,36,1,1,0,2003,23,2025,8467.41,304826.76
SP-000046,SP,São Paulo,Pinheiros,Zona Oeste,Apartamento,85,3,3,2,2008,18,2022,13491.67,1146791.95
SP-000047,SP,São Paulo,Jardim Paulista,Zona Oeste,Apartamento,241,4,4,4,2018,8,2015,14781.97,3562454.77
SP-000048,SP,São Paulo,Vila Madalena,Zona Oeste,Apartamento,95,2,3,2,2015,11,2019,11620.51,1103948.45
SP-000049,SP,São Paulo,Morumbi,Zona Sul,Apartamento,54,2,2,1,1999,27,2015,5944.29,320991.66
SP-000050,SP,São Paulo,Lapa,Zona Oeste,Apartamento,49,1,1,1,1986,40,2024,8322.94,407824.06
SP-000051,SP,São Paulo,Morumbi,Zona Sul,Casa,336,5,3,4,1986,40,2022,8641.62,2903584.32
SP-000052,SP,São Paulo,Lapa,Zona Oeste,Apartamento,122,3,3,2,2018,8,2024,10740.08,1310289.76
SP-000053,SP,São Paulo,Campo Belo,Zona Sul,Casa,130,3,3,3,2016,10,2017,10538.25,1369972.5
SP-000054,SP,São Paulo,Vila Mariana,Zona Sul,Cobertura,218,4,4,4,2018,8,2018,18071.91,3939676.38
SP-000055,SP,São Paulo,Tatuapé,Zona Leste,Casa,100,3,3,2,1988,38,2015,6616.64,661664.0
SP-000056,SP,São Paulo,Vila Mariana,Zona Sul,Apartamento,55,2,1,1,2012,14,2026,12663.85,696511.75
SP-000057,SP,São Paulo,Perdizes,Zona Oeste,Casa,83,3,2,2,2025,1,2025,14349.11,1190976.13
SP-000058,SP,São Paulo,Aclimação,Centro/Sul,Apartamento,76,2,2,1,1995,31,2013,6041.48,459152.48
SP-000059,SP,São Paulo,Bela Vista,Centro/Sul,Cobertura,168,4,3,2,1983,43,2018,8842.68,1485570.24
SP-000060,SP,São Paulo,Aclimação,Centro/Sul,Apartamento,224,4,4,3,2003,23,2016,8168.37,1829714.88
SP-000061,SP,São Paulo,Santana,Zona Norte,Apartamento,35,2,1,0,1991,35,2026,8014.43,280505.05
SP-000062,SP,São Paulo,Tatuapé,Zona Leste,Casa,92,3,3,2,2021,5,2025,10639.65,978847.8
SP-000063,SP,São Paulo,Lapa,Zona Oeste,Apartamento,189,5,5,3,2012,14,2021,8196.32,1549104.48
SP-000064,SP,São Paulo,Morumbi,Zona Sul,Apartamento,380,5,4,4,2016,10,2017,8259.24,3138511.2
SP-000065,SP,São Paulo,Vila Madalena,Zona Oeste,Casa,121,2,3,2,2003,23,2017,10527.14,1273783.94
SP-000066,SP,São Paulo,Pinheiros,Zona Oeste,Apartamento,63,2,2,1,1988,38,2022,11443.45,720937.35
SP-000067,SP,São Paulo,Itaim Bibi,Zona Sul/Oeste,Apartamento,102,3,3,2,2011,15,2026,18181.42,1854504.84
SP-000068,SP,São Paulo,Mooca,Zona Leste,Apartamento,209,4,4,3,1990,36,2024,9753.22,2038422.98
SP-000069,SP,São Paulo,Pinheiros,Zona Oeste,Apartamento,140,3,4,3,2009,17,2020,13465.73,1885202.2
SP-000070,SP,São Paulo,Ipiranga,Zona Sul,Apartamento,34,1,1,0,1997,29,2020,7113.76,241867.84
SP-000071,SP,São Paulo,Mooca,Zona Leste,Apartamento,59,2,2,1,2002,24,2021,8464.31,499394.29
SP-000072,SP,São Paulo,Moema,Zona Sul,Casa,144,3,5,3,2009,17,2014,9861.55,1420063.2
SP-000073,SP,São Paulo,Tatuapé,Zona Leste,Apartamento,66,2,2,1,1986,40,2013,5650.56,372936.96
SP-000074,SP,São Paulo,Lapa,Zona Oeste,Apartamento,39,1,1,0,1985,41,2026,7323.96,285634.44
SP-000075,SP,São Paulo,Jardim Paulista,Zona Oeste,Casa,380,4,5,3,2018,8,2025,17709.45,6729591.0
SP-000076,SP,São Paulo,Pinheiros,Zona Oeste,Apartamento,38,1,1,1,1980,46,2020,11766.74,447136.12
SP-000077,SP,São Paulo,Mooca,Zona Leste,Apartamento,51,2,1,1,1987,39,2022,7946.14,405253.14
SP-000078,SP,São Paulo,Ipiranga,Zona Sul,Apartamento,43,1,1,0,2001,25,2024,7376.25,317178.75
SP-000079,SP,São Paulo,Tatuapé,Zona Leste,Casa,133,3,3,2,2009,17,2016,6975.92,927797.36
SP-000080,SP,São Paulo,Perdizes,Zona Oeste,Casa,110,4,3,2,2013,13,2023,10680.16,1174817.6
SP-000081,SP,São Paulo,Perdizes,Zona Oeste,Apartamento,41,1,1,0,2008,18,2026,10172.52,417073.32
SP-000082,SP,São Paulo,Jardim Paulista,Zona Oeste,Cobertura,399,5,5,3,2022,4,2016,21507.13,8581344.87
SP-000083,SP,São Paulo,Perdizes,Zona Oeste,Apartamento,70,2,2,1,2023,3,2023,13334.54,933417.8
SP-000084,SP,São Paulo,Itaim Bibi,Zona Sul/Oeste,Apartamento,74,2,2,1,2010,16,2013,9665.74,715264.76
SP-000085,SP,São Paulo,Jardim Paulista,Zona Oeste,Apartamento,50,2,1,2,2012,14,2018,14049.72,702486.0
SP-000086,SP,São Paulo,Itaim Bibi,Zona Sul/Oeste,Apartamento,72,2,2,1,1975,51,2021,12067.31,868846.32
SP-000087,SP,São Paulo,Ipiranga,Zona Sul,Casa,89,3,3,1,2018,8,2014,6115.97,544321.33
SP-000088,SP,São Paulo,Brooklin,Zona Sul,Casa,92,3,3,2,2018,8,2024,13140.32,1208909.44
SP-000089,SP,São Paulo,Jardim Paulista,Zona Oeste,Apartamento,108,3,2,2,2012,14,2014,12130.03,1310043.24
SP-000090,SP,São Paulo,Lapa,Zona Oeste,Apartamento,66,2,1,1,2002,24,2019,7362.45,485921.7
SP-000091,SP,São Paulo,Perdizes,Zona Oeste,Casa,162,3,5,3,2014,12,2020,10904.98,1766606.76
SP-000092,SP,São Paulo,Perdizes,Zona Oeste,Casa,175,3,4,4,2016,10,2023,14689.76,2570708.0
SP-000093,SP,São Paulo,Tatuapé,Zona Leste,Apartamento,59,2,2,1,2020,6,2016,6926.04,408636.36
SP-000094,SP,São Paulo,Santana,Zona Norte,Apartamento,69,3,2,2,2014,12,2015,6227.18,429675.42
SP-000095,SP,São Paulo,Tatuapé,Zona Leste,Apartamento,59,3,1,1,1996,30,2019,8752.54,516399.86
SP-000096,SP,São Paulo,Lapa,Zona Oeste,Apartamento,69,2,2,1,2012,14,2024,9125.91,629687.79
SP-000097,SP,São Paulo,Tatuapé,Zona Leste,Casa,118,3,3,3,2003,23,2021,8333.4,983341.2
SP-000098,SP,São Paulo,Saúde,Zona Sul,Apartamento,123,3,3,2,2021,5,2013,6895.49,848145.27
SP-000099,SP,São Paulo,Campo Belo,Zona Sul,Apartamento,32,1,1,0,1994,32,2021,10214.72,326871.04
SP-000100,SP,São Paulo,Pinheiros,Zona Oeste,Apartamento,59,2,2,1,2008,18,2023,13711.48,808977.32
SP-000101,SP,São Paulo,Vila Mariana,Zona Sul,Apartamento,52,2,2,1,1980,46,2013,6432.06,334467.12
SP-000102,SP,São Paulo,Campo Belo,Zona Sul,Apartamento,66,2,1,1,2005,21,2024,12448.57,821605.62
SP-000103,SP,São Paulo,Ipiranga,Zona Sul,Apartamento,71,2,2,1,2007,19,2020,6746.44,478997.24
SP-000104,SP,São Paulo,Perdizes,Zona Oeste,Casa,218,5,4,3,1987,39,2020,11466.16,2499622.88
SP-000105,SP,São Paulo,Saúde,Zona Sul,Apartamento,39,1,1,1,2019,7,2019,8662.95,337855.05
SP-000106,SP,São Paulo,Brooklin,Zona Sul,Apartamento,130,3,3,2,2019,7,2015,9965.78,1295551.4
SP-000107,SP,São Paulo,Saúde,Zona Sul,Apartamento,162,3,4,3,2020,6,2016,8292.31,1343354.22
SP-000108,SP,São Paulo,Itaim Bibi,Zona Sul/Oeste,Apartamento,126,3,3,3,1979,47,2025,14749.93,1858491.18
SP-000109,SP,São Paulo,Vila Madalena,Zona Oeste,Apartamento,52,2,2,1,1997,29,2014,8330.73,433197.96
SP-000110,SP,São Paulo,Bela Vista,Centro/Sul,Apartamento,38,2,1,0,2025,1,2024,11574.96,439848.48
SP-000111,SP,São Paulo,Saúde,Zona Sul,Apartamento,33,1,1,0,1993,33,2014,5069.8,167303.4
SP-000112,SP,São Paulo,Mooca,Zona Leste,Apartamento,40,1,1,0,1989,37,2025,8495.58,339823.2
SP-000113,SP,São Paulo,Aclimação,Centro/Sul,Apartamento,46,1,1,1,2020,6,2021,9814.79,451480.34
SP-000114,SP,São Paulo,Tatuapé,Zona Leste,Apartamento,91,3,3,2,1998,28,2018,7972.04,725455.64
SP-000115,SP,São Paulo,Tatuapé,Zona Leste,Casa,183,4,4,5,2005,21,2024,10395.76,1902424.08
SP-000116,SP,São Paulo,Jardim Paulista,Zona Oeste,Apartamento,166,4,5,2,1999,27,2015,11792.05,1957480.3
SP-000117,SP,São Paulo,Itaim Bibi,Zona Sul/Oeste,Apartamento,72,2,2,1,2010,16,2015,12560.36,904345.92
SP-000118,SP,São Paulo,Campo Belo,Zona Sul,Apartamento,86,3,3,1,2017,9,2021,11680.59,1004530.74
SP-000119,SP,São Paulo,Aclimação,Centro/Sul,Casa,80,2,1,2,2016,10,2026,11410.55,912844.0
SP-000120,SP,São Paulo,Bela Vista,Centro/Sul,Apartamento,77,3,2,1,2022,4,2020,10202.24,785572.48
SP-000121,SP,São Paulo,Brooklin,Zona Sul,Apartamento,229,5,3,4,2008,18,2023,14500.34,3320577.86
SP-000122,SP,São Paulo,Saúde,Zona Sul,Apartamento,148,5,5,3,2017,9,2015,7937.13,1174695.24
SP-000123,SP,São Paulo,Vila Mariana,Zona Sul,Apartamento,33,1,1,0,2010,16,2019,8870.99,292742.67
SP-000124,SP,São Paulo,Bela Vista,Centro/Sul,Apartamento,102,3,3,3,2020,6,2016,9374.24,956172.48
SP-000125,SP,São Paulo,Tatuapé,Zona Leste,Casa,222,3,5,3,2005,21,2015,6965.24,1546283.28
SP-000126,SP,São Paulo,Bela Vista,Centro/Sul,Apartamento,97,3,3,2,2022,4,2021,10716.87,1039536.39
SP-000127,SP,São Paulo,Ipiranga,Zona Sul,Apartamento,118,3,3,2,2002,24,2026,9163.74,1081321.32
SP-000128,SP,São Paulo,Jardim Paulista,Zona Oeste,Apartamento,45,1,1,1,2024,2,2025,18021.68,810975.6
SP-000129,SP,São Paulo,Saúde,Zona Sul,Apartamento,40,2,1,0,2023,3,2014,7280.39,291215.6
SP-000130,SP,São Paulo,Santana,Zona Norte,Apartamento,43,1,1,1,1982,44,2021,6664.47,286572.21
SP-000131,SP,São Paulo,Perdizes,Zona Oeste,Casa,230,5,5,2,2014,12,2019,10646.12,2448607.6
SP-000132,SP,São Paulo,Ipiranga,Zona Sul,Apartamento,75,3,1,2,2020,6,2018,7769.89,582741.75
SP-000133,SP,São Paulo,Vila Madalena,Zona Oeste,Apartamento,46,1,1,0,2022,4,2015,10544.63,485052.98
SP-000134,SP,São Paulo,Mooca,Zona Leste,Apartamento,45,1,1,0,2005,21,2018,6978.49,314032.05
SP-000135,SP,São Paulo,Perdizes,Zona Oeste,Cobertura,126,4,3,2,1987,39,2024,17934.26,2259716.76
SP-000136,SP,São Paulo,Brooklin,Zona Sul,Apartamento,91,3,3,2,2011,15,2025,13695.54,1246294.14
SP-000137,SP,São Paulo,Morumbi,Zona Sul,Apartamento,151,3,4,2,2021,5,2021,9543.65,1441091.15
SP-000138,SP,São Paulo,Tatuapé,Zona Leste,Apartamento,139,2,3,2,2001,25,2026,10598.4,1473177.6
SP-000139,SP,São Paulo,Bela Vista,Centro/Sul,Apartamento,49,1,1,0,1999,27,2026,8596.38,421222.62
SP-000140,SP,São Paulo,Vila Mariana,Zona Sul,Apartamento,77,3,1,2,2024,2,2024,14881.59,1145882.43
SP-000141,SP,São Paulo,Jardim Paulista,Zona Oeste,Apartamento,98,3,3,1,2000,26,2013,10856.0,1063888.0
SP-000142,SP,São Paulo,Bela Vista,Centro/Sul,Apartamento,52,3,1,1,1978,48,2018,6375.2,331510.4
SP-000143,SP,São Paulo,Pinheiros,Zona Oeste,Apartamento,36,2,1,0,2025,1,2013,10722.61,386013.96
SP-000144,SP,São Paulo,Pinheiros,Zona Oeste,Casa,102,4,2,2,1996,30,2023,12829.28,1308586.56
SP-000145,SP,São Paulo,Lapa,Zona Oeste,Apartamento,96,3,2,2,2014,12,2018,8295.55,796372.8
SP-000146,SP,São Paulo,Moema,Zona Sul,Apartamento,69,2,2,1,2014,12,2024,15276.52,1054079.88
SP-000147,SP,São Paulo,Ipiranga,Zona Sul,Apartamento,115,3,3,1,1991,35,2023,8119.51,933743.65
SP-000148,SP,São Paulo,Saúde,Zona Sul,Apartamento,57,2,2,1,2013,13,2016,6955.76,396478.32
SP-000149,SP,São Paulo,Pinheiros,Zona Oeste,Casa,91,3,3,2,2000,26,2025,13850.03,1260352.73
SP-000150,SP,São Paulo,Perdizes,Zona Oeste,Casa,87,3,3,1,2017,9,2015,9360.0,814320.0
SP-000151,SP,São Paulo,Morumbi,Zona Sul,Apartamento,68,2,1,1,1995,31,2013,5299.27,360350.36
SP-000152,SP,São Paulo,Itaim Bibi,Zona Sul/Oeste,Casa,89,3,3,2,2002,24,2019,12544.79,1116486.31
SP-000153,SP,São Paulo,Pinheiros,Zona Oeste,Apartamento,77,3,1,2,2015,11,2020,13079.12,1007092.24
SP-000154,SP,São Paulo,Aclimação,Centro/Sul,Casa,193,4,5,2,2024,2,2024,11213.17,2164141.81
SP-000155,SP,São Paulo,Morumbi,Zona Sul,Apartamento,61,2,1,1,2020,6,2022,9189.32,560548.52
SP-000156,SP,São Paulo,Bela Vista,Centro/Sul,Apartamento,49,1,1,1,2022,4,2022,10643.57,521534.93
SP-000157,SP,São Paulo,Bela Vista,Centro/Sul,Apartamento,50,2,2,1,2017,9,2018,7840.55,392027.5
SP-000158,SP,São Paulo,Lapa,Zona Oeste,Apartamento,177,4,5,3,2007,19,2026,10189.61,1803560.97
SP-000159,SP,São Paulo,Bela Vista,Centro/Sul,Casa,221,4,4,4,2009,17,2014,7451.13,1646699.73
SP-000160,SP,São Paulo,Pinheiros,Zona Oeste,Casa,142,5,3,3,2015,11,2015,10476.37,1487644.54
SP-000161,SP,São Paulo,Brooklin,Zona Sul,Casa,168,5,3,3,1996,30,2022,10937.44,1837489.92
SP-000162,SP,São Paulo,Lapa,Zona Oeste,Apartamento,72,2,1,2,2012,14,2016,7820.74,563093.28
SP-000163,SP,São Paulo,Pinheiros,Zona Oeste,Casa,183,3,5,3,1976,50,2013,8399.89,1537179.87
SP-000164,SP,São Paulo,Tatuapé,Zona Leste,Apartamento,44,1,1,1,1990,36,2017,6572.29,289180.76
SP-000165,SP,São Paulo,Mooca,Zona Leste,Apartamento,100,3,3,3,2015,11,2017,8586.35,858635.0
SP-000166,SP,São Paulo,Aclimação,Centro/Sul,Cobertura,340,3,3,3,1989,37,2017,13378.53,4548700.2
SP-000167,SP,São Paulo,Vila Madalena,Zona Oeste,Apartamento,39,2,1,1,2012,14,2024,13832.79,539478.81
SP-000168,SP,São Paulo,Lapa,Zona Oeste,Apartamento,38,1,1,0,2002,24,2018,7286.3,276879.4
SP-000169,SP,São Paulo,Morumbi,Zona Sul,Casa,325,3,4,3,2017,9,2020,8272.65,2688611.25
SP-000170,SP,São Paulo,Pinheiros,Zona Oeste,Apartamento,83,2,2,2,2025,1,2023,17538.19,1455669.77
SP-000171,SP,São Paulo,Brooklin,Zona Sul,Casa,161,4,3,3,1988,38,2021,11661.22,1877456.42
SP-000172,SP,São Paulo,Pinheiros,Zona Oeste,Cobertura,281,5,4,2,1982,44,2021,15682.3,4406726.3
SP-000173,SP,São Paulo,Campo Belo,Zona Sul,Apartamento,49,1,1,1,2014,12,2018,10425.65,510856.85
SP-000174,SP,São Paulo,Santana,Zona Norte,Casa,153,4,4,3,1988,38,2018,6581.31,1006940.43
SP-000175,SP,São Paulo,Lapa,Zona Oeste,Apartamento,72,2,2,1,2004,22,2021,7685.15,553330.8
SP-000176,SP,São Paulo,Saúde,Zona Sul,Apartamento,67,3,2,2,2007,19,2015,6941.86,465104.62
SP-000177,SP,São Paulo,Bela Vista,Centro/Sul,Apartamento,61,2,2,1,2010,16,2024,9439.22,575792.42
SP-000178,SP,São Paulo,Mooca,Zona Leste,Apartamento,171,4,4,2,2014,12,2024,10413.72,1780746.12
SP-000179,SP,São Paulo,Santana,Zona Norte,Apartamento,75,2,2,2,1987,39,2025,9399.99,704999.25
SP-000180,SP,São Paulo,Tatuapé,Zona Leste,Apartamento,201,5,4,2,2017,9,2013,8067.88,1621643.88
SP-000181,SP,São Paulo,Bela Vista,Centro/Sul,Apartamento,47,2,1,0,2010,16,2019,7550.73,354884.31
SP-000182,SP,São Paulo,Vila Mariana,Zona Sul,Casa,150,5,4,4,2003,23,2025,13149.32,1972398.0
SP-000183,SP,São Paulo,Campo Belo,Zona Sul,Casa,117,3,3,2,2014,12,2020,10761.79,1259129.43
SP-000184,SP,São Paulo,Aclimação,Centro/Sul,Apartamento,81,2,2,1,2021,5,2019,9066.14,734357.34
SP-000185,SP,São Paulo,Aclimação,Centro/Sul,Apartamento,121,3,2,1,1996,30,2024,9942.78,1203076.38
SP-000186,SP,São Paulo,Mooca,Zona Leste,Apartamento,34,1,1,0,2004,22,2025,9635.01,327590.34
SP-000187,SP,São Paulo,Vila Mariana,Zona Sul,Apartamento,58,3,1,1,2005,21,2018,9827.39,569988.62
SP-000188,SP,São Paulo,Perdizes,Zona Oeste,Apartamento,45,1,1,0,1998,28,2026,11889.04,535006.8
SP-000189,SP,São Paulo,Campo Belo,Zona Sul,Apartamento,75,2,2,1,1996,30,2021,10340.96,775572.0
SP-000190,SP,São Paulo,Brooklin,Zona Sul,Casa,98,3,2,1,2014,12,2018,9138.53,895575.94
SP-000191,SP,São Paulo,Bela Vista,Centro/Sul,Apartamento,58,2,2,1,2011,15,2014,6700.02,388601.16
SP-000192,SP,São Paulo,Lapa,Zona Oeste,Apartamento,56,3,1,1,2010,16,2026,9793.16,548416.96
SP-000193,SP,São Paulo,Brooklin,Zona Sul,Casa,88,4,2,2,2023,3,2025,14269.34,1255701.92
SP-000194,SP,São Paulo,Perdizes,Zona Oeste,Apartamento,74,2,1,1,2019,7,2013,9410.99,696413.26
SP-000195,SP,São Paulo,Jardim Paulista,Zona Oeste,Apartamento,53,2,1,1,1998,28,2014,9755.56,517044.68
SP-000196,SP,São Paulo,Jardim Paulista,Zona Oeste,Casa,128,4,3,2,1991,35,2018,11842.5,1515840.0
SP-000197,SP,São Paulo,Lapa,Zona Oeste,Apartamento,53,3,2,2,2010,16,2025,9368.25,496517.25
SP-000198,SP,São Paulo,Campo Belo,Zona Sul,Apartamento,85,3,3,2,1978,48,2023,11235.84,955046.4
SP-000199,SP,São Paulo,Pinheiros,Zona Oeste,Apartamento,73,2,2,2,2021,5,2016,12749.99,930749.27
SP-000200,SP,São Paulo,Perdizes,Zona Oeste,Apartamento,61,2,1,1,2003,23,2020,10446.84,637257.24
SP-000201,SP,São Paulo,Bela Vista,Centro/Sul,Cobertura,340,5,3,4,2006,20,2025,14337.89,4874882.6
SP-000202,SP,São Paulo,Vila Madalena,Zona Oeste,Casa,126,3,3,2,2007,19,2014,9685.94,1220428.44
SP-000203,SP,São Paulo,Campo Belo,Zona Sul,Apartamento,45,1,1,1,1988,38,2026,12906.67,580800.15
SP-000204,SP,São Paulo,Brooklin,Zona Sul,Casa,93,3,3,2,2013,13,2016,9990.59,929124.87
SP-000205,SP,São Paulo,Vila Madalena,Zona Oeste,Casa,110,3,3,1,2007,19,2025,12720.87,1399295.7
SP-000206,SP,São Paulo,Pinheiros,Zona Oeste,Apartamento,45,2,1,0,2005,21,2018,11010.94,495492.3
SP-000207,SP,São Paulo,Vila Mariana,Zona Sul,Apartamento,44,2,1,1,2001,25,2022,10925.94,480741.36
SP-000208,SP,São Paulo,Moema,Zona Sul,Apartamento,115,2,3,1,2014,12,2017,12008.96,1381030.4
SP-000209,SP,São Paulo,Morumbi,Zona Sul,Apartamento,74,3,1,2,2008,18,2021,8354.26,618215.24
SP-000210,SP,São Paulo,Pinheiros,Zona Oeste,Apartamento,151,3,4,4,1997,29,2022,14164.82,2138887.82
SP-000211,SP,São Paulo,Pinheiros,Zona Oeste,Apartamento,74,2,2,1,2007,19,2013,9664.81,715195.94
SP-000212,SP,São Paulo,Vila Madalena,Zona Oeste,Apartamento,88,2,2,1,1980,46,2019,10693.44,941022.72
SP-000213,SP,São Paulo,Vila Madalena,Zona Oeste,Apartamento,247,5,5,4,2004,22,2026,14822.35,3661120.45
SP-000214,SP,São Paulo,Vila Madalena,Zona Oeste,Apartamento,32,1,1,1,2018,8,2022,12201.74,390455.68
SP-000215,SP,São Paulo,Brooklin,Zona Sul,Casa,157,3,3,3,2013,13,2014,9458.39,1484967.23
SP-000216,SP,São Paulo,Tatuapé,Zona Leste,Casa,88,3,3,2,1999,27,2020,7578.94,666946.72
SP-000217,SP,São Paulo,Pinheiros,Zona Oeste,Apartamento,73,2,1,1,2001,25,2020,11608.25,847402.25
SP-000218,SP,São Paulo,Bela Vista,Centro/Sul,Apartamento,251,4,4,4,2022,4,2020,10209.58,2562604.58
SP-000219,SP,São Paulo,Bela Vista,Centro/Sul,Casa,97,4,3,2,1997,29,2025,9155.87,888119.39
SP-000220,SP,São Paulo,Santana,Zona Norte,Apartamento,108,3,3,2,1989,37,2016,5839.52,630668.16
SP-000221,SP,São Paulo,Santana,Zona Norte,Apartamento,63,2,2,1,2018,8,2013,6326.58,398574.54
SP-000222,SP,São Paulo,Vila Madalena,Zona Oeste,Apartamento,44,1,1,1,2007,19,2020,12232.04,538209.76
SP-000223,SP,São Paulo,Brooklin,Zona Sul,Apartamento,42,1,1,1,2022,4,2014,9104.88,382404.96
SP-000224,SP,São Paulo,Campo Belo,Zona Sul,Apartamento,32,2,1,0,2010,16,2016,9092.76,290968.32
SP-000225,SP,São Paulo,Ipiranga,Zona Sul,Apartamento,52,2,1,1,2018,8,2017,7049.66,366582.32
SP-000226,SP,São Paulo,Tatuapé,Zona Leste,Casa,156,3,3,2,2012,14,2017,6477.75,1010529.0
SP-000227,SP,São Paulo,Saúde,Zona Sul,Apartamento,55,3,2,1,2019,7,2016,7369.3,405311.5
SP-000228,SP,São Paulo,Jardim Paulista,Zona Oeste,Apartamento,105,3,3,2,2008,18,2026,16607.19,1743754.95
SP-000229,SP,São Paulo,Saúde,Zona Sul,Apartamento,101,3,3,2,2016,10,2024,9462.05,955667.05
SP-000230,SP,São Paulo,Ipiranga,Zona Sul,Apartamento,34,2,1,1,1986,40,2016,5919.91,201276.94
SP-000231,SP,São Paulo,Santana,Zona Norte,Apartamento,101,2,3,2,2014,12,2016,7097.84,716881.84
SP-000232,SP,São Paulo,Morumbi,Zona Sul,Apartamento,50,2,1,2,2011,15,2022,7408.53,370426.5
SP-000233,SP,São Paulo,Santana,Zona Norte,Apartamento,159,3,4,4,2023,3,2015,8231.89,1308870.51
SP-000234,SP,São Paulo,Ipiranga,Zona Sul,Apartamento,38,1,1,1,2024,2,2016,8015.88,304603.44
SP-000235,SP,São Paulo,Aclimação,Centro/Sul,Casa,181,3,4,2,2019,7,2016,8580.68,1553103.08
SP-000236,SP,São Paulo,Jardim Paulista,Zona Oeste,Apartamento,46,1,1,0,1999,27,2022,13642.26,627543.96
SP-000237,SP,São Paulo,Saúde,Zona Sul,Apartamento,57,3,1,1,1998,28,2018,7150.54,407580.78
SP-000238,SP,São Paulo,Jardim Paulista,Zona Oeste,Apartamento,135,2,3,3,2018,8,2018,17177.91,2319017.85
SP-000239,SP,São Paulo,Lapa,Zona Oeste,Casa,117,3,3,3,2004,22,2022,9010.29,1054203.93
SP-000240,SP,São Paulo,Vila Madalena,Zona Oeste,Apartamento,164,5,3,2,2007,19,2021,11607.77,1903674.28
SP-000241,SP,São Paulo,Jardim Paulista,Zona Oeste,Apartamento,69,2,1,2,1986,40,2018,12055.8,831850.2
SP-000242,SP,São Paulo,Ipiranga,Zona Sul,Apartamento,116,3,2,2,1985,41,2018,6340.5,735498.0
SP-000243,SP,São Paulo,Pinheiros,Zona Oeste,Apartamento,79,2,1,1,2021,5,2015,11391.8,899952.2
SP-000244,SP,São Paulo,Ipiranga,Zona Sul,Apartamento,67,3,2,1,1997,29,2016,6483.59,434400.53
SP-000245,SP,São Paulo,Brooklin,Zona Sul,Casa,100,4,3,2,2022,4,2024,14719.51,1471951.0
SP-000246,SP,São Paulo,Moema,Zona Sul,Casa,192,4,4,3,2010,16,2016,12639.15,2426716.8
SP-000247,SP,São Paulo,Mooca,Zona Leste,Casa,94,2,2,2,2024,2,2020,8730.14,820633.16
SP-000248,SP,São Paulo,Campo Belo,Zona Sul,Apartamento,65,2,2,1,2023,3,2020,12064.28,784178.2
SP-000249,SP,São Paulo,Morumbi,Zona Sul,Casa,92,3,3,1,2023,3,2014,7286.99,670403.08
SP-000250,SP,São Paulo,Morumbi,Zona Sul,Apartamento,186,5,3,4,2006,20,2018,7647.32,1422401.52
SP-000251,SP,São Paulo,Morumbi,Zona Sul,Cobertura,208,4,3,4,2008,18,2017,10437.71,2171043.68
SP-000252,SP,São Paulo,Vila Madalena,Zona Oeste,Apartamento,109,3,2,3,2010,16,2021,12922.02,1408500.18
SP-000253,SP,São Paulo,Campo Belo,Zona Sul,Casa,179,5,5,3,2010,16,2015,8420.09,1507196.11
SP-000254,SP,São Paulo,Moema,Zona Sul,Casa,88,2,3,2,2010,16,2017,10621.94,934730.72
SP-000255,SP,São Paulo,Pinheiros,Zona Oeste,Apartamento,74,2,2,1,2007,19,2022,13588.91,1005579.34
SP-000256,SP,São Paulo,Moema,Zona Sul,Apartamento,49,1,1,0,2017,9,2014,11148.62,546282.38
SP-000257,SP,São Paulo,Vila Mariana,Zona Sul,Apartamento,113,3,3,2,2015,11,2013,7348.22,830348.86
SP-000258,SP,São Paulo,Moema,Zona Sul,Casa,274,5,4,4,2005,21,2016,11852.48,3247579.52
SP-000259,SP,São Paulo,Santana,Zona Norte,Casa,157,4,3,3,2014,12,2018,7298.52,1145867.64
SP-000260,SP,São Paulo,Brooklin,Zona Sul,Apartamento,61,2,2,1,2005,21,2026,13071.9,797385.9
SP-000261,SP,São Paulo,Perdizes,Zona Oeste,Apartamento,194,5,4,4,2021,5,2015,11157.64,2164582.16
SP-000262,SP,São Paulo,Campo Belo,Zona Sul,Apartamento,77,2,1,1,2020,6,2024,13468.8,1037097.6
SP-000263,SP,São Paulo,Jardim Paulista,Zona Oeste,Apartamento,60,2,2,1,1996,30,2013,10292.32,617539.2
SP-000264,SP,São Paulo,Jardim Paulista,Zona Oeste,Apartamento,81,2,2,1,2022,4,2014,11413.92,924527.52
SP-000265,SP,São Paulo,Morumbi,Zona Sul,Apartamento,57,2,2,1,2019,7,2026,9192.64,523980.48
SP-000266,SP,São Paulo,Vila Madalena,Zona Oeste,Apartamento,65,2,2,1,1988,38,2025,13084.0,850460.0
SP-000267,SP,São Paulo,Itaim Bibi,Zona Sul/Oeste,Apartamento,49,1,1,1,2016,10,2020,16326.84,800015.16
SP-000268,SP,São Paulo,Brooklin,Zona Sul,Casa,164,3,4,2,2006,20,2021,11118.02,1823355.28
SP-000269,SP,São Paulo,Bela Vista,Centro/Sul,Apartamento,46,1,1,1,2014,12,2014,6406.85,294715.1
SP-000270,SP,São Paulo,Aclimação,Centro/Sul,Apartamento,139,3,3,2,2008,18,2022,8955.81,1244857.59
SP-000271,SP,São Paulo,Santana,Zona Norte,Apartamento,58,2,2,1,1994,32,2015,5737.27,332761.66
SP-000272,SP,São Paulo,Itaim Bibi,Zona Sul/Oeste,Apartamento,43,1,1,0,2019,7,2013,11607.76,499133.68
SP-000273,SP,São Paulo,Campo Belo,Zona Sul,Apartamento,108,3,3,2,1986,40,2021,10666.2,1151949.6
SP-000274,SP,São Paulo,Saúde,Zona Sul,Apartamento,55,3,2,1,2004,22,2015,6274.16,345078.8
SP-000275,SP,São Paulo,Morumbi,Zona Sul,Apartamento,109,2,3,1,2017,9,2024,10291.06,1121725.54
SP-000276,SP,São Paulo,Pinheiros,Zona Oeste,Apartamento,52,2,2,2,2019,7,2016,13208.69,686851.88
SP-000277,SP,São Paulo,Itaim Bibi,Zona Sul/Oeste,Apartamento,159,4,4,3,2001,25,2021,15767.07,2506964.13
SP-000278,SP,São Paulo,Aclimação,Centro/Sul,Apartamento,125,3,2,3,1988,38,2019,8697.05,1087131.25
SP-000279,SP,São Paulo,Perdizes,Zona Oeste,Casa,80,2,1,1,2025,1,2014,9123.57,729885.6
SP-000280,SP,São Paulo,Ipiranga,Zona Sul,Apartamento,79,3,2,1,2007,19,2020,7472.06,590292.74
SP-000281,SP,São Paulo,Moema,Zona Sul,Apartamento,102,3,3,2,2010,16,2018,11220.53,1144494.06
SP-000282,SP,São Paulo,Morumbi,Zona Sul,Apartamento,87,3,2,1,2003,23,2018,6734.14,585870.18
SP-000283,SP,São Paulo,Vila Madalena,Zona Oeste,Apartamento,51,2,1,1,1981,45,2013,7085.06,361338.06
SP-000284,SP,São Paulo,Mooca,Zona Leste,Apartamento,66,3,2,1,2015,11,2017,7680.48,506911.68
SP-000285,SP,São Paulo,Jardim Paulista,Zona Oeste,Apartamento,33,1,1,1,2025,1,2026,19049.32,628627.56
SP-000286,SP,São Paulo,Mooca,Zona Leste,Apartamento,48,1,1,0,1991,35,2014,5597.56,268682.88
SP-000287,SP,São Paulo,Tatuapé,Zona Leste,Casa,112,3,3,3,1988,38,2022,8026.82,899003.84
SP-000288,SP,São Paulo,Lapa,Zona Oeste,Apartamento,67,2,2,1,1980,46,2018,6506.07,435906.69
SP-000289,SP,São Paulo,Moema,Zona Sul,Apartamento,40,1,1,1,1997,29,2015,10357.37,414294.8
SP-000290,SP,São Paulo,Jardim Paulista,Zona Oeste,Apartamento,380,3,5,3,2012,14,2020,14361.46,5457354.8
SP-000291,SP,São Paulo,Ipiranga,Zona Sul,Apartamento,69,2,1,1,2000,26,2018,6424.68,443302.92
SP-000292,SP,São Paulo,Jardim Paulista,Zona Oeste,Casa,248,4,4,4,1989,37,2023,13963.51,3462950.48
SP-000293,SP,São Paulo,Mooca,Zona Leste,Apartamento,46,2,1,1,1983,43,2020,6795.04,312571.84
SP-000294,SP,São Paulo,Morumbi,Zona Sul,Apartamento,71,2,1,1,2018,8,2018,7219.61,512592.31
SP-000295,SP,São Paulo,Lapa,Zona Oeste,Apartamento,70,3,2,1,2023,3,2015,8382.03,586742.1
SP-000296,SP,São Paulo,Jardim Paulista,Zona Oeste,Casa,84,2,2,1,2008,18,2021,13344.68,1120953.12
SP-000297,SP,São Paulo,Brooklin,Zona Sul,Apartamento,33,2,1,0,2022,4,2023,13406.74,442422.42
SP-000298,SP,São Paulo,Mooca,Zona Leste,Casa,152,5,4,4,2010,16,2026,10435.36,1586174.72
SP-000299,SP,São Paulo,Lapa,Zona Oeste,Cobertura,261,3,3,4,1994,32,2022,13507.05,3525340.05
SP-000300,SP,São Paulo,Vila Madalena,Zona Oeste,Apartamento,80,3,2,1,2024,2,2024,16553.85,1324308.0
SP-000301,SP,São Paulo,Brooklin,Zona Sul,Apartamento,55,2,1,1,2017,9,2026,14646.24,805543.2
SP-000302,SP,São Paulo,Santana,Zona Norte,Apartamento,65,2,1,1,1976,50,2015,5209.74,338633.1
SP-000303,SP,São Paulo,Tatuapé,Zona Leste,Apartamento,35,1,1,0,2008,18,2014,6229.64,218037.4
SP-000304,SP,São Paulo,Brooklin,Zona Sul,Apartamento,138,3,3,2,1991,35,2019,9764.16,1347454.08
SP-000305,SP,São Paulo,Campo Belo,Zona Sul,Apartamento,51,2,1,2,1980,46,2015,6628.72,338064.72
SP-000306,SP,São Paulo,Tatuapé,Zona Leste,Casa,160,3,4,4,2011,15,2016,7877.46,1260393.6
SP-000307,SP,São Paulo,Lapa,Zona Oeste,Apartamento,143,4,4,2,2009,17,2025,9194.8,1314856.4
SP-000308,SP,São Paulo,Ipiranga,Zona Sul,Apartamento,100,3,3,3,1975,51,2022,7900.75,790075.0
SP-000309,SP,São Paulo,Aclimação,Centro/Sul,Apartamento,92,3,2,2,2002,24,2024,10933.13,1005847.96
SP-000310,SP,São Paulo,Bela Vista,Centro/Sul,Apartamento,57,3,1,2,2023,3,2015,8523.82,485857.74
SP-000311,SP,São Paulo,Vila Madalena,Zona Oeste,Apartamento,54,2,2,1,1981,45,2025,12007.59,648409.86
SP-000312,SP,São Paulo,Santana,Zona Norte,Apartamento,167,4,3,2,1998,28,2023,7356.33,1228507.11
SP-000313,SP,São Paulo,Bela Vista,Centro/Sul,Cobertura,371,4,4,3,1987,39,2018,10994.4,4078922.4
SP-000314,SP,São Paulo,Bela Vista,Centro/Sul,Apartamento,56,3,2,1,2021,5,2025,9840.52,551069.12
SP-000315,SP,São Paulo,Campo Belo,Zona Sul,Casa,97,3,3,2,2017,9,2018,10885.66,1055909.02
SP-000316,SP,São Paulo,Aclimação,Centro/Sul,Apartamento,54,3,1,2,2025,1,2024,11994.13,647683.02
SP-000317,SP,São Paulo,Mooca,Zona Leste,Apartamento,100,3,2,2,1983,43,2018,6824.05,682405.0
SP-000318,SP,São Paulo,Pinheiros,Zona Oeste,Apartamento,33,1,1,0,1989,37,2022,11558.7,381437.1
SP-000319,SP,São Paulo,Bela Vista,Centro/Sul,Apartamento,126,2,2,2,1976,50,2023,7367.29,928278.54
SP-000320,SP,São Paulo,Ipiranga,Zona Sul,Apartamento,70,2,1,1,2025,1,2023,9676.31,677341.7
SP-000321,SP,São Paulo,Vila Madalena,Zona Oeste,Apartamento,50,3,1,1,1978,48,2017,10002.55,500127.5
SP-000322,SP,São Paulo,Jardim Paulista,Zona Oeste,Apartamento,33,2,1,1,2022,4,2015,13903.9,458828.7
SP-000323,SP,São Paulo,Brooklin,Zona Sul,Apartamento,35,1,1,0,1991,35,2020,10697.64,374417.4
SP-000324,SP,São Paulo,Bela Vista,Centro/Sul,Apartamento,44,1,1,1,2024,2,2021,10263.78,451606.32
SP-000325,SP,São Paulo,Mooca,Zona Leste,Cobertura,138,3,3,3,1985,41,2021,10915.27,1506307.26
SP-000326,SP,São Paulo,Mooca,Zona Leste,Cobertura,159,4,3,3,2010,16,2016,11529.49,1833188.91
SP-000327,SP,São Paulo,Perdizes,Zona Oeste,Apartamento,84,2,2,1,2007,19,2021,9760.55,819886.2
SP-000328,SP,São Paulo,Pinheiros,Zona Oeste,Apartamento,179,4,5,4,2009,17,2017,12279.03,2197946.37
SP-000329,SP,São Paulo,Saúde,Zona Sul,Apartamento,69,3,2,2,2006,20,2026,9229.45,636832.05
SP-000330,SP,São Paulo,Mooca,Zona Leste,Casa,155,3,4,3,2021,5,2024,10221.35,1584309.25
SP-000331,SP,São Paulo,Bela Vista,Centro/Sul,Apartamento,40,1,1,0,2006,20,2015,6269.04,250761.6
SP-000332,SP,São Paulo,Ipiranga,Zona Sul,Cobertura,393,4,5,4,2009,17,2014,10699.16,4204769.88
SP-000333,SP,São Paulo,Jardim Paulista,Zona Oeste,Apartamento,100,4,3,3,2014,12,2019,15311.2,1531120.0
SP-000334,SP,São Paulo,Jardim Paulista,Zona Oeste,Apartamento,105,2,3,1,2023,3,2022,17801.53,1869160.65
SP-000335,SP,São Paulo,Brooklin,Zona Sul,Casa,82,2,2,1,1997,29,2023,9837.8,806699.6
SP-000336,SP,São Paulo,Pinheiros,Zona Oeste,Cobertura,172,4,3,2,1981,45,2025,17176.57,2954370.04
SP-000337,SP,São Paulo,Moema,Zona Sul,Cobertura,197,5,4,3,2012,14,2026,26043.98,5130664.06
SP-000338,SP,São Paulo,Itaim Bibi,Zona Sul/Oeste,Apartamento,33,2,1,1,2023,3,2016,14532.3,479565.9
SP-000339,SP,São Paulo,Vila Madalena,Zona Oeste,Apartamento,83,2,2,1,1992,34,2014,7652.34,635144.22
SP-000340,SP,São Paulo,Bela Vista,Centro/Sul,Casa,119,4,3,2,1999,27,2024,9182.33,1092697.27
SP-000341,SP,São Paulo,Saúde,Zona Sul,Casa,96,3,2,2,2008,18,2014,5893.8,565804.8
SP-000342,SP,São Paulo,Jardim Paulista,Zona Oeste,Apartamento,55,3,2,1,2022,4,2013,11860.4,652322.0
SP-000343,SP,São Paulo,Pinheiros,Zona Oeste,Casa,91,4,3,2,2002,24,2016,10117.63,920704.33
SP-000344,SP,São Paulo,Campo Belo,Zona Sul,Apartamento,52,3,1,1,2005,21,2018,9944.19,517097.88
SP-000345,SP,São Paulo,Moema,Zona Sul,Casa,318,3,4,4,1982,44,2016,10000.53,3180168.54
SP-000346,SP,São Paulo,Aclimação,Centro/Sul,Casa,102,2,2,3,2020,6,2023,11551.49,1178251.98
SP-000347,SP,São Paulo,Jardim Paulista,Zona Oeste,Cobertura,182,3,4,3,2018,8,2017,21600.41,3931274.62
SP-000348,SP,São Paulo,Ipiranga,Zona Sul,Cobertura,155,5,4,2,1981,45,2021,9003.41,1395528.55
SP-000349,SP,São Paulo,Vila Madalena,Zona Oeste,Apartamento,40,2,1,0,2009,17,2021,11168.38,446735.2
SP-000350,SP,São Paulo,Vila Mariana,Zona Sul,Apartamento,38,2,1,0,2023,3,2019,11195.07,425412.66
SP-000351,SP,São Paulo,Pinheiros,Zona Oeste,Casa,96,3,2,1,1994,32,2025,12867.25,1235256.0
SP-000352,SP,São Paulo,Santana,Zona Norte,Casa,126,3,2,3,2008,18,2015,6551.03,825429.78
SP-000353,SP,São Paulo,Ipiranga,Zona Sul,Apartamento,103,3,3,1,2021,5,2020,8239.41,848659.23
SP-000354,SP,São Paulo,Perdizes,Zona Oeste,Apartamento,57,2,2,1,2025,1,2015,12539.02,714724.14
SP-000355,SP,São Paulo,Morumbi,Zona Sul,Casa,97,4,3,2,2011,15,2024,7451.38,722783.86
SP-000356,SP,São Paulo,Vila Madalena,Zona Oeste,Apartamento,70,3,2,1,2000,26,2019,11034.54,772417.8
SP-000357,SP,São Paulo,Morumbi,Zona Sul,Apartamento,47,1,1,0,1993,33,2024,6805.56,319861.32
SP-000358,SP,São Paulo,Saúde,Zona Sul,Apartamento,47,1,1,1,1997,29,2013,5929.43,278683.21
SP-000359,SP,São Paulo,Vila Madalena,Zona Oeste,Apartamento,162,4,4,3,1994,32,2019,11145.84,1805626.08
SP-000360,SP,São Paulo,Aclimação,Centro/Sul,Casa,84,2,1,2,2023,3,2020,9503.93,798330.12
SP-000361,SP,São Paulo,Vila Madalena,Zona Oeste,Cobertura,217,4,4,3,2011,15,2014,14103.22,3060398.74
SP-000362,SP,São Paulo,Moema,Zona Sul,Apartamento,84,2,2,1,1999,27,2022,12178.93,1023030.12
SP-000363,SP,São Paulo,Lapa,Zona Oeste,Cobertura,215,4,3,3,1999,27,2018,11934.72,2565964.8
SP-000364,SP,São Paulo,Perdizes,Zona Oeste,Apartamento,82,2,2,1,2015,11,2013,8595.66,704844.12
SP-000365,SP,São Paulo,Pinheiros,Zona Oeste,Casa,121,3,2,3,2024,2,2022,14758.31,1785755.51
SP-000366,SP,São Paulo,Santana,Zona Norte,Apartamento,155,4,5,3,1977,49,2016,6488.11,1005657.05
SP-000367,SP,São Paulo,Campo Belo,Zona Sul,Casa,344,3,3,3,1993,33,2018,9453.35,3251952.4
SP-000368,SP,São Paulo,Lapa,Zona Oeste,Apartamento,57,3,1,1,2006,20,2021,8091.77,461230.89
SP-000369,SP,São Paulo,Campo Belo,Zona Sul,Apartamento,79,3,1,2,2017,9,2020,12319.15,973212.85
SP-000370,SP,São Paulo,Saúde,Zona Sul,Apartamento,51,2,1,1,1997,29,2020,7088.0,361488.0
SP-000371,SP,São Paulo,Morumbi,Zona Sul,Apartamento,129,3,3,2,2024,2,2022,9859.11,1271825.19
SP-000372,SP,São Paulo,Perdizes,Zona Oeste,Apartamento,47,2,1,0,2017,9,2026,14282.55,671279.85
SP-000373,SP,São Paulo,Perdizes,Zona Oeste,Casa,112,4,3,2,2001,25,2024,12927.29,1447856.48
SP-000374,SP,São Paulo,Mooca,Zona Leste,Apartamento,58,2,2,1,2020,6,2020,8371.7,485558.6
SP-000375,SP,São Paulo,Pinheiros,Zona Oeste,Apartamento,32,1,1,0,2019,7,2022,13933.32,445866.24
SP-000376,SP,São Paulo,Jardim Paulista,Zona Oeste,Apartamento,55,2,1,1,1999,27,2015,10061.24,553368.2
SP-000377,SP,São Paulo,Morumbi,Zona Sul,Apartamento,81,3,2,1,2019,7,2024,9196.85,744944.85
SP-000378,SP,São Paulo,Jardim Paulista,Zona Oeste,Casa,133,3,2,2,2006,20,2022,13372.27,1778511.91
SP-000379,SP,São Paulo,Santana,Zona Norte,Apartamento,49,1,1,0,2023,3,2017,7454.54,365272.46
SP-000380,SP,São Paulo,Santana,Zona Norte,Apartamento,103,4,2,2,1994,32,2018,6254.58,644221.74
SP-000381,SP,São Paulo,Campo Belo,Zona Sul,Apartamento,89,3,3,2,2015,11,2025,13496.35,1201175.15
SP-000382,SP,São Paulo,Vila Madalena,Zona Oeste,Apartamento,67,2,2,1,2009,17,2018,11119.28,744991.76
SP-000383,SP,São Paulo,Saúde,Zona Sul,Apartamento,43,1,1,1,2014,12,2015,5966.88,256575.84
SP-000384,SP,São Paulo,Lapa,Zona Oeste,Apartamento,68,2,2,1,2011,15,2023,8497.5,577830.0
SP-000385,SP,São Paulo,Tatuapé,Zona Leste,Apartamento,63,2,2,1,2018,8,2025,10274.47,647291.61
SP-000386,SP,São Paulo,Ipiranga,Zona Sul,Apartamento,38,1,1,0,2024,2,2019,8331.24,316587.12
SP-000387,SP,São Paulo,Vila Madalena,Zona Oeste,Casa,129,3,2,2,2015,11,2022,11878.62,1532341.98
SP-000388,SP,São Paulo,Lapa,Zona Oeste,Casa,100,2,3,2,1995,31,2022,7270.57,727057.0
SP-000389,SP,São Paulo,Itaim Bibi,Zona Sul/Oeste,Apartamento,61,2,2,1,2022,4,2021,16326.58,995921.38
SP-000390,SP,São Paulo,Santana,Zona Norte,Apartamento,54,3,2,1,1977,49,2026,7356.94,397274.76
SP-000391,SP,São Paulo,Brooklin,Zona Sul,Casa,175,5,4,5,2004,22,2021,13050.25,2283793.75
SP-000392,SP,São Paulo,Lapa,Zona Oeste,Apartamento,49,1,1,0,2024,2,2022,8120.02,397880.98
SP-000393,SP,São Paulo,Brooklin,Zona Sul,Apartamento,52,2,1,2,2003,23,2023,13513.68,702711.36
SP-000394,SP,São Paulo,Ipiranga,Zona Sul,Apartamento,98,3,2,2,2014,12,2014,6116.34,599401.32
SP-000395,SP,São Paulo,Vila Madalena,Zona Oeste,Apartamento,95,2,2,2,2002,24,2022,14172.91,1346426.45
SP-000396,SP,São Paulo,Perdizes,Zona Oeste,Apartamento,73,2,2,2,2023,3,2019,12055.1,880022.3
SP-000397,SP,São Paulo,Tatuapé,Zona Leste,Apartamento,46,1,1,0,2005,21,2023,8495.43,390789.78
SP-000398,SP,São Paulo,Bela Vista,Centro/Sul,Apartamento,71,2,2,1,2018,8,2013,6768.82,480586.22
SP-000399,SP,São Paulo,Ipiranga,Zona Sul,Apartamento,157,4,4,3,2016,10,2015,7805.25,1225424.25
SP-000400,SP,São Paulo,Santana,Zona Norte,Apartamento,80,3,2,2,2020,6,2022,8446.92,675753.6
SP-000401,SP,São Paulo,Perdizes,Zona Oeste,Casa,112,3,2,2,2019,7,2016,9956.03,1115075.36
SP-000402,SP,São Paulo,Saúde,Zona Sul,Apartamento,42,1,1,1,2001,25,2020,7035.62,295496.04
SP-000403,SP,São Paulo,Vila Mariana,Zona Sul,Cobertura,230,5,4,5,2020,6,2014,18095.97,4162073.1
SP-000404,SP,São Paulo,Morumbi,Zona Sul,Apartamento,132,3,3,1,1989,37,2016,5629.32,743070.24
SP-000405,SP,São Paulo,Morumbi,Zona Sul,Apartamento,143,4,4,2,1977,49,2026,8018.33,1146621.19
SP-000406,SP,São Paulo,Moema,Zona Sul,Apartamento,54,2,2,1,2021,5,2022,15137.86,817444.44
SP-000407,SP,São Paulo,Pinheiros,Zona Oeste,Apartamento,69,3,1,1,2004,22,2016,11810.26,814907.94
SP-000408,SP,São Paulo,Vila Madalena,Zona Oeste,Cobertura,277,4,5,3,2025,1,2016,20987.49,5813534.73
SP-000409,SP,São Paulo,Mooca,Zona Leste,Casa,112,4,2,2,2003,23,2018,7625.66,854073.92
SP-000410,SP,São Paulo,Campo Belo,Zona Sul,Apartamento,77,2,1,1,2011,15,2013,8792.73,677040.21
SP-000411,SP,São Paulo,Aclimação,Centro/Sul,Apartamento,34,1,1,0,2021,5,2026,11010.36,374352.24
SP-000412,SP,São Paulo,Brooklin,Zona Sul,Casa,151,5,5,3,2024,2,2015,10404.26,1571043.26
SP-000413,SP,São Paulo,Ipiranga,Zona Sul,Apartamento,92,2,3,2,2023,3,2022,10159.49,934673.08
SP-000414,SP,São Paulo,Morumbi,Zona Sul,Apartamento,200,4,4,4,2012,14,2025,10423.53,2084706.0
SP-000415,SP,São Paulo,Campo Belo,Zona Sul,Cobertura,214,4,4,5,1979,47,2022,16504.82,3532031.48
SP-000416,SP,São Paulo,Vila Mariana,Zona Sul,Apartamento,118,4,2,2,2004,22,2013,8478.34,1000444.12
SP-000417,SP,São Paulo,Aclimação,Centro/Sul,Apartamento,60,2,1,1,1992,34,2023,8077.35,484641.0
SP-000418,SP,São Paulo,Brooklin,Zona Sul,Apartamento,43,1,1,0,2014,12,2025,11860.56,510004.08
SP-000419,SP,São Paulo,Ipiranga,Zona Sul,Apartamento,42,2,1,0,2000,26,2016,6005.88,252246.96
SP-000420,SP,São Paulo,Pinheiros,Zona Oeste,Casa,194,3,4,3,2016,10,2026,16174.78,3137907.32
SP-000421,SP,São Paulo,Saúde,Zona Sul,Apartamento,62,2,2,1,1975,51,2024,7033.46,436074.52
SP-000422,SP,São Paulo,Santana,Zona Norte,Apartamento,99,4,2,2,2011,15,2024,7399.74,732574.26
SP-000423,SP,São Paulo,Vila Mariana,Zona Sul,Apartamento,52,2,2,1,2018,8,2020,9086.11,472477.72
SP-000424,SP,São Paulo,Vila Mariana,Zona Sul,Apartamento,85,3,3,3,2019,7,2019,10967.75,932258.75
SP-000425,SP,São Paulo,Santana,Zona Norte,Cobertura,226,4,5,3,1992,34,2015,8479.63,1916396.38
SP-000426,SP,São Paulo,Perdizes,Zona Oeste,Casa,97,3,3,2,1992,34,2015,8321.91,807225.27
SP-000427,SP,São Paulo,Perdizes,Zona Oeste,Cobertura,243,3,5,4,2011,15,2021,19335.87,4698616.41
SP-000428,SP,São Paulo,Vila Madalena,Zona Oeste,Apartamento,45,1,1,0,2015,11,2021,10810.85,486488.25
SP-000429,SP,São Paulo,Jardim Paulista,Zona Oeste,Apartamento,34,1,1,0,2022,4,2014,11729.98,398819.32
SP-000430,SP,São Paulo,Santana,Zona Norte,Apartamento,165,5,4,5,2008,18,2014,6267.49,1034135.85
SP-000431,SP,São Paulo,Lapa,Zona Oeste,Casa,183,4,4,4,2007,19,2013,7250.09,1326766.47
SP-000432,SP,São Paulo,Santana,Zona Norte,Casa,125,3,3,1,2004,22,2026,8041.24,1005155.0
SP-000433,SP,São Paulo,Ipiranga,Zona Sul,Apartamento,60,3,1,1,2013,13,2021,8004.64,480278.4
SP-000434,SP,São Paulo,Campo Belo,Zona Sul,Casa,178,3,4,3,1991,35,2015,8128.51,1446874.78
SP-000435,SP,São Paulo,Santana,Zona Norte,Apartamento,147,4,4,2,2013,13,2020,7654.83,1125260.01
SP-000436,SP,São Paulo,Ipiranga,Zona Sul,Apartamento,69,3,1,1,2011,15,2017,6448.15,444922.35
SP-000437,SP,São Paulo,Vila Madalena,Zona Oeste,Apartamento,99,3,2,1,2006,20,2020,11669.08,1155238.92
SP-000438,SP,São Paulo,Vila Mariana,Zona Sul,Apartamento,41,1,1,1,2013,13,2015,8732.96,358051.36
SP-000439,SP,São Paulo,Vila Madalena,Zona Oeste,Casa,250,4,4,3,2017,9,2022,12061.77,3015442.5
SP-000440,SP,São Paulo,Saúde,Zona Sul,Casa,85,3,2,2,1998,28,2026,8569.94,728444.9
SP-000441,SP,São Paulo,Brooklin,Zona Sul,Apartamento,52,3,1,1,2025,1,2020,13600.32,707216.64
SP-000442,SP,São Paulo,Saúde,Zona Sul,Apartamento,44,1,1,1,2023,3,2015,7331.69,322594.36
SP-000443,SP,São Paulo,Brooklin,Zona Sul,Apartamento,37,2,1,1,2023,3,2017,12841.6,475139.2
SP-000444,SP,São Paulo,Bela Vista,Centro/Sul,Apartamento,133,4,2,2,2004,22,2014,6925.12,921040.96
SP-000445,SP,São Paulo,Itaim Bibi,Zona Sul/Oeste,Apartamento,50,2,2,1,2017,9,2015,13165.65,658282.5
SP-000446,SP,São Paulo,Perdizes,Zona Oeste,Apartamento,72,2,1,1,2024,2,2026,16777.94,1208011.68
SP-000447,SP,São Paulo,Vila Madalena,Zona Oeste,Apartamento,91,3,3,2,1981,45,2024,13214.92,1202557.72
SP-000448,SP,São Paulo,Moema,Zona Sul,Apartamento,32,2,1,1,2011,15,2016,11731.93,375421.76
SP-000449,SP,São Paulo,Vila Madalena,Zona Oeste,Apartamento,37,2,1,0,1985,41,2017,8688.1,321459.7
SP-000450,SP,São Paulo,Itaim Bibi,Zona Sul/Oeste,Apartamento,66,2,1,1,2013,13,2023,14764.73,974472.18
SP-000451,SP,São Paulo,Campo Belo,Zona Sul,Apartamento,51,2,1,1,2019,7,2020,10734.11,547439.61
SP-000452,SP,São Paulo,Lapa,Zona Oeste,Apartamento,52,3,2,1,1990,36,2022,7795.51,405366.52
SP-000453,SP,São Paulo,Santana,Zona Norte,Casa,107,3,2,2,1991,35,2013,5382.56,575933.92
SP-000454,SP,São Paulo,Saúde,Zona Sul,Apartamento,96,3,2,2,1990,36,2018,7018.52,673777.92
SP-000455,SP,São Paulo,Perdizes,Zona Oeste,Apartamento,66,2,2,1,1985,41,2019,9024.6,595623.6
SP-000456,SP,São Paulo,Aclimação,Centro/Sul,Apartamento,35,1,1,0,2023,3,2026,11471.55,401504.25
SP-000457,SP,São Paulo,Mooca,Zona Leste,Apartamento,51,2,2,2,2016,10,2015,7889.94,402386.94
SP-000458,SP,São Paulo,Ipiranga,Zona Sul,Casa,110,3,3,2,2024,2,2015,7784.24,856266.4
SP-000459,SP,São Paulo,Morumbi,Zona Sul,Apartamento,39,2,1,0,1999,27,2020,6151.8,239920.2
SP-000460,SP,São Paulo,Santana,Zona Norte,Apartamento,63,3,2,1,1986,40,2020,6610.48,416460.24
SP-000461,SP,São Paulo,Brooklin,Zona Sul,Apartamento,77,2,2,2,2007,19,2019,12504.52,962848.04
SP-000462,SP,São Paulo,Vila Mariana,Zona Sul,Apartamento,80,2,2,1,2020,6,2025,13470.13,1077610.4
SP-000463,SP,São Paulo,Bela Vista,Centro/Sul,Apartamento,115,3,3,2,2023,3,2022,9945.0,1143675.0
SP-000464,SP,São Paulo,Moema,Zona Sul,Casa,107,3,2,3,2017,9,2016,13028.16,1394013.12
SP-000465,SP,São Paulo,Perdizes,Zona Oeste,Apartamento,100,3,3,1,1989,37,2018,10013.91,1001391.0
SP-000466,SP,São Paulo,Itaim Bibi,Zona Sul/Oeste,Apartamento,40,1,1,0,2000,26,2021,13596.5,543860.0
SP-000467,SP,São Paulo,Lapa,Zona Oeste,Apartamento,39,1,1,0,2023,3,2021,9763.05,380758.95
SP-000468,SP,São Paulo,Saúde,Zona Sul,Apartamento,34,1,1,0,1987,39,2021,7179.04,244087.36
SP-000469,SP,São Paulo,Tatuapé,Zona Leste,Apartamento,165,4,3,3,1979,47,2017,7197.83,1187641.95
SP-000470,SP,São Paulo,Moema,Zona Sul,Apartamento,100,3,2,2,2012,14,2018,12575.91,1257591.0
SP-000471,SP,São Paulo,Santana,Zona Norte,Apartamento,46,1,1,0,1976,50,2022,6266.53,288260.38
SP-000472,SP,São Paulo,Saúde,Zona Sul,Apartamento,112,3,2,2,1986,40,2025,9167.74,1026786.88
SP-000473,SP,São Paulo,Brooklin,Zona Sul,Casa,83,2,1,1,1986,40,2024,11383.65,944842.95
SP-000474,SP,São Paulo,Vila Madalena,Zona Oeste,Apartamento,68,2,1,1,2008,18,2026,12823.89,872024.52
SP-000475,SP,São Paulo,Perdizes,Zona Oeste,Apartamento,34,1,1,0,2005,21,2014,7609.95,258738.3
SP-000476,SP,São Paulo,Jardim Paulista,Zona Oeste,Casa,89,2,3,3,2022,4,2016,13585.82,1209137.98
SP-000477,SP,São Paulo,Lapa,Zona Oeste,Casa,87,2,3,2,2015,11,2016,6821.27,593450.49
SP-000478,SP,São Paulo,Jardim Paulista,Zona Oeste,Cobertura,188,5,3,3,2019,7,2015,16364.11,3076452.68
SP-000479,SP,São Paulo,Pinheiros,Zona Oeste,Apartamento,50,2,2,1,2006,20,2014,10128.75,506437.5
SP-000480,SP,São Paulo,Itaim Bibi,Zona Sul/Oeste,Apartamento,32,2,1,0,1987,39,2019,12278.17,392901.44
SP-000481,SP,São Paulo,Itaim Bibi,Zona Sul/Oeste,Apartamento,100,3,3,2,1994,32,2024,15251.42,1525142.0
SP-000482,SP,São Paulo,Aclimação,Centro/Sul,Apartamento,39,2,1,1,2021,5,2024,10862.12,423622.68
SP-000483,SP,São Paulo,Ipiranga,Zona Sul,Apartamento,53,2,1,1,2012,14,2026,8791.96,465973.88
SP-000484,SP,São Paulo,Campo Belo,Zona Sul,Apartamento,38,1,1,1,1997,29,2018,9481.7,360304.6
SP-000485,SP,São Paulo,Mooca,Zona Leste,Apartamento,72,2,1,1,2025,1,2022,10957.94,788971.68
SP-000486,SP,São Paulo,Morumbi,Zona Sul,Apartamento,82,3,2,1,2014,12,2013,5973.53,489829.46
SP-000487,SP,São Paulo,Saúde,Zona Sul,Apartamento,70,2,2,1,2020,6,2017,7837.55,548628.5
SP-000488,SP,São Paulo,Saúde,Zona Sul,Casa,90,3,2,2,2021,5,2018,7364.2,662778.0
SP-000489,SP,São Paulo,Morumbi,Zona Sul,Cobertura,265,4,4,3,2013,13,2013,9092.1,2409406.5
SP-000490,SP,São Paulo,Vila Madalena,Zona Oeste,Apartamento,58,2,2,2,2014,12,2026,14650.82,849747.56
SP-000491,SP,São Paulo,Saúde,Zona Sul,Apartamento,148,4,4,3,1989,37,2024,9054.02,1339994.96
SP-000492,SP,São Paulo,Saúde,Zona Sul,Apartamento,51,2,1,1,1975,51,2015,5878.4,299798.4
SP-000493,SP,São Paulo,Brooklin,Zona Sul,Casa,130,2,3,2,2020,6,2017,9604.04,1248525.2
SP-000494,SP,São Paulo,Brooklin,Zona Sul,Apartamento,35,2,1,1,2000,26,2019,10768.35,376892.25
SP-000495,SP,São Paulo,Mooca,Zona Leste,Apartamento,131,3,2,2,2022,4,2015,7637.63,1000529.53
SP-000496,SP,São Paulo,Perdizes,Zona Oeste,Apartamento,77,2,2,1,2016,10,2013,7903.54,608572.58
SP-000497,SP,São Paulo,Santana,Zona Norte,Apartamento,63,3,2,1,2020,6,2015,7567.16,476731.08
SP-000498,SP,São Paulo,Mooca,Zona Leste,Apartamento,65,2,1,1,1989,37,2022,7347.74,477603.1
SP-000499,SP,São Paulo,Campo Belo,Zona Sul,Apartamento,198,4,3,2,1983,43,2019,9563.29,1893531.42
SP-000500,SP,São Paulo,Pinheiros,Zona Oeste,Apartamento,73,2,1,2,2016,10,2026,17024.04,1242754.92
SP-000501,SP,São Paulo,Brooklin,Zona Sul,Apartamento,35,2,1,1,2017,9,2020,12919.51,452182.85
SP-000502,SP,São Paulo,Bela Vista,Centro/Sul,Apartamento,91,4,3,2,2023,3,2026,13086.34,1190856.94
SP-000503,SP,São Paulo,Jardim Paulista,Zona Oeste,Apartamento,48,1,1,0,2018,8,2026,16342.32,784431.36
SP-000504,SP,São Paulo,Mooca,Zona Leste,Cobertura,170,3,3,2,2003,23,2018,11970.98,2035066.6
SP-000505,SP,São Paulo,Ipiranga,Zona Sul,Apartamento,55,2,2,1,1988,38,2016,6558.56,360720.8
SP-000506,SP,São Paulo,Perdizes,Zona Oeste,Apartamento,79,3,1,1,2005,21,2019,9495.74,750163.46
SP-000507,SP,São Paulo,Vila Mariana,Zona Sul,Apartamento,50,2,1,1,1988,38,2023,9912.56,495628.0
SP-000508,SP,São Paulo,Jardim Paulista,Zona Oeste,Apartamento,36,1,1,0,2012,14,2021,13839.29,498214.44
SP-000509,SP,São Paulo,Jardim Paulista,Zona Oeste,Apartamento,72,2,1,2,1985,41,2023,14276.71,1027923.12
SP-000510,SP,São Paulo,Jardim Paulista,Zona Oeste,Apartamento,95,3,3,1,2010,16,2026,16321.92,1550582.4
SP-000511,SP,São Paulo,Mooca,Zona Leste,Casa,187,3,5,2,2023,3,2016,8322.86,1556374.82
SP-000512,SP,São Paulo,Brooklin,Zona Sul,Casa,140,5,4,3,2007,19,2014,8505.66,1190792.4
SP-000513,SP,São Paulo,Vila Madalena,Zona Oeste,Casa,363,3,5,3,2013,13,2019,11195.31,4063897.53
SP-000514,SP,São Paulo,Vila Mariana,Zona Sul,Apartamento,41,1,1,1,1982,44,2015,6948.87,284903.67
SP-000515,SP,São Paulo,Itaim Bibi,Zona Sul/Oeste,Casa,202,4,4,4,1994,32,2023,16132.91,3258847.82
SP-000516,SP,São Paulo,Perdizes,Zona Oeste,Apartamento,56,3,2,1,2006,20,2017,9616.8,538540.8
SP-000517,SP,São Paulo,Ipiranga,Zona Sul,Apartamento,73,3,2,1,1993,33,2017,5992.04,437418.92
SP-000518,SP,São Paulo,Lapa,Zona Oeste,Apartamento,54,2,1,1,2018,8,2025,10441.63,563848.02
SP-000519,SP,São Paulo,Moema,Zona Sul,Apartamento,60,2,1,1,2021,5,2016,12514.54,750872.4
SP-000520,SP,São Paulo,Campo Belo,Zona Sul,Apartamento,144,4,5,5,2024,2,2021,15908.55,2290831.2
SP-000521,SP,São Paulo,Ipiranga,Zona Sul,Apartamento,72,2,2,2,1981,45,2023,7720.82,555899.04
SP-000522,SP,São Paulo,Jardim Paulista,Zona Oeste,Apartamento,165,3,4,3,2025,1,2017,17270.26,2849592.9
SP-000523,SP,São Paulo,Aclimação,Centro/Sul,Apartamento,78,2,2,1,1992,34,2024,9323.58,727239.24
SP-000524,SP,São Paulo,Morumbi,Zona Sul,Cobertura,141,3,3,4,1988,38,2025,13814.58,1947855.78
SP-000525,SP,São Paulo,Pinheiros,Zona Oeste,Apartamento,35,1,1,0,1988,38,2024,12773.58,447075.3
SP-000526,SP,São Paulo,Santana,Zona Norte,Apartamento,92,3,2,1,2004,22,2015,5957.72,548110.24
SP-000527,SP,São Paulo,Bela Vista,Centro/Sul,Apartamento,52,2,1,1,2005,21,2023,8770.75,456079.0
SP-000528,SP,São Paulo,Perdizes,Zona Oeste,Apartamento,34,1,1,1,2009,17,2018,11063.2,376148.8
SP-000529,SP,São Paulo,Santana,Zona Norte,Apartamento,70,2,1,1,1991,35,2019,5979.51,418565.7
SP-000530,SP,São Paulo,Mooca,Zona Leste,Apartamento,72,2,1,1,2012,14,2025,8663.9,623800.8
SP-000531,SP,São Paulo,Santana,Zona Norte,Apartamento,45,1,1,0,1984,42,2020,5597.67,251895.15
SP-000532,SP,São Paulo,Santana,Zona Norte,Apartamento,74,2,1,1,1994,32,2020,7223.58,534544.92
SP-000533,SP,São Paulo,Ipiranga,Zona Sul,Apartamento,32,1,1,0,1993,33,2022,7249.21,231974.72
SP-000534,SP,São Paulo,Moema,Zona Sul,Apartamento,52,2,1,1,1980,46,2013,8639.92,449275.84
SP-000535,SP,São Paulo,Santana,Zona Norte,Apartamento,131,3,3,2,1988,38,2014,5785.39,757886.09
SP-000536,SP,São Paulo,Itaim Bibi,Zona Sul/Oeste,Apartamento,102,3,3,2,1992,34,2024,15557.86,1586901.72
SP-000537,SP,São Paulo,Perdizes,Zona Oeste,Apartamento,89,3,3,2,1985,41,2019,8326.43,741052.27
SP-000538,SP,São Paulo,Brooklin,Zona Sul,Apartamento,45,1,1,0,2019,7,2016,10991.14,494601.3
SP-000539,SP,São Paulo,Vila Madalena,Zona Oeste,Apartamento,129,3,2,2,2011,15,2014,9556.65,1232807.85
SP-000540,SP,São Paulo,Moema,Zona Sul,Apartamento,38,1,1,1,1996,30,2021,12063.75,458422.5
SP-000541,SP,São Paulo,Tatuapé,Zona Leste,Casa,110,4,2,2,2009,17,2024,9537.91,1049170.1
SP-000542,SP,São Paulo,Vila Mariana,Zona Sul,Cobertura,159,4,5,2,2014,12,2019,15273.24,2428445.16
SP-000543,SP,São Paulo,Aclimação,Centro/Sul,Apartamento,82,3,2,1,1982,44,2025,7824.82,641635.24
SP-000544,SP,São Paulo,Aclimação,Centro/Sul,Apartamento,43,1,1,0,2000,26,2017,7067.13,303886.59
SP-000545,SP,São Paulo,Lapa,Zona Oeste,Casa,112,3,3,2,2020,6,2021,8017.61,897972.32
SP-000546,SP,São Paulo,Morumbi,Zona Sul,Apartamento,35,1,1,0,1987,39,2020,6168.85,215909.75
SP-000547,SP,São Paulo,Ipiranga,Zona Sul,Apartamento,101,3,3,1,2021,5,2023,8780.31,886811.31
SP-000548,SP,São Paulo,Ipiranga,Zona Sul,Apartamento,48,1,1,0,1996,30,2015,5782.47,277558.56
SP-000549,SP,São Paulo,Saúde,Zona Sul,Apartamento,80,3,2,2,1985,41,2018,6887.25,550980.0
SP-000550,SP,São Paulo,Campo Belo,Zona Sul,Cobertura,210,3,5,2,2012,14,2020,15818.56,3321897.6
SP-000551,SP,São Paulo,Brooklin,Zona Sul,Casa,86,3,3,2,2024,2,2018,11141.0,958126.0
SP-000552,SP,São Paulo,Vila Madalena,Zona Oeste,Apartamento,102,4,3,3,2013,13,2015,11730.27,1196487.54
SP-000553,SP,São Paulo,Moema,Zona Sul,Casa,258,3,4,2,2015,11,2025,13061.66,3369908.28
SP-000554,SP,São Paulo,Aclimação,Centro/Sul,Apartamento,76,2,1,2,2024,2,2014,9524.45,723858.2
SP-000555,SP,São Paulo,Campo Belo,Zona Sul,Apartamento,38,1,1,0,2025,1,2025,14267.76,542174.88
SP-000556,SP,São Paulo,Bela Vista,Centro/Sul,Apartamento,58,3,2,1,1992,34,2014,6247.39,362348.62
SP-000557,SP,São Paulo,Perdizes,Zona Oeste,Apartamento,35,1,1,0,2004,22,2014,7274.84,254619.4
SP-000558,SP,São Paulo,Moema,Zona Sul,Casa,90,3,2,3,2021,5,2013,9879.82,889183.8
SP-000559,SP,São Paulo,Vila Mariana,Zona Sul,Apartamento,116,3,2,2,2012,14,2019,9911.44,1149727.04
SP-000560,SP,São Paulo,Tatuapé,Zona Leste,Apartamento,64,2,2,2,1975,51,2016,7765.64,497000.96
SP-000561,SP,São Paulo,Saúde,Zona Sul,Casa,165,4,3,2,2017,9,2013,6724.2,1109493.0
SP-000562,SP,São Paulo,Tatuapé,Zona Leste,Apartamento,37,1,1,1,1980,46,2018,7286.54,269601.98
SP-000563,SP,São Paulo,Ipiranga,Zona Sul,Apartamento,92,3,3,3,2019,7,2025,10896.52,1002479.84
SP-000564,SP,São Paulo,Pinheiros,Zona Oeste,Apartamento,49,1,1,0,2025,1,2020,15306.71,750028.79
SP-000565,SP,São Paulo,Itaim Bibi,Zona Sul/Oeste,Casa,87,3,2,1,2004,22,2014,9505.21,826953.27
SP-000566,SP,São Paulo,Perdizes,Zona Oeste,Apartamento,248,5,3,3,2020,6,2018,11538.38,2861518.24
SP-000567,SP,São Paulo,Vila Mariana,Zona Sul,Apartamento,43,1,1,0,2011,15,2019,9612.74,413347.82
SP-000568,SP,São Paulo,Itaim Bibi,Zona Sul/Oeste,Cobertura,526,4,4,4,1983,43,2019,21382.09,11246979.34
SP-000569,SP,São Paulo,Moema,Zona Sul,Apartamento,32,2,1,0,1989,37,2024,12744.66,407829.12
SP-000570,SP,São Paulo,Morumbi,Zona Sul,Apartamento,42,1,1,1,2021,5,2020,7661.91,321800.22
SP-000571,SP,São Paulo,Mooca,Zona Leste,Apartamento,41,1,1,0,2020,6,2019,7405.07,303607.87
SP-000572,SP,São Paulo,Saúde,Zona Sul,Apartamento,40,1,1,0,2012,14,2014,5383.01,215320.4
SP-000573,SP,São Paulo,Perdizes,Zona Oeste,Apartamento,39,1,1,0,2005,21,2013,7155.13,279050.07
SP-000574,SP,São Paulo,Santana,Zona Norte,Cobertura,226,4,5,2,2024,2,2022,12693.57,2868746.82
SP-000575,SP,São Paulo,Vila Madalena,Zona Oeste,Apartamento,63,2,2,1,2018,8,2013,10283.61,647867.43
SP-000576,SP,São Paulo,Pinheiros,Zona Oeste,Apartamento,130,3,3,1,2010,16,2019,12975.52,1686817.6
SP-000577,SP,São Paulo,Itaim Bibi,Zona Sul/Oeste,Apartamento,51,2,2,2,2015,11,2018,12942.38,660061.38
SP-000578,SP,São Paulo,Tatuapé,Zona Leste,Cobertura,202,4,4,3,2015,11,2015,11118.53,2245943.06
SP-000579,SP,São Paulo,Ipiranga,Zona Sul,Apartamento,40,1,1,1,2007,19,2022,8528.37,341134.8
SP-000580,SP,São Paulo,Itaim Bibi,Zona Sul/Oeste,Casa,86,3,3,2,2017,9,2023,15307.53,1316447.58
SP-000581,SP,São Paulo,Itaim Bibi,Zona Sul/Oeste,Apartamento,54,2,2,1,2023,3,2014,13814.88,746003.52
SP-000582,SP,São Paulo,Brooklin,Zona Sul,Apartamento,129,3,3,1,1996,30,2014,7748.94,999613.26
SP-000583,SP,São Paulo,Morumbi,Zona Sul,Apartamento,52,3,1,2,2012,14,2013,6309.05,328070.6
SP-000584,SP,São Paulo,Mooca,Zona Leste,Apartamento,60,2,2,2,2000,26,2023,9211.5,552690.0
SP-000585,SP,São Paulo,Saúde,Zona Sul,Cobertura,136,4,3,2,2006,20,2017,9499.14,1291883.04
SP-000586,SP,São Paulo,Moema,Zona Sul,Apartamento,223,4,4,3,2021,5,2015,12521.26,2792240.98
SP-000587,SP,São Paulo,Jardim Paulista,Zona Oeste,Casa,121,2,2,2,2021,5,2026,16150.13,1954165.73
SP-000588,SP,São Paulo,Perdizes,Zona Oeste,Apartamento,43,1,1,0,1993,33,2021,10962.09,471369.87
SP-000589,SP,São Paulo,Itaim Bibi,Zona Sul/Oeste,Apartamento,185,4,5,3,2008,18,2015,13602.4,2516444.0
SP-000590,SP,São Paulo,Bela Vista,Centro/Sul,Apartamento,58,2,1,1,2013,13,2026,9840.05,570722.9
SP-000591,SP,São Paulo,Pinheiros,Zona Oeste,Apartamento,80,3,2,1,2002,24,2025,15041.55,1203324.0
SP-000592,SP,São Paulo,Bela Vista,Centro/Sul,Apartamento,70,2,2,1,2021,5,2026,11915.43,834080.1
SP-000593,SP,São Paulo,Jardim Paulista,Zona Oeste,Apartamento,74,2,1,1,2001,25,2023,13637.82,1009198.68
SP-000594,SP,São Paulo,Mooca,Zona Leste,Apartamento,41,1,1,0,2002,24,2017,6976.87,286051.67
SP-000595,SP,São Paulo,Vila Madalena,Zona Oeste,Apartamento,42,1,1,0,1990,36,2018,10215.08,429033.36
SP-000596,SP,São Paulo,Moema,Zona Sul,Apartamento,151,4,3,2,1998,28,2022,13435.89,2028819.39
SP-000597,SP,São Paulo,Ipiranga,Zona Sul,Apartamento,61,2,1,1,2000,26,2015,5961.99,363681.39
SP-000598,SP,São Paulo,Aclimação,Centro/Sul,Apartamento,89,3,2,2,2023,3,2013,8830.0,785870.0
SP-000599,SP,São Paulo,Bela Vista,Centro/Sul,Apartamento,38,1,1,1,2010,16,2023,9525.5,361969.0
SP-000600,SP,São Paulo,Tatuapé,Zona Leste,Apartamento,94,3,2,1,2015,11,2018,7610.13,715352.22
SP-000601,SP,São Paulo,Vila Mariana,Zona Sul,Apartamento,33,1,1,0,2017,9,2018,11104.81,366458.73
SP-000602,SP,São Paulo,Tatuapé,Zona Leste,Apartamento,74,2,2,1,2001,25,2018,8135.54,602029.96
SP-000603,SP,São Paulo,Bela Vista,Centro/Sul,Apartamento,111,3,3,2,1994,32,2026,9329.05,1035524.55
SP-000604,SP,São Paulo,Brooklin,Zona Sul,Casa,120,3,2,2,1988,38,2019,10274.35,1232922.0
SP-000605,SP,São Paulo,Pinheiros,Zona Oeste,Apartamento,70,2,1,1,2021,5,2025,15231.95,1066236.5
SP-000606,SP,São Paulo,Ipiranga,Zona Sul,Cobertura,178,3,4,4,2025,1,2016,12768.59,2272809.02
SP-000607,SP,São Paulo,Aclimação,Centro/Sul,Apartamento,45,1,1,0,2008,18,2019,7690.1,346054.5
SP-000608,SP,São Paulo,Aclimação,Centro/Sul,Casa,84,2,1,1,2013,13,2026,9611.66,807379.44
SP-000609,SP,São Paulo,Bela Vista,Centro/Sul,Casa,113,3,2,2,2018,8,2014,7143.1,807170.3
SP-000610,SP,São Paulo,Morumbi,Zona Sul,Apartamento,55,3,2,2,2018,8,2021,9365.56,515105.8
SP-000611,SP,São Paulo,Santana,Zona Norte,Apartamento,61,2,2,1,2000,26,2022,6716.35,409697.35
SP-000612,SP,São Paulo,Perdizes,Zona Oeste,Apartamento,161,5,4,3,1995,31,2022,11624.42,1871531.62
SP-000613,SP,São Paulo,Ipiranga,Zona Sul,Cobertura,363,4,5,4,1994,32,2019,10647.58,3865071.54
SP-000614,SP,São Paulo,Bela Vista,Centro/Sul,Apartamento,36,1,1,1,2020,6,2013,7481.19,269322.84
SP-000615,SP,São Paulo,Moema,Zona Sul,Apartamento,58,2,2,1,2024,2,2025,20190.26,1171035.08
SP-000616,SP,São Paulo,Vila Mariana,Zona Sul,Apartamento,42,2,1,1,2018,8,2015,8895.42,373607.64
SP-000617,SP,São Paulo,Vila Madalena,Zona Oeste,Apartamento,48,2,1,1,1996,30,2022,12280.52,589464.96
SP-000618,SP,São Paulo,Moema,Zona Sul,Apartamento,164,3,4,4,2021,5,2023,17295.22,2836416.08
SP-000619,SP,São Paulo,Jardim Paulista,Zona Oeste,Apartamento,93,3,2,2,1989,37,2014,9763.07,907965.51
SP-000620,SP,São Paulo,Ipiranga,Zona Sul,Apartamento,70,2,1,1,1983,43,2015,5341.23,373886.1
SP-000621,SP,São Paulo,Jardim Paulista,Zona Oeste,Apartamento,45,2,1,0,2005,21,2019,12492.1,562144.5
SP-000622,SP,São Paulo,Lapa,Zona Oeste,Cobertura,275,4,4,3,2005,21,2014,11135.83,3062353.25
SP-000623,SP,São Paulo,Santana,Zona Norte,Casa,114,4,3,1,2007,19,2026,7955.05,906875.7
SP-000624,SP,São Paulo,Ipiranga,Zona Sul,Apartamento,126,3,3,2,1980,46,2016,6242.54,786560.04
SP-000625,SP,São Paulo,Lapa,Zona Oeste,Casa,104,3,3,2,2000,26,2017,6343.79,659754.16
SP-000626,SP,São Paulo,Jardim Paulista,Zona Oeste,Apartamento,43,1,1,0,2025,1,2024,17357.32,746364.76
SP-000627,SP,São Paulo,Pinheiros,Zona Oeste,Casa,107,2,3,2,1976,50,2022,11905.62,1273901.34
SP-000628,SP,São Paulo,Brooklin,Zona Sul,Apartamento,41,1,1,0,2024,2,2026,14302.27,586393.07
SP-000629,SP,São Paulo,Vila Madalena,Zona Oeste,Apartamento,73,2,1,2,1993,33,2016,9705.81,708524.13
SP-000630,SP,São Paulo,Ipiranga,Zona Sul,Cobertura,311,4,4,5,1997,29,2018,11734.61,3649463.71
SP-000631,SP,São Paulo,Morumbi,Zona Sul,Cobertura,183,5,3,3,2009,17,2016,10586.13,1937261.79
SP-000632,SP,São Paulo,Itaim Bibi,Zona Sul/Oeste,Cobertura,159,4,4,3,1982,44,2017,17223.6,2738552.4
SP-000633,SP,São Paulo,Santana,Zona Norte,Apartamento,123,3,3,2,2000,26,2025,7799.18,959299.14
SP-000634,SP,São Paulo,Campo Belo,Zona Sul,Apartamento,83,2,2,2,2020,6,2015,9579.59,795105.97
SP-000635,SP,São Paulo,Campo Belo,Zona Sul,Apartamento,85,3,3,2,1997,29,2026,13868.58,1178829.3
SP-000636,SP,São Paulo,Jardim Paulista,Zona Oeste,Apartamento,118,3,3,2,1983,43,2021,14355.36,1693932.48
SP-000637,SP,São Paulo,Saúde,Zona Sul,Apartamento,74,2,2,1,1986,40,2015,5460.19,404054.06
SP-000638,SP,São Paulo,Campo Belo,Zona Sul,Casa,130,3,2,2,2008,18,2025,11124.4,1446172.0
SP-000639,SP,São Paulo,Ipiranga,Zona Sul,Casa,80,2,2,1,1996,30,2023,6979.07,558325.6
SP-000640,SP,São Paulo,Aclimação,Centro/Sul,Apartamento,123,3,3,2,2022,4,2014,8485.16,1043674.68
SP-000641,SP,São Paulo,Aclimação,Centro/Sul,Apartamento,122,3,3,3,1998,28,2021,8852.72,1080031.84
SP-000642,SP,São Paulo,Jardim Paulista,Zona Oeste,Casa,107,3,3,2,2001,25,2024,13627.12,1458101.84
SP-000643,SP,São Paulo,Perdizes,Zona Oeste,Apartamento,51,2,2,1,2020,6,2021,11573.52,590249.52
SP-000644,SP,São Paulo,Bela Vista,Centro/Sul,Apartamento,78,3,2,1,2019,7,2026,10281.75,801976.5
SP-000645,SP,São Paulo,Vila Mariana,Zona Sul,Apartamento,225,3,4,3,1983,43,2018,8896.86,2001793.5
SP-000646,SP,São Paulo,Moema,Zona Sul,Casa,85,3,2,2,2015,11,2015,11170.7,949509.5
SP-000647,SP,São Paulo,Pinheiros,Zona Oeste,Apartamento,46,2,1,1,1999,27,2013,8907.71,409754.66
SP-000648,SP,São Paulo,Perdizes,Zona Oeste,Cobertura,167,4,4,3,2024,2,2015,16694.95,2788056.65
SP-000649,SP,São Paulo,Bela Vista,Centro/Sul,Apartamento,115,3,3,2,1986,40,2026,9672.03,1112283.45
SP-000650,SP,São Paulo,Santana,Zona Norte,Apartamento,122,3,2,3,2001,25,2023,8553.82,1043566.04
SP-000651,SP,São Paulo,Bela Vista,Centro/Sul,Apartamento,34,1,1,0,2016,10,2019,7204.38,244948.92
SP-000652,SP,São Paulo,Brooklin,Zona Sul,Apartamento,60,2,2,2,2011,15,2015,10716.2,642972.0
SP-000653,SP,São Paulo,Tatuapé,Zona Leste,Apartamento,33,1,1,0,2009,17,2020,7891.64,260424.12
SP-000654,SP,São Paulo,Morumbi,Zona Sul,Apartamento,59,2,1,1,1989,37,2013,5428.53,320283.27
SP-000655,SP,São Paulo,Perdizes,Zona Oeste,Casa,120,2,3,2,2018,8,2021,12130.99,1455718.8
SP-000656,SP,São Paulo,Vila Madalena,Zona Oeste,Apartamento,122,3,2,2,2014,12,2017,10567.43,1289226.46
SP-000657,SP,São Paulo,Morumbi,Zona Sul,Cobertura,190,4,4,3,1995,31,2018,10594.94,2013038.6
SP-000658,SP,São Paulo,Vila Mariana,Zona Sul,Casa,106,3,2,2,2013,13,2023,10707.38,1134982.28
SP-000659,SP,São Paulo,Lapa,Zona Oeste,Apartamento,109,4,3,2,2004,22,2019,8473.12,923570.08
SP-000660,SP,São Paulo,Vila Mariana,Zona Sul,Cobertura,333,3,4,4,1998,28,2025,18453.45,6144998.85
SP-000661,SP,São Paulo,Vila Mariana,Zona Sul,Cobertura,127,3,3,2,2025,1,2023,18666.53,2370649.31
SP-000662,SP,São Paulo,Itaim Bibi,Zona Sul/Oeste,Casa,96,2,2,2,2006,20,2015,11504.67,1104448.32
SP-000663,SP,São Paulo,Tatuapé,Zona Leste,Apartamento,101,4,2,2,2006,20,2024,9958.54,1005812.54
SP-000664,SP,São Paulo,Morumbi,Zona Sul,Apartamento,108,3,3,2,2008,18,2026,9706.93,1048348.44
SP-000665,SP,São Paulo,Brooklin,Zona Sul,Apartamento,32,1,1,1,2015,11,2013,9079.06,290529.92
SP-000666,SP,São Paulo,Perdizes,Zona Oeste,Apartamento,114,4,2,2,2011,15,2018,10294.26,1173545.64
SP-000667,SP,São Paulo,Perdizes,Zona Oeste,Apartamento,96,2,3,2,2023,3,2017,12473.05,1197412.8
SP-000668,SP,São Paulo,Lapa,Zona Oeste,Apartamento,41,1,1,0,2018,8,2018,6931.35,284185.35
SP-000669,SP,São Paulo,Vila Mariana,Zona Sul,Apartamento,34,1,1,1,2021,5,2018,9876.66,335806.44
SP-000670,SP,São Paulo,Santana,Zona Norte,Apartamento,114,3,3,3,2017,9,2023,8877.26,1012007.64
SP-000671,SP,São Paulo,Tatuapé,Zona Leste,Apartamento,48,2,1,1,1989,37,2026,9438.86,453065.28
SP-000672,SP,São Paulo,Moema,Zona Sul,Apartamento,100,3,3,1,2001,25,2017,11035.45,1103545.0
SP-000673,SP,São Paulo,Vila Madalena,Zona Oeste,Apartamento,78,2,2,1,2024,2,2016,11348.35,885171.3
SP-000674,SP,São Paulo,Saúde,Zona Sul,Casa,83,2,1,2,1995,31,2024,7966.51,661220.33
SP-000675,SP,São Paulo,Jardim Paulista,Zona Oeste,Casa,100,4,3,2,1990,36,2013,9317.71,931771.0
SP-000676,SP,São Paulo,Jardim Paulista,Zona Oeste,Apartamento,32,2,1,1,2005,21,2022,15506.2,496198.4
SP-000677,SP,São Paulo,Aclimação,Centro/Sul,Apartamento,45,2,1,0,1997,29,2015,6020.42,270918.9
SP-000678,SP,São Paulo,Aclimação,Centro/Sul,Apartamento,48,1,1,0,1993,33,2025,9370.8,449798.4
SP-000679,SP,São Paulo,Jardim Paulista,Zona Oeste,Apartamento,64,2,2,1,1987,39,2022,13920.74,890927.36
SP-000680,SP,São Paulo,Jardim Paulista,Zona Oeste,Apartamento,40,1,1,0,2023,3,2017,14494.32,579772.8
SP-000681,SP,São Paulo,Pinheiros,Zona Oeste,Apartamento,32,1,1,0,2015,11,2019,11754.02,376128.64
SP-000682,SP,São Paulo,Campo Belo,Zona Sul,Apartamento,84,2,2,2,2002,24,2014,7514.75,631239.0
SP-000683,SP,São Paulo,Vila Mariana,Zona Sul,Apartamento,37,2,1,1,2022,4,2014,9975.4,369089.8
SP-000684,SP,São Paulo,Vila Mariana,Zona Sul,Apartamento,96,4,3,1,1985,41,2017,7344.98,705118.08
SP-000685,SP,São Paulo,Santana,Zona Norte,Apartamento,35,1,1,1,2013,13,2016,6848.99,239714.65
SP-000686,SP,São Paulo,Lapa,Zona Oeste,Apartamento,48,1,1,0,2019,7,2025,10300.01,494400.48
SP-000687,SP,São Paulo,Vila Mariana,Zona Sul,Apartamento,123,3,2,2,2014,12,2015,8929.74,1098358.02
SP-000688,SP,São Paulo,Itaim Bibi,Zona Sul/Oeste,Cobertura,237,4,5,3,2023,3,2024,29095.13,6895545.81
SP-000689,SP,São Paulo,Tatuapé,Zona Leste,Apartamento,42,2,1,0,2000,26,2026,8755.36,367725.12
SP-000690,SP,São Paulo,Pinheiros,Zona Oeste,Cobertura,218,5,3,2,2014,12,2021,19228.76,4191869.68
SP-000691,SP,São Paulo,Pinheiros,Zona Oeste,Apartamento,101,3,2,2,1983,43,2024,12830.69,1295899.69
SP-000692,SP,São Paulo,Mooca,Zona Leste,Apartamento,35,1,1,0,2018,8,2026,9601.38,336048.3
SP-000693,SP,São Paulo,Santana,Zona Norte,Apartamento,57,3,2,2,2014,12,2020,8399.4,478765.8
SP-000694,SP,São Paulo,Vila Mariana,Zona Sul,Casa,86,2,3,2,1991,35,2016,7271.04,625309.44
SP-000695,SP,São Paulo,Aclimação,Centro/Sul,Apartamento,63,2,2,2,1992,34,2026,10097.27,636128.01
SP-000696,SP,São Paulo,Lapa,Zona Oeste,Apartamento,32,1,1,0,2016,10,2023,9834.27,314696.64
SP-000697,SP,São Paulo,Aclimação,Centro/Sul,Apartamento,39,2,1,0,2005,21,2021,8680.82,338551.98
SP-000698,SP,São Paulo,Bela Vista,Centro/Sul,Apartamento,111,3,2,3,2006,20,2017,8253.75,916166.25
SP-000699,SP,São Paulo,Itaim Bibi,Zona Sul/Oeste,Apartamento,42,1,1,0,1982,44,2014,9281.02,389802.84
SP-000700,SP,São Paulo,Itaim Bibi,Zona Sul/Oeste,Apartamento,104,3,3,2,1999,27,2018,12864.08,1337864.32
SP-000701,SP,São Paulo,Brooklin,Zona Sul,Apartamento,44,2,1,0,1985,41,2026,10853.59,477557.96
SP-000702,SP,São Paulo,Moema,Zona Sul,Apartamento,39,2,1,0,2022,4,2019,13584.79,529806.81
SP-000703,SP,São Paulo,Tatuapé,Zona Leste,Casa,116,4,3,2,1995,31,2016,6276.09,728026.44
SP-000704,SP,São Paulo,Perdizes,Zona Oeste,Apartamento,37,2,1,0,2014,12,2015,8410.85,311201.45
SP-000705,SP,São Paulo,Vila Madalena,Zona Oeste,Cobertura,239,4,4,4,1999,27,2016,15286.44,3653459.16
SP-000706,SP,São Paulo,Santana,Zona Norte,Apartamento,91,3,2,2,1995,31,2018,6363.33,579063.03
SP-000707,SP,São Paulo,Lapa,Zona Oeste,Apartamento,52,2,2,1,1996,30,2023,8013.76,416715.52
SP-000708,SP,São Paulo,Moema,Zona Sul,Apartamento,37,1,1,1,2018,8,2013,11683.28,432281.36
SP-000709,SP,São Paulo,Perdizes,Zona Oeste,Casa,210,3,4,2,2020,6,2017,10259.57,2154509.7
SP-000710,SP,São Paulo,Brooklin,Zona Sul,Apartamento,102,3,3,3,1995,31,2019,10442.36,1065120.72
SP-000711,SP,São Paulo,Campo Belo,Zona Sul,Casa,91,3,3,2,1993,33,2023,10493.77,954933.07
SP-000712,SP,São Paulo,Moema,Zona Sul,Apartamento,32,1,1,0,2012,14,2022,12826.2,410438.4
SP-000713,SP,São Paulo,Perdizes,Zona Oeste,Apartamento,97,3,2,2,1989,37,2021,10625.24,1030648.28
SP-000714,SP,São Paulo,Bela Vista,Centro/Sul,Apartamento,64,2,2,1,1985,41,2015,5934.16,379786.24
SP-000715,SP,São Paulo,Lapa,Zona Oeste,Apartamento,63,2,2,1,2013,13,2016,7810.97,492091.11
SP-000716,SP,São Paulo,Aclimação,Centro/Sul,Apartamento,119,2,2,2,1999,27,2022,10258.5,1220761.5
SP-000717,SP,São Paulo,Lapa,Zona Oeste,Apartamento,36,1,1,0,1987,39,2019,6568.31,236459.16
SP-000718,SP,São Paulo,Vila Madalena,Zona Oeste,Apartamento,104,3,3,1,2017,9,2020,13382.38,1391767.52
SP-000719,SP,São Paulo,Morumbi,Zona Sul,Apartamento,96,2,3,2,1988,38,2025,8486.95,814747.2
SP-000720,SP,São Paulo,Ipiranga,Zona Sul,Apartamento,116,3,3,2,2010,16,2026,9712.05,1126597.8
SP-000721,SP,São Paulo,Saúde,Zona Sul,Apartamento,50,2,2,1,2011,15,2021,7984.47,399223.5
SP-000722,SP,São Paulo,Jardim Paulista,Zona Oeste,Cobertura,149,3,4,3,2019,7,2023,28326.32,4220621.68
SP-000723,SP,São Paulo,Morumbi,Zona Sul,Apartamento,35,1,1,1,2022,4,2020,7704.86,269670.1
SP-000724,SP,São Paulo,Campo Belo,Zona Sul,Apartamento,42,1,1,0,1998,28,2021,9191.02,386022.84
SP-000725,SP,São Paulo,Moema,Zona Sul,Apartamento,69,2,2,1,1999,27,2019,11278.05,778185.45
SP-000726,SP,São Paulo,Vila Mariana,Zona Sul,Apartamento,41,1,1,0,2017,9,2020,11078.89,454234.49
SP-000727,SP,São Paulo,Saúde,Zona Sul,Apartamento,161,5,4,5,1985,41,2020,7161.11,1152938.71
SP-000728,SP,São Paulo,Campo Belo,Zona Sul,Apartamento,90,3,2,1,2025,1,2016,11481.64,1033347.6
SP-000729,SP,São Paulo,Mooca,Zona Leste,Cobertura,177,4,3,3,2019,7,2019,14561.96,2577466.92
SP-000730,SP,São Paulo,Aclimação,Centro/Sul,Apartamento,36,1,1,1,2000,26,2016,6853.78,246736.08
SP-000731,SP,São Paulo,Mooca,Zona Leste,Apartamento,125,3,2,2,2025,1,2020,11469.66,1433707.5
SP-000732,SP,São Paulo,Moema,Zona Sul,Apartamento,34,1,1,0,2015,11,2015,10112.8,343835.2
SP-000733,SP,São Paulo,Vila Mariana,Zona Sul,Apartamento,81,2,2,1,2018,8,2015,9821.5,795541.5
SP-000734,SP,São Paulo,Saúde,Zona Sul,Apartamento,34,1,1,0,1994,32,2015,5850.12,198904.08
SP-000735,SP,São Paulo,Ipiranga,Zona Sul,Apartamento,129,2,3,2,2021,5,2014,7434.53,959054.37
SP-000736,SP,São Paulo,Ipiranga,Zona Sul,Apartamento,33,2,1,1,1988,38,2026,7770.17,256415.61
SP-000737,SP,São Paulo,Perdizes,Zona Oeste,Apartamento,78,3,2,1,1986,40,2020,9471.69,738791.82
SP-000738,SP,São Paulo,Bela Vista,Centro/Sul,Apartamento,86,3,3,2,2024,2,2020,10088.26,867590.36
SP-000739,SP,São Paulo,Moema,Zona Sul,Casa,108,3,2,2,2023,3,2023,16210.79,1750765.32
SP-000740,SP,São Paulo,Jardim Paulista,Zona Oeste,Casa,131,3,2,2,2020,6,2026,16215.63,2124247.53
SP-000741,SP,São Paulo,Vila Mariana,Zona Sul,Apartamento,53,2,1,2,1993,33,2026,11763.47,623463.91
SP-000742,SP,São Paulo,Vila Mariana,Zona Sul,Apartamento,40,1,1,1,1975,51,2024,9658.86,386354.4
SP-000743,SP,São Paulo,Morumbi,Zona Sul,Apartamento,132,4,2,2,2005,21,2019,8011.87,1057566.84
SP-000744,SP,São Paulo,Aclimação,Centro/Sul,Apartamento,89,2,3,1,1993,33,2021,8875.31,789902.59
SP-000745,SP,São Paulo,Morumbi,Zona Sul,Apartamento,67,2,2,2,1988,38,2016,6205.38,415760.46
SP-000746,SP,São Paulo,Moema,Zona Sul,Apartamento,34,2,1,0,2007,19,2014,9697.65,329720.1
SP-000747,SP,São Paulo,Bela Vista,Centro/Sul,Apartamento,81,2,2,2,2002,24,2021,9250.05,749254.05
SP-000748,SP,São Paulo,Itaim Bibi,Zona Sul/Oeste,Casa,194,4,3,3,1994,32,2020,14115.4,2738387.6
SP-000749,SP,São Paulo,Brooklin,Zona Sul,Apartamento,184,4,3,3,1987,39,2020,11098.22,2042072.48
SP-000750,SP,São Paulo,Aclimação,Centro/Sul,Casa,164,4,3,4,2002,24,2019,9170.07,1503891.48
SP-000751,SP,São Paulo,Vila Mariana,Zona Sul,Apartamento,69,2,1,1,2019,7,2018,11305.8,780100.2
SP-000752,SP,São Paulo,Itaim Bibi,Zona Sul/Oeste,Apartamento,46,2,1,1,2015,11,2025,16611.1,764110.6
SP-000753,SP,São Paulo,Vila Madalena,Zona Oeste,Apartamento,52,2,2,1,2013,13,2021,11098.29,577111.08
SP-000754,SP,São Paulo,Mooca,Zona Leste,Apartamento,205,4,3,3,1982,44,2013,6185.11,1267947.55
SP-000755,SP,São Paulo,Saúde,Zona Sul,Apartamento,96,4,3,1,1992,34,2020,7677.68,737057.28
SP-000756,SP,São Paulo,Jardim Paulista,Zona Oeste,Casa,353,4,4,2,2022,4,2025,18181.36,6418020.08
SP-000757,SP,São Paulo,Bela Vista,Centro/Sul,Apartamento,146,5,4,3,1990,36,2019,8189.16,1195617.36
SP-000758,SP,São Paulo,Jardim Paulista,Zona Oeste,Casa,124,3,3,2,2023,3,2014,13010.81,1613340.44
SP-000759,SP,São Paulo,Brooklin,Zona Sul,Apartamento,75,2,2,1,2020,6,2024,15249.88,1143741.0
SP-000760,SP,São Paulo,Santana,Zona Norte,Casa,87,3,3,2,2025,1,2023,9418.64,819421.68
SP-000761,SP,São Paulo,Lapa,Zona Oeste,Apartamento,248,3,5,3,2014,12,2015,7930.62,1966793.76
SP-000762,SP,São Paulo,Itaim Bibi,Zona Sul/Oeste,Apartamento,63,2,2,2,2025,1,2026,22342.92,1407603.96
SP-000763,SP,São Paulo,Ipiranga,Zona Sul,Apartamento,124,2,3,2,2019,7,2014,6982.17,865789.08
SP-000764,SP,São Paulo,Campo Belo,Zona Sul,Apartamento,119,3,2,2,1994,32,2024,10321.2,1228222.8
SP-000765,SP,São Paulo,Bela Vista,Centro/Sul,Casa,391,4,3,3,2017,9,2018,7998.81,3127534.71
SP-000766,SP,São Paulo,Aclimação,Centro/Sul,Apartamento,72,3,2,2,2019,7,2026,12081.64,869878.08
SP-000767,SP,São Paulo,Bela Vista,Centro/Sul,Apartamento,68,2,1,1,2013,13,2016,7605.14,517149.52
SP-000768,SP,São Paulo,Mooca,Zona Leste,Apartamento,68,3,2,1,2006,20,2023,9917.96,674421.28
SP-000769,SP,São Paulo,Saúde,Zona Sul,Apartamento,55,2,1,1,1983,43,2025,7936.11,436486.05
SP-000770,SP,São Paulo,Tatuapé,Zona Leste,Apartamento,66,2,2,2,2016,10,2025,11550.23,762315.18
SP-000771,SP,São Paulo,Tatuapé,Zona Leste,Apartamento,88,4,3,1,2019,7,2021,9091.93,800089.84
SP-000772,SP,São Paulo,Moema,Zona Sul,Apartamento,190,3,3,3,2013,13,2015,11854.13,2252284.7
SP-000773,SP,São Paulo,Mooca,Zona Leste,Apartamento,35,1,1,0,2017,9,2024,8831.12,309089.2
SP-000774,SP,São Paulo,Vila Mariana,Zona Sul,Apartamento,74,3,2,1,2019,7,2026,11849.73,876880.02
SP-000775,SP,São Paulo,Moema,Zona Sul,Casa,102,3,3,2,2018,8,2021,15285.31,1559101.62
SP-000776,SP,São Paulo,Vila Mariana,Zona Sul,Cobertura,198,4,5,3,1991,35,2019,15241.12,3017741.76
SP-000777,SP,São Paulo,Vila Madalena,Zona Oeste,Cobertura,126,3,3,2,1979,47,2015,12487.42,1573414.92
SP-000778,SP,São Paulo,Vila Mariana,Zona Sul,Casa,233,4,4,2,2022,4,2023,11464.17,2671151.61
SP-000779,SP,São Paulo,Ipiranga,Zona Sul,Apartamento,62,2,2,1,2001,25,2026,8779.66,544338.92
SP-000780,SP,São Paulo,Itaim Bibi,Zona Sul/Oeste,Apartamento,32,2,1,1,2008,18,2013,10104.55,323345.6
SP-000781,SP,São Paulo,Ipiranga,Zona Sul,Apartamento,127,3,3,2,2018,8,2017,7295.59,926539.93
SP-000782,SP,São Paulo,Perdizes,Zona Oeste,Apartamento,50,3,2,1,2011,15,2017,9822.92,491146.0
SP-000783,SP,São Paulo,Jardim Paulista,Zona Oeste,Apartamento,145,3,4,3,2025,1,2026,20950.24,3037784.8
SP-000784,SP,São Paulo,Aclimação,Centro/Sul,Apartamento,34,1,1,1,2002,24,2025,10418.21,354219.14
SP-000785,SP,São Paulo,Saúde,Zona Sul,Apartamento,94,3,2,2,2004,22,2013,6342.59,596203.46
SP-000786,SP,São Paulo,Ipiranga,Zona Sul,Apartamento,65,2,1,2,2024,2,2023,10819.14,703244.1
SP-000787,SP,São Paulo,Jardim Paulista,Zona Oeste,Casa,86,3,2,2,2000,26,2019,13132.21,1129370.06
SP-000788,SP,São Paulo,Lapa,Zona Oeste,Apartamento,55,2,2,2,2017,9,2018,8879.3,488361.5
SP-000789,SP,São Paulo,Jardim Paulista,Zona Oeste,Apartamento,68,2,2,1,1984,42,2024,13433.97,913509.96
SP-000790,SP,São Paulo,Campo Belo,Zona Sul,Casa,116,3,2,2,2012,14,2021,11954.01,1386665.16
SP-000791,SP,São Paulo,Perdizes,Zona Oeste,Casa,240,5,4,4,1998,28,2025,11218.53,2692447.2
SP-000792,SP,São Paulo,Brooklin,Zona Sul,Apartamento,49,1,1,0,2009,17,2019,9827.13,481529.37
SP-000793,SP,São Paulo,Pinheiros,Zona Oeste,Apartamento,93,4,3,2,2020,6,2017,12488.12,1161395.16
SP-000794,SP,São Paulo,Itaim Bibi,Zona Sul/Oeste,Apartamento,34,1,1,1,2022,4,2023,17484.49,594472.66
SP-000795,SP,São Paulo,Santana,Zona Norte,Apartamento,79,2,2,1,2011,15,2018,6192.89,489238.31
SP-000796,SP,São Paulo,Mooca,Zona Leste,Apartamento,43,1,1,1,2019,7,2022,8628.27,371015.61
SP-000797,SP,São Paulo,Tatuapé,Zona Leste,Apartamento,74,2,1,1,2015,11,2020,9073.58,671444.92
SP-000798,SP,São Paulo,Itaim Bibi,Zona Sul/Oeste,Casa,98,3,3,2,2010,16,2016,11558.45,1132728.1
SP-000799,SP,São Paulo,Aclimação,Centro/Sul,Casa,91,3,2,2,2021,5,2021,10278.17,935313.47
SP-000800,SP,São Paulo,Vila Mariana,Zona Sul,Casa,139,3,2,2,2006,20,2013,7749.92,1077238.88
SP-000801,SP,São Paulo,Pinheiros,Zona Oeste,Casa,80,2,1,1,2007,19,2014,8738.97,699117.6
SP-000802,SP,São Paulo,Pinheiros,Zona Oeste,Apartamento,69,3,2,2,2018,8,2021,15370.9,1060592.1
SP-000803,SP,São Paulo,Campo Belo,Zona Sul,Apartamento,90,2,3,2,2025,1,2021,13639.36,1227542.4
SP-000804,SP,São Paulo,Pinheiros,Zona Oeste,Cobertura,192,4,3,5,1999,27,2013,14981.83,2876511.36
SP-000805,SP,São Paulo,Saúde,Zona Sul,Apartamento,49,1,1,1,2013,13,2020,7273.67,356409.83
SP-000806,SP,São Paulo,Morumbi,Zona Sul,Casa,122,4,2,2,1991,35,2017,6210.78,757715.16
SP-000807,SP,São Paulo,Vila Mariana,Zona Sul,Apartamento,90,4,3,2,2012,14,2024,12277.33,1104959.7
SP-000808,SP,São Paulo,Tatuapé,Zona Leste,Apartamento,84,2,1,2,2004,22,2013,7375.36,619530.24
SP-000809,SP,São Paulo,Santana,Zona Norte,Apartamento,71,2,1,1,2010,16,2025,8735.37,620211.27
SP-000810,SP,São Paulo,Campo Belo,Zona Sul,Apartamento,40,1,1,0,2001,25,2023,11520.24,460809.6
SP-000811,SP,São Paulo,Mooca,Zona Leste,Casa,83,2,2,1,2008,18,2017,6798.47,564273.01
SP-000812,SP,São Paulo,Pinheiros,Zona Oeste,Cobertura,141,3,4,2,2025,1,2018,22100.0,3116100.0
SP-000813,SP,São Paulo,Itaim Bibi,Zona Sul/Oeste,Apartamento,54,2,2,1,2023,3,2025,18711.75,1010434.5
SP-000814,SP,São Paulo,Mooca,Zona Leste,Apartamento,72,3,2,1,2025,1,2017,8541.36,614977.92
SP-000815,SP,São Paulo,Saúde,Zona Sul,Apartamento,63,2,2,1,2005,21,2016,7384.09,465197.67
SP-000816,SP,São Paulo,Ipiranga,Zona Sul,Apartamento,249,4,4,3,2009,17,2026,9181.37,2286161.13
SP-000817,SP,São Paulo,Tatuapé,Zona Leste,Apartamento,49,1,1,0,2000,26,2025,8473.72,415212.28
SP-000818,SP,São Paulo,Pinheiros,Zona Oeste,Casa,93,3,3,1,2006,20,2014,8328.02,774505.86
SP-000819,SP,São Paulo,Itaim Bibi,Zona Sul/Oeste,Apartamento,118,2,3,1,2001,25,2015,11706.67,1381387.06
SP-000820,SP,São Paulo,Mooca,Zona Leste,Apartamento,113,3,3,1,2023,3,2014,8301.74,938096.62
SP-000821,SP,São Paulo,Brooklin,Zona Sul,Apartamento,61,2,2,1,2001,25,2026,13773.34,840173.74
SP-000822,SP,São Paulo,Ipiranga,Zona Sul,Apartamento,61,2,2,1,2019,7,2021,8866.32,540845.52
SP-000823,SP,São Paulo,Moema,Zona Sul,Apartamento,53,3,2,1,2003,23,2016,11403.05,604361.65
SP-000824,SP,São Paulo,Jardim Paulista,Zona Oeste,Apartamento,79,2,2,1,2015,11,2016,10775.93,851298.47
SP-000825,SP,São Paulo,Santana,Zona Norte,Apartamento,164,4,4,4,1991,35,2020,6781.99,1112246.36
SP-000826,SP,São Paulo,Campo Belo,Zona Sul,Casa,85,3,3,1,2015,11,2016,8544.48,726280.8
SP-000827,SP,São Paulo,Lapa,Zona Oeste,Apartamento,58,2,2,1,2018,8,2023,10864.54,630143.32
SP-000828,SP,São Paulo,Mooca,Zona Leste,Apartamento,170,4,3,2,2001,25,2026,10195.91,1733304.7
SP-000829,SP,São Paulo,Saúde,Zona Sul,Casa,88,2,3,2,2021,5,2019,7780.33,684669.04
SP-000830,SP,São Paulo,Pinheiros,Zona Oeste,Apartamento,113,3,2,2,2017,9,2021,15569.26,1759326.38
SP-000831,SP,São Paulo,Brooklin,Zona Sul,Apartamento,104,3,3,1,1980,46,2016,8172.45,849934.8
SP-000832,SP,São Paulo,Aclimação,Centro/Sul,Casa,82,2,2,2,2002,24,2013,6939.29,569021.78
SP-000833,SP,São Paulo,Lapa,Zona Oeste,Apartamento,82,2,1,1,1975,51,2024,8543.04,700529.28
SP-000834,SP,São Paulo,Morumbi,Zona Sul,Apartamento,133,3,3,2,1985,41,2015,5961.9,792932.7
SP-000835,SP,São Paulo,Campo Belo,Zona Sul,Apartamento,91,3,2,1,2004,22,2023,11299.51,1028255.41
SP-000836,SP,São Paulo,Campo Belo,Zona Sul,Apartamento,45,1,1,0,2021,5,2026,14069.36,633121.2
SP-000837,SP,São Paulo,Bela Vista,Centro/Sul,Apartamento,39,2,1,0,2009,17,2021,8096.48,315762.72
SP-000838,SP,São Paulo,Brooklin,Zona Sul,Casa,126,3,2,2,2000,26,2015,7524.91,948138.66
SP-000839,SP,São Paulo,Saúde,Zona Sul,Apartamento,161,4,4,4,2005,21,2021,9312.02,1499235.22
SP-000840,SP,São Paulo,Brooklin,Zona Sul,Apartamento,65,2,1,2,1991,35,2015,8422.61,547469.65
SP-000841,SP,São Paulo,Tatuapé,Zona Leste,Casa,136,3,2,2,1983,43,2013,5263.35,715815.6
SP-000842,SP,São Paulo,Santana,Zona Norte,Apartamento,36,1,1,1,2013,13,2022,6463.94,232701.84
SP-000843,SP,São Paulo,Itaim Bibi,Zona Sul/Oeste,Apartamento,113,2,2,3,2002,24,2017,13960.75,1577564.75
SP-000844,SP,São Paulo,Lapa,Zona Oeste,Apartamento,65,3,2,1,1979,47,2022,7570.29,492068.85
SP-000845,SP,São Paulo,Moema,Zona Sul,Apartamento,101,3,2,1,1993,33,2016,9954.96,1005450.96
SP-000846,SP,São Paulo,Santana,Zona Norte,Apartamento,71,2,2,1,2010,16,2020,7412.64,526297.44
SP-000847,SP,São Paulo,Aclimação,Centro/Sul,Casa,136,3,3,1,1999,27,2022,8355.21,1136308.56
SP-000848,SP,São Paulo,Pinheiros,Zona Oeste,Casa,235,4,3,3,2017,9,2020,14834.23,3486044.05
SP-000849,SP,São Paulo,Itaim Bibi,Zona Sul/Oeste,Apartamento,46,2,1,0,1999,27,2014,8810.63,405288.98
SP-000850,SP,São Paulo,Vila Madalena,Zona Oeste,Apartamento,76,2,2,1,1984,42,2014,7874.1,598431.6
SP-000851,SP,São Paulo,Perdizes,Zona Oeste,Casa,126,4,2,2,1998,28,2025,10880.34,1370922.84
SP-000852,SP,São Paulo,Saúde,Zona Sul,Casa,107,4,2,2,1995,31,2022,6973.63,746178.41
SP-000853,SP,São Paulo,Jardim Paulista,Zona Oeste,Apartamento,53,2,2,1,2023,3,2014,14200.16,752608.48
SP-000854,SP,São Paulo,Morumbi,Zona Sul,Casa,97,3,2,2,2010,16,2021,5889.62,571293.14
SP-000855,SP,São Paulo,Lapa,Zona Oeste,Apartamento,142,3,4,3,2009,17,2026,10200.82,1448516.44
SP-000856,SP,São Paulo,Vila Mariana,Zona Sul,Apartamento,64,2,2,1,1992,34,2025,12045.66,770922.24
SP-000857,SP,São Paulo,Ipiranga,Zona Sul,Casa,333,4,4,5,2023,3,2021,10550.39,3513279.87
SP-000858,SP,São Paulo,Tatuapé,Zona Leste,Apartamento,69,2,2,1,2024,2,2014,8090.07,558214.83
SP-000859,SP,São Paulo,Moema,Zona Sul,Apartamento,57,3,2,1,1992,34,2021,10966.24,625075.68
SP-000860,SP,São Paulo,Perdizes,Zona Oeste,Apartamento,40,1,1,0,2008,18,2022,10840.32,433612.8
SP-000861,SP,São Paulo,Mooca,Zona Leste,Apartamento,54,2,2,2,2023,3,2022,11352.53,613036.62
SP-000862,SP,São Paulo,Perdizes,Zona Oeste,Apartamento,35,1,1,0,2020,6,2018,10014.14,350494.9
SP-000863,SP,São Paulo,Lapa,Zona Oeste,Casa,91,2,2,2,1989,37,2014,6283.95,571839.45
SP-000864,SP,São Paulo,Itaim Bibi,Zona Sul/Oeste,Apartamento,36,2,1,0,2011,15,2022,13891.39,500090.04
SP-000865,SP,São Paulo,Campo Belo,Zona Sul,Apartamento,166,4,4,5,2010,16,2020,12171.67,2020497.22
SP-000866,SP,São Paulo,Itaim Bibi,Zona Sul/Oeste,Apartamento,79,2,2,2,2025,1,2013,13811.18,1091083.22
SP-000867,SP,São Paulo,Ipiranga,Zona Sul,Apartamento,81,2,1,1,1998,28,2013,4525.03,366527.43
SP-000868,SP,São Paulo,Vila Madalena,Zona Oeste,Cobertura,156,3,5,2,2010,16,2023,18754.08,2925636.48
SP-000869,SP,São Paulo,Pinheiros,Zona Oeste,Apartamento,43,1,1,0,2024,2,2018,13873.53,596561.79
SP-000870,SP,São Paulo,Tatuapé,Zona Leste,Apartamento,70,2,2,2,1996,30,2024,9036.92,632584.4
SP-000871,SP,São Paulo,Saúde,Zona Sul,Cobertura,145,4,4,5,2019,7,2016,14127.08,2048426.6
SP-000872,SP,São Paulo,Ipiranga,Zona Sul,Apartamento,75,2,2,1,1998,28,2021,6741.9,505642.5
SP-000873,SP,São Paulo,Saúde,Zona Sul,Apartamento,40,2,1,1,2008,18,2017,7167.87,286714.8
SP-000874,SP,São Paulo,Itaim Bibi,Zona Sul/Oeste,Apartamento,61,2,2,1,2004,22,2014,11766.1,717732.1
SP-000875,SP,São Paulo,Morumbi,Zona Sul,Casa,104,3,2,2,2015,11,2024,7972.87,829178.48
SP-000876,SP,São Paulo,Santana,Zona Norte,Apartamento,63,3,2,1,1986,40,2025,7329.37,461750.31
SP-000877,SP,São Paulo,Aclimação,Centro/Sul,Apartamento,47,1,1,1,1986,40,2023,8043.76,378056.72
SP-000878,SP,São Paulo,Mooca,Zona Leste,Casa,161,3,3,3,1989,37,2022,8021.38,1291442.18
SP-000879,SP,São Paulo,Vila Madalena,Zona Oeste,Apartamento,190,3,4,3,2009,17,2015,9612.79,1826430.1
SP-000880,SP,São Paulo,Aclimação,Centro/Sul,Casa,86,3,2,2,1999,27,2013,5977.35,514052.1
SP-000881,SP,São Paulo,Jardim Paulista,Zona Oeste,Apartamento,81,2,1,1,2017,9,2022,15378.34,1245645.54
SP-000882,SP,São Paulo,Bela Vista,Centro/Sul,Casa,98,3,2,2,2009,17,2015,6433.41,630474.18
SP-000883,SP,São Paulo,Jardim Paulista,Zona Oeste,Apartamento,50,3,2,1,2018,8,2013,10986.12,549306.0
SP-000884,SP,São Paulo,Campo Belo,Zona Sul,Apartamento,124,4,3,2,2015,11,2023,12522.69,1552813.56
SP-000885,SP,São Paulo,Saúde,Zona Sul,Apartamento,33,2,1,0,2003,23,2021,7677.51,253357.83
SP-000886,SP,São Paulo,Perdizes,Zona Oeste,Apartamento,33,2,1,0,1999,27,2017,8428.47,278139.51
SP-000887,SP,São Paulo,Saúde,Zona Sul,Apartamento,32,2,1,0,2021,5,2020,7735.0,247520.0
SP-000888,SP,São Paulo,Santana,Zona Norte,Apartamento,107,4,3,3,2015,11,2013,6004.85,642518.95
SP-000889,SP,São Paulo,Santana,Zona Norte,Apartamento,42,1,1,0,2011,15,2014,5627.9,236371.8
SP-000890,SP,São Paulo,Vila Madalena,Zona Oeste,Apartamento,43,1,1,0,1989,37,2014,6973.65,299866.95
SP-000891,SP,São Paulo,Itaim Bibi,Zona Sul/Oeste,Casa,127,4,3,2,2021,5,2017,13975.79,1774925.33
SP-000892,SP,São Paulo,Itaim Bibi,Zona Sul/Oeste,Casa,169,4,5,5,1983,43,2015,9781.87,1653136.03
SP-000893,SP,São Paulo,Moema,Zona Sul,Apartamento,78,2,1,1,1998,28,2021,12297.55,959208.9
SP-000894,SP,São Paulo,Vila Mariana,Zona Sul,Apartamento,54,2,1,1,2020,6,2017,9295.75,501970.5
SP-000895,SP,São Paulo,Tatuapé,Zona Leste,Apartamento,100,3,3,2,2024,2,2013,8284.39,828439.0
SP-000896,SP,São Paulo,Jardim Paulista,Zona Oeste,Casa,121,3,3,2,2010,16,2017,12192.06,1475239.26
SP-000897,SP,São Paulo,Saúde,Zona Sul,Apartamento,47,1,1,0,1988,38,2013,5126.59,240949.73
SP-000898,SP,São Paulo,Pinheiros,Zona Oeste,Apartamento,87,3,3,2,2010,16,2026,16295.48,1417706.76
SP-000899,SP,São Paulo,Mooca,Zona Leste,Casa,115,2,2,2,2016,10,2015,6725.29,773408.35
SP-000900,SP,São Paulo,Aclimação,Centro/Sul,Casa,94,3,3,3,2013,13,2024,11140.41,1047198.54
SP-000901,SP,São Paulo,Aclimação,Centro/Sul,Casa,80,3,1,1,2020,6,2020,9164.79,733183.2
SP-000902,SP,São Paulo,Itaim Bibi,Zona Sul/Oeste,Casa,94,3,2,2,2021,5,2019,13383.87,1258083.78
SP-000903,SP,São Paulo,Mooca,Zona Leste,Apartamento,60,2,2,1,2022,4,2018,8479.31,508758.6
SP-000904,SP,São Paulo,Bela Vista,Centro/Sul,Apartamento,83,2,1,1,2016,10,2021,8861.21,735480.43
SP-000905,SP,São Paulo,Vila Mariana,Zona Sul,Apartamento,49,2,1,1,1981,45,2020,8805.14,431451.86
SP-000906,SP,São Paulo,Santana,Zona Norte,Apartamento,58,2,2,1,2011,15,2022,7599.92,440795.36
SP-000907,SP,São Paulo,Ipiranga,Zona Sul,Apartamento,84,3,1,2,1994,32,2021,8028.59,674401.56
SP-000908,SP,São Paulo,Itaim Bibi,Zona Sul/Oeste,Casa,169,3,5,4,2017,9,2025,19275.39,3257540.91
SP-000909,SP,São Paulo,Vila Madalena,Zona Oeste,Apartamento,46,1,1,1,2000,26,2018,9833.22,452328.12
SP-000910,SP,São Paulo,Santana,Zona Norte,Apartamento,65,2,2,1,2001,25,2020,7636.05,496343.25
SP-000911,SP,São Paulo,Vila Madalena,Zona Oeste,Apartamento,40,1,1,0,1982,44,2015,7989.27,319570.8
SP-000912,SP,São Paulo,Aclimação,Centro/Sul,Apartamento,89,3,3,1,2000,26,2018,8454.66,752464.74
SP-000913,SP,São Paulo,Moema,Zona Sul,Apartamento,59,3,2,1,2024,2,2021,15530.13,916277.67
SP-000914,SP,São Paulo,Saúde,Zona Sul,Apartamento,103,3,2,2,2002,24,2016,7203.78,741989.34
SP-000915,SP,São Paulo,Campo Belo,Zona Sul,Apartamento,46,1,1,0,2003,23,2024,11803.37,542955.02
SP-000916,SP,São Paulo,Pinheiros,Zona Oeste,Apartamento,55,2,1,1,2025,1,2014,11542.74,634850.7
SP-000917,SP,São Paulo,Pinheiros,Zona Oeste,Apartamento,87,3,3,1,1986,40,2023,12560.06,1092725.22
SP-000918,SP,São Paulo,Pinheiros,Zona Oeste,Apartamento,64,3,2,1,2014,12,2017,11532.51,738080.64
SP-000919,SP,São Paulo,Bela Vista,Centro/Sul,Apartamento,238,4,4,2,2017,9,2020,9481.8,2256668.4
SP-000920,SP,São Paulo,Jardim Paulista,Zona Oeste,Apartamento,69,2,2,1,2005,21,2013,9787.73,675353.37
SP-000921,SP,São Paulo,Aclimação,Centro/Sul,Apartamento,70,3,2,2,2013,13,2020,10090.65,706345.5
SP-000922,SP,São Paulo,Santana,Zona Norte,Apartamento,119,3,3,2,2009,17,2025,8920.06,1061487.14
SP-000923,SP,São Paulo,Tatuapé,Zona Leste,Apartamento,57,3,2,1,2020,6,2015,7232.28,412239.96
SP-000924,SP,São Paulo,Vila Mariana,Zona Sul,Apartamento,63,2,1,1,2002,24,2018,10118.94,637493.22
SP-000925,SP,São Paulo,Itaim Bibi,Zona Sul/Oeste,Apartamento,42,1,1,1,2014,12,2016,11484.16,482334.72
SP-000926,SP,São Paulo,Itaim Bibi,Zona Sul/Oeste,Apartamento,81,2,1,2,1989,37,2021,14532.75,1177152.75
SP-000927,SP,São Paulo,Aclimação,Centro/Sul,Apartamento,56,2,2,1,1978,48,2021,8421.82,471621.92
SP-000928,SP,São Paulo,Pinheiros,Zona Oeste,Casa,149,5,4,4,2023,3,2023,15505.28,2310286.72
SP-000929,SP,São Paulo,Moema,Zona Sul,Casa,120,3,3,1,2024,2,2025,18718.57,2246228.4
SP-000930,SP,São Paulo,Moema,Zona Sul,Apartamento,60,2,1,1,2016,10,2013,11221.02,673261.2
SP-000931,SP,São Paulo,Mooca,Zona Leste,Apartamento,122,2,3,1,2020,6,2015,6780.76,827252.72
SP-000932,SP,São Paulo,Brooklin,Zona Sul,Apartamento,55,2,1,1,1989,37,2022,11357.54,624664.7
SP-000933,SP,São Paulo,Morumbi,Zona Sul,Apartamento,49,2,1,0,2012,14,2021,6828.37,334590.13
SP-000934,SP,São Paulo,Vila Mariana,Zona Sul,Apartamento,158,5,4,3,2019,7,2019,11038.73,1744119.34
SP-000935,SP,São Paulo,Aclimação,Centro/Sul,Apartamento,34,1,1,0,1995,31,2021,8536.78,290250.52
SP-000936,SP,São Paulo,Santana,Zona Norte,Casa,282,4,4,4,1995,31,2023,7822.0,2205804.0
SP-000937,SP,São Paulo,Moema,Zona Sul,Apartamento,134,4,2,2,2008,18,2024,13662.61,1830789.74
SP-000938,SP,São Paulo,Santana,Zona Norte,Apartamento,38,2,1,0,1981,45,2025,6567.95,249582.1
SP-000939,SP,São Paulo,Lapa,Zona Oeste,Casa,133,2,2,2,2015,11,2023,8092.73,1076333.09
SP-000940,SP,São Paulo,Mooca,Zona Leste,Apartamento,88,3,2,3,1987,39,2019,7954.1,699960.8
SP-000941,SP,São Paulo,Jardim Paulista,Zona Oeste,Apartamento,98,3,3,2,1987,39,2017,10643.06,1043019.88
SP-000942,SP,São Paulo,Perdizes,Zona Oeste,Apartamento,71,2,2,1,1988,38,2025,12010.17,852722.07
SP-000943,SP,São Paulo,Tatuapé,Zona Leste,Apartamento,53,2,2,1,1994,32,2013,6038.52,320041.56
SP-000944,SP,São Paulo,Jardim Paulista,Zona Oeste,Apartamento,101,3,3,3,1985,41,2020,13023.01,1315324.01
SP-000945,SP,São Paulo,Vila Mariana,Zona Sul,Apartamento,71,2,2,2,1981,45,2019,9463.77,671927.67
SP-000946,SP,São Paulo,Vila Madalena,Zona Oeste,Cobertura,121,2,3,2,2014,12,2026,23092.83,2794232.43
SP-000947,SP,São Paulo,Campo Belo,Zona Sul,Casa,95,3,3,2,2017,9,2018,11570.63,1099209.85
SP-000948,SP,São Paulo,Moema,Zona Sul,Apartamento,84,3,2,1,2015,11,2021,13023.92,1094009.28
SP-000949,SP,São Paulo,Pinheiros,Zona Oeste,Apartamento,47,1,1,1,1994,32,2016,9407.91,442171.77
SP-000950,SP,São Paulo,Ipiranga,Zona Sul,Casa,84,3,1,1,2011,15,2020,6299.62,529168.08
SP-000951,SP,São Paulo,Pinheiros,Zona Oeste,Casa,115,3,3,2,2006,20,2025,13407.76,1541892.4
SP-000952,SP,São Paulo,Bela Vista,Centro/Sul,Casa,108,3,3,2,2009,17,2015,7009.86,757064.88
SP-000953,SP,São Paulo,Pinheiros,Zona Oeste,Casa,200,3,4,3,1996,30,2020,11854.43,2370886.0
SP-000954,SP,São Paulo,Saúde,Zona Sul,Casa,109,4,3,2,1998,28,2018,6588.75,718173.75
SP-000955,SP,São Paulo,Aclimação,Centro/Sul,Casa,87,3,2,3,1987,39,2013,6756.4,587806.8
SP-000956,SP,São Paulo,Itaim Bibi,Zona Sul/Oeste,Apartamento,61,2,2,1,1993,33,2017,12166.76,742172.36
SP-000957,SP,São Paulo,Lapa,Zona Oeste,Apartamento,32,1,1,1,2024,2,2021,9617.47,307759.04
SP-000958,SP,São Paulo,Mooca,Zona Leste,Apartamento,50,2,2,1,2017,9,2025,9732.87,486643.5
SP-000959,SP,São Paulo,Tatuapé,Zona Leste,Apartamento,52,3,2,2,2008,18,2019,9393.02,488437.04
SP-000960,SP,São Paulo,Perdizes,Zona Oeste,Apartamento,52,2,2,1,2022,4,2018,9234.93,480216.36
SP-000961,SP,São Paulo,Moema,Zona Sul,Apartamento,37,1,1,1,1993,33,2026,13723.52,507770.24
SP-000962,SP,São Paulo,Mooca,Zona Leste,Casa,119,3,3,2,2013,13,2015,6930.09,824680.71
SP-000963,SP,São Paulo,Morumbi,Zona Sul,Casa,116,3,3,2,1978,48,2026,7520.91,872425.56
SP-000964,SP,São Paulo,Aclimação,Centro/Sul,Cobertura,205,3,3,2,2015,11,2019,12003.92,2460803.6
SP-000965,SP,São Paulo,Jardim Paulista,Zona Oeste,Apartamento,69,2,2,1,2019,7,2014,12716.58,877444.02
SP-000966,SP,São Paulo,Tatuapé,Zona Leste,Casa,152,4,5,2,2005,21,2025,8659.56,1316253.12
SP-000967,SP,São Paulo,Lapa,Zona Oeste,Apartamento,41,2,1,0,2010,16,2025,8870.05,363672.05
SP-000968,SP,São Paulo,Pinheiros,Zona Oeste,Apartamento,180,3,4,3,2004,22,2023,16638.54,2994937.2
SP-000969,SP,São Paulo,Lapa,Zona Oeste,Apartamento,37,2,1,1,1978,48,2015,5404.68,199973.16
SP-000970,SP,São Paulo,Perdizes,Zona Oeste,Cobertura,123,2,2,1,1994,32,2023,16029.57,1971637.11
SP-000971,SP,São Paulo,Tatuapé,Zona Leste,Apartamento,42,1,1,0,1991,35,2019,6960.8,292353.6
SP-000972,SP,São Paulo,Ipiranga,Zona Sul,Apartamento,47,1,1,0,2018,8,2025,9289.29,436596.63
SP-000973,SP,São Paulo,Perdizes,Zona Oeste,Apartamento,53,2,1,1,2023,3,2017,11389.35,603635.55
SP-000974,SP,São Paulo,Tatuapé,Zona Leste,Casa,239,4,4,2,2025,1,2017,8782.16,2098936.24
SP-000975,SP,São Paulo,Lapa,Zona Oeste,Apartamento,105,3,2,2,2017,9,2022,10058.02,1056092.1
SP-000976,SP,São Paulo,Lapa,Zona Oeste,Apartamento,59,3,2,1,2010,16,2020,7438.74,438885.66
SP-000977,SP,São Paulo,Vila Madalena,Zona Oeste,Apartamento,87,3,2,2,1982,44,2015,9438.4,821140.8
SP-000978,SP,São Paulo,Vila Madalena,Zona Oeste,Apartamento,103,4,3,1,1981,45,2015,7782.16,801562.48
SP-000979,SP,São Paulo,Jardim Paulista,Zona Oeste,Apartamento,40,1,1,0,2021,5,2020,14227.28,569091.2
SP-000980,SP,São Paulo,Bela Vista,Centro/Sul,Apartamento,80,2,2,1,2020,6,2022,8866.61,709328.8
SP-000981,SP,São Paulo,Saúde,Zona Sul,Apartamento,65,3,2,1,1989,37,2025,8185.12,532032.8
SP-000982,SP,São Paulo,Santana,Zona Norte,Apartamento,49,1,1,1,1979,47,2015,5228.6,256201.4
SP-000983,SP,São Paulo,Bela Vista,Centro/Sul,Casa,129,4,3,1,2015,11,2024,8889.16,1146701.64
SP-000984,SP,São Paulo,Bela Vista,Centro/Sul,Casa,82,3,2,1,2024,2,2018,8266.35,677840.7
SP-000985,SP,São Paulo,Lapa,Zona Oeste,Apartamento,40,1,1,0,2012,14,2018,5744.09,229763.6
SP-000986,SP,São Paulo,Aclimação,Centro/Sul,Apartamento,54,2,2,1,2021,5,2015,8781.9,474222.6
SP-000987,SP,São Paulo,Bela Vista,Centro/Sul,Apartamento,85,3,3,1,1987,39,2021,7838.73,666292.05
SP-000988,SP,São Paulo,Bela Vista,Centro/Sul,Apartamento,40,1,1,0,2023,3,2026,11468.05,458722.0
SP-000989,SP,São Paulo,Tatuapé,Zona Leste,Casa,93,3,3,2,2007,19,2020,8512.23,791637.39
SP-000990,SP,São Paulo,Pinheiros,Zona Oeste,Apartamento,112,3,3,2,2020,6,2023,16171.29,1811184.48
SP-000991,SP,São Paulo,Mooca,Zona Leste,Casa,92,3,2,2,2007,19,2023,8916.18,820288.56
SP-000992,SP,São Paulo,Pinheiros,Zona Oeste,Apartamento,75,2,1,1,2025,1,2013,9645.53,723414.75
SP-000993,SP,São Paulo,Lapa,Zona Oeste,Apartamento,40,1,1,0,2007,19,2014,6339.26,253570.4
SP-000994,SP,São Paulo,Santana,Zona Norte,Apartamento,45,1,1,1,1984,42,2013,4067.36,183031.2
SP-000995,SP,São Paulo,Santana,Zona Norte,Apartamento,97,4,3,1,1986,40,2019,6558.09,636134.73
SP-000996,SP,São Paulo,Brooklin,Zona Sul,Apartamento,63,3,2,1,2021,5,2017,10540.08,664025.04
SP-000997,SP,São Paulo,Vila Mariana,Zona Sul,Casa,99,3,2,2,2021,5,2017,9228.42,913613.58
SP-000998,SP,São Paulo,Brooklin,Zona Sul,Apartamento,53,2,2,2,2018,8,2015,10598.71,561731.63
SP-000999,SP,São Paulo,Perdizes,Zona Oeste,Apartamento,85,2,3,1,2000,26,2015,8153.01,693005.85
SP-001000,SP,São Paulo,Saúde,Zona Sul,Apartamento,81,2,2,1,2001,25,2023,7629.22,617966.82
SP-001001,SP,São Paulo,Tatuapé,Zona Leste,Apartamento,220,4,3,3,2016,10,2026,12518.09,2753979.8
SP-001002,SP,São Paulo,Santana,Zona Norte,Casa,95,3,2,2,1990,36,2021,7014.41,666368.95
SP-001003,SP,São Paulo,Santana,Zona Norte,Casa,151,5,3,3,1998,28,2019,6724.93,1015464.43
SP-001004,SP,São Paulo,Itaim Bibi,Zona Sul/Oeste,Apartamento,40,2,1,1,1983,43,2016,10598.85,423954.0
SP-001005,SP,São Paulo,Itaim Bibi,Zona Sul/Oeste,Casa,80,2,2,2,1991,35,2025,15372.41,1229792.8
SP-001006,SP,São Paulo,Vila Mariana,Zona Sul,Casa,93,3,2,2,1978,48,2022,9521.97,885543.21
SP-001007,SP,São Paulo,Itaim Bibi,Zona Sul/Oeste,Cobertura,132,2,3,2,2025,1,2017,24243.66,3200163.12
SP-001008,SP,São Paulo,Perdizes,Zona Oeste,Apartamento,187,5,5,3,2012,14,2018,10887.21,2035908.27
SP-001009,SP,São Paulo,Vila Mariana,Zona Sul,Apartamento,172,5,4,4,2001,25,2025,11824.26,2033772.72
SP-001010,SP,São Paulo,Vila Madalena,Zona Oeste,Apartamento,58,3,2,1,2010,16,2020,10630.58,616573.64
SP-001011,SP,São Paulo,Vila Mariana,Zona Sul,Apartamento,101,3,2,1,2004,22,2023,11218.24,1133042.24
SP-001012,SP,São Paulo,Bela Vista,Centro/Sul,Apartamento,105,3,2,2,2020,6,2018,9486.85,996119.25
SP-001013,SP,São Paulo,Lapa,Zona Oeste,Apartamento,188,5,4,2,2004,22,2024,8364.02,1572435.76
SP-001014,SP,São Paulo,Jardim Paulista,Zona Oeste,Casa,118,4,3,2,2020,6,2017,13681.76,1614447.68
SP-001015,SP,São Paulo,Mooca,Zona Leste,Apartamento,48,1,1,1,2023,3,2017,8006.04,384289.92
SP-001016,SP,São Paulo,Pinheiros,Zona Oeste,Apartamento,82,2,1,1,2025,1,2018,13896.73,1139531.86
SP-001017,SP,São Paulo,Aclimação,Centro/Sul,Casa,194,3,4,4,2022,4,2013,7037.97,1365366.18
SP-001018,SP,São Paulo,Moema,Zona Sul,Apartamento,92,3,3,2,2013,13,2025,16012.94,1473190.48
SP-001019,SP,São Paulo,Itaim Bibi,Zona Sul/Oeste,Apartamento,120,3,3,2,2005,21,2022,14618.38,1754205.6
SP-001020,SP,São Paulo,Tatuapé,Zona Leste,Casa,118,3,3,2,2005,21,2017,7774.05,917337.9
SP-001021,SP,São Paulo,Perdizes,Zona Oeste,Cobertura,134,4,2,2,1987,39,2026,16068.05,2153118.7
SP-001022,SP,São Paulo,Vila Mariana,Zona Sul,Apartamento,43,1,1,0,2007,19,2022,10861.56,467047.08
SP-001023,SP,São Paulo,Saúde,Zona Sul,Casa,122,3,3,2,2011,15,2015,5652.15,689562.3
SP-001024,SP,São Paulo,Santana,Zona Norte,Apartamento,58,2,2,1,2008,18,2020,7024.93,407445.94
SP-001025,SP,São Paulo,Mooca,Zona Leste,Casa,141,4,4,3,2024,2,2024,10622.95,1497835.95
SP-001026,SP,São Paulo,Santana,Zona Norte,Apartamento,33,1,1,0,2025,1,2015,6845.1,225888.3
SP-001027,SP,São Paulo,Tatuapé,Zona Leste,Apartamento,45,2,1,1,1992,34,2019,7629.17,343312.65
SP-001028,SP,São Paulo,Pinheiros,Zona Oeste,Apartamento,72,2,1,2,1992,34,2022,11986.96,863061.12
SP-001029,SP,São Paulo,Santana,Zona Norte,Casa,108,3,2,1,1992,34,2013,4601.15,496924.2
SP-001030,SP,São Paulo,Bela Vista,Centro/Sul,Apartamento,32,1,1,1,2019,7,2014,7107.1,227427.2
SP-001031,SP,São Paulo,Moema,Zona Sul,Apartamento,70,3,2,1,2023,3,2024,16754.17,1172791.9
SP-001032,SP,São Paulo,Vila Madalena,Zona Oeste,Casa,84,3,2,1,2021,5,2018,10457.43,878424.12
SP-001033,SP,São Paulo,Morumbi,Zona Sul,Apartamento,34,1,1,0,2022,4,2020,8458.22,287579.48
SP-001034,SP,São Paulo,Bela Vista,Centro/Sul,Apartamento,75,2,1,1,2021,5,2024,10973.28,822996.0
SP-001035,SP,São Paulo,Mooca,Zona Leste,Apartamento,59,2,2,1,2018,8,2020,9656.4,569727.6
SP-001036,SP,São Paulo,Saúde,Zona Sul,Apartamento,33,1,1,1,1982,44,2015,6134.97,202454.01
SP-001037,SP,São Paulo,Vila Madalena,Zona Oeste,Apartamento,94,3,3,2,1987,39,2014,8410.83,790618.02
SP-001038,SP,São Paulo,Perdizes,Zona Oeste,Apartamento,32,1,1,0,1995,31,2019,8664.1,277251.2
SP-001039,SP,São Paulo,Mooca,Zona Leste,Casa,101,3,3,2,2019,7,2025,9493.99,958892.99
SP-001040,SP,São Paulo,Perdizes,Zona Oeste,Apartamento,46,2,1,0,2025,1,2021,12513.17,575605.82
SP-001041,SP,São Paulo,Santana,Zona Norte,Apartamento,62,3,1,1,2007,19,2019,7210.24,447034.88
SP-001042,SP,São Paulo,Morumbi,Zona Sul,Apartamento,38,1,1,1,2009,17,2014,5790.44,220036.72
SP-001043,SP,São Paulo,Brooklin,Zona Sul,Apartamento,84,3,2,2,1990,36,2018,9742.78,818393.52
SP-001044,SP,São Paulo,Saúde,Zona Sul,Apartamento,36,2,1,0,2014,12,2024,7702.72,277297.92
SP-001045,SP,São Paulo,Morumbi,Zona Sul,Apartamento,48,2,1,1,1985,41,2018,5976.7,286881.6
SP-001046,SP,São Paulo,Santana,Zona Norte,Apartamento,50,2,2,1,2021,5,2017,6787.12,339356.0
SP-001047,SP,São Paulo,Santana,Zona Norte,Apartamento,104,3,2,2,2009,17,2017,6788.76,706031.04
SP-001048,SP,São Paulo,Pinheiros,Zona Oeste,Apartamento,64,3,2,1,2017,9,2015,11534.49,738207.36
SP-001049,SP,São Paulo,Ipiranga,Zona Sul,Apartamento,145,4,5,3,1979,47,2021,6878.02,997312.9
SP-001050,SP,São Paulo,Vila Mariana,Zona Sul,Apartamento,75,2,2,1,2021,5,2026,13752.1,1031407.5
SP-001051,SP,São Paulo,Moema,Zona Sul,Apartamento,144,3,4,2,2016,10,2014,11789.22,1697647.68
SP-001052,SP,São Paulo,Santana,Zona Norte,Casa,82,2,2,1,2024,2,2021,8015.4,657262.8
SP-001053,SP,São Paulo,Perdizes,Zona Oeste,Apartamento,36,1,1,1,2006,20,2016,9151.23,329444.28
SP-001054,SP,São Paulo,Vila Mariana,Zona Sul,Apartamento,70,2,2,1,2009,17,2020,10515.05,736053.5
SP-001055,SP,São Paulo,Santana,Zona Norte,Apartamento,73,2,2,1,1978,48,2014,5136.98,374999.54
SP-001056,SP,São Paulo,Pinheiros,Zona Oeste,Apartamento,42,1,1,0,1979,47,2018,9581.07,402404.94
SP-001057,SP,São Paulo,Bela Vista,Centro/Sul,Apartamento,33,1,1,1,2011,15,2021,8692.82,286863.06
SP-001058,SP,São Paulo,Saúde,Zona Sul,Apartamento,37,1,1,1,1989,37,2024,7576.67,280336.79
SP-001059,SP,São Paulo,Perdizes,Zona Oeste,Apartamento,103,2,3,2,2013,13,2026,12896.32,1328320.96
SP-001060,SP,São Paulo,Brooklin,Zona Sul,Apartamento,152,3,4,3,1995,31,2017,9661.4,1468532.8
SP-001061,SP,São Paulo,Pinheiros,Zona Oeste,Apartamento,33,1,1,0,2002,24,2016,11015.01,363495.33
SP-001062,SP,São Paulo,Lapa,Zona Oeste,Apartamento,170,4,5,3,2007,19,2022,8991.09,1528485.3
SP-001063,SP,São Paulo,Morumbi,Zona Sul,Apartamento,83,2,1,1,1984,42,2013,5167.99,428943.17
SP-001064,SP,São Paulo,Santana,Zona Norte,Apartamento,96,3,3,2,2001,25,2023,7906.56,759029.76
SP-001065,SP,São Paulo,Bela Vista,Centro/Sul,Apartamento,84,2,2,1,2003,23,2024,9681.72,813264.48
SP-001066,SP,São Paulo,Morumbi,Zona Sul,Apartamento,203,3,5,5,2024,2,2025,14001.49,2842302.47
SP-001067,SP,São Paulo,Lapa,Zona Oeste,Apartamento,68,2,2,1,2016,10,2014,7269.0,494292.0
SP-001068,SP,São Paulo,Saúde,Zona Sul,Apartamento,45,1,1,0,2015,11,2013,5555.93,250016.85
SP-001069,SP,São Paulo,Itaim Bibi,Zona Sul/Oeste,Apartamento,46,2,1,0,1999,27,2022,13316.02,612536.92
SP-001070,SP,São Paulo,Pinheiros,Zona Oeste,Apartamento,38,1,1,0,1988,38,2019,9387.86,356738.68
SP-001071,SP,São Paulo,Campo Belo,Zona Sul,Apartamento,37,2,1,1,2009,17,2014,8365.54,309524.98
SP-001072,SP,São Paulo,Brooklin,Zona Sul,Apartamento,81,2,2,1,2005,21,2024,12169.29,985712.49
SP-001073,SP,São Paulo,Pinheiros,Zona Oeste,Casa,82,2,2,2,2000,26,2023,11902.39,975995.98
SP-001074,SP,São Paulo,Saúde,Zona Sul,Apartamento,107,3,3,1,2023,3,2017,8746.79,935906.53
SP-001075,SP,São Paulo,Perdizes,Zona Oeste,Apartamento,38,2,1,1,2009,17,2023,11952.57,454197.66
SP-001076,SP,São Paulo,Vila Mariana,Zona Sul,Apartamento,42,1,1,0,2010,16,2013,6355.63,266936.46
SP-001077,SP,São Paulo,Aclimação,Centro/Sul,Apartamento,38,1,1,1,2006,20,2025,10624.5,403731.0
SP-001078,SP,São Paulo,Aclimação,Centro/Sul,Apartamento,64,3,1,1,2013,13,2020,8138.74,520879.36
SP-001079,SP,São Paulo,Jardim Paulista,Zona Oeste,Casa,89,3,2,3,2010,16,2015,11207.52,997469.28
SP-001080,SP,São Paulo,Santana,Zona Norte,Apartamento,66,2,1,1,2016,10,2024,9812.06,647595.96
SP-001081,SP,São Paulo,Bela Vista,Centro/Sul,Cobertura,143,4,4,4,2024,2,2024,19439.62,2779865.66
SP-001082,SP,São Paulo,Ipiranga,Zona Sul,Apartamento,83,2,2,2,2018,8,2019,9133.78,758103.74
SP-001083,SP,São Paulo,Aclimação,Centro/Sul,Casa,116,3,3,2,2003,23,2020,8227.05,954337.8
SP-001084,SP,São Paulo,Campo Belo,Zona Sul,Apartamento,67,2,1,1,2020,6,2019,12494.75,837148.25
SP-001085,SP,São Paulo,Santana,Zona Norte,Apartamento,49,1,1,0,2015,11,2017,5823.55,285353.95
SP-001086,SP,São Paulo,Moema,Zona Sul,Casa,109,2,2,2,2021,5,2023,14430.53,1572927.77
SP-001087,SP,São Paulo,Mooca,Zona Leste,Apartamento,43,2,1,0,2013,13,2017,6813.9,292997.7
SP-001088,SP,São Paulo,Campo Belo,Zona Sul,Apartamento,59,3,1,1,2015,11,2014,8566.19,505405.21
SP-001089,SP,São Paulo,Itaim Bibi,Zona Sul/Oeste,Casa,136,3,3,2,2023,3,2016,14365.78,1953746.08
SP-001090,SP,São Paulo,Morumbi,Zona Sul,Apartamento,38,2,1,0,2011,15,2019,7454.97,283288.86
SP-001091,SP,São Paulo,Ipiranga,Zona Sul,Apartamento,149,4,3,3,2009,17,2026,10454.56,1557729.44
SP-001092,SP,São Paulo,Perdizes,Zona Oeste,Apartamento,102,3,3,2,2023,3,2020,14706.76,1500089.52
SP-001093,SP,São Paulo,Santana,Zona Norte,Apartamento,63,2,2,1,2023,3,2015,7023.45,442477.35
SP-001094,SP,São Paulo,Moema,Zona Sul,Apartamento,76,2,1,1,2003,23,2018,12543.44,953301.44
SP-001095,SP,São Paulo,Aclimação,Centro/Sul,Apartamento,38,1,1,0,2016,10,2018,8396.5,319067.0
SP-001096,SP,São Paulo,Saúde,Zona Sul,Apartamento,88,4,2,2,1981,45,2024,7547.66,664194.08
SP-001097,SP,São Paulo,Perdizes,Zona Oeste,Apartamento,45,2,1,0,2019,7,2018,9732.95,437982.75
SP-001098,SP,São Paulo,Ipiranga,Zona Sul,Apartamento,173,4,3,3,1999,27,2017,6589.49,1139981.77
SP-001099,SP,São Paulo,Vila Mariana,Zona Sul,Apartamento,106,4,3,2,2004,22,2017,10473.35,1110175.1
SP-001100,SP,São Paulo,Morumbi,Zona Sul,Casa,145,4,4,4,2017,9,2026,10466.5,1517642.5
SP-001101,SP,São Paulo,Santana,Zona Norte,Apartamento,58,2,2,1,2010,16,2017,6215.35,360490.3
SP-001102,SP,São Paulo,Itaim Bibi,Zona Sul/Oeste,Apartamento,50,2,1,2,2008,18,2023,16209.08,810454.0
SP-001103,SP,São Paulo,Pinheiros,Zona Oeste,Apartamento,46,1,1,1,1992,34,2023,13323.9,612899.4
SP-001104,SP,São Paulo,Mooca,Zona Leste,Casa,110,3,3,2,2003,23,2023,8450.17,929518.7
SP-001105,SP,São Paulo,Vila Madalena,Zona Oeste,Apartamento,202,5,3,5,1993,33,2013,9198.53,1858103.06
SP-001106,SP,São Paulo,Itaim Bibi,Zona Sul/Oeste,Apartamento,52,3,1,1,2017,9,2021,14555.03,756861.56
SP-001107,SP,São Paulo,Perdizes,Zona Oeste,Apartamento,129,3,2,2,2015,11,2025,13533.29,1745794.41
SP-001108,SP,São Paulo,Morumbi,Zona Sul,Apartamento,126,3,2,2,2011,15,2020,7994.03,1007247.78
SP-001109,SP,São Paulo,Bela Vista,Centro/Sul,Apartamento,65,3,2,1,2017,9,2022,9754.39,634035.35
SP-001110,SP,São Paulo,Lapa,Zona Oeste,Casa,140,4,3,2,1997,29,2022,6780.99,949338.6
SP-001111,SP,São Paulo,Santana,Zona Norte,Casa,163,4,5,3,2008,18,2024,7338.96,1196250.48
SP-001112,SP,São Paulo,Vila Mariana,Zona Sul,Casa,156,4,3,3,2023,3,2015,11236.12,1752834.72
SP-001113,SP,São Paulo,Vila Mariana,Zona Sul,Apartamento,38,1,1,0,1976,50,2013,6671.48,253516.24
SP-001114,SP,São Paulo,Ipiranga,Zona Sul,Apartamento,43,1,1,0,1977,49,2026,7143.51,307170.93
SP-001115,SP,São Paulo,Perdizes,Zona Oeste,Apartamento,95,2,3,1,2016,10,2016,9198.63,873869.85
SP-001116,SP,São Paulo,Perdizes,Zona Oeste,Casa,135,3,3,3,1976,50,2020,9495.78,1281930.3
SP-001117,SP,São Paulo,Morumbi,Zona Sul,Apartamento,148,4,4,5,2020,6,2014,8205.59,1214427.32
SP-001118,SP,São Paulo,Morumbi,Zona Sul,Apartamento,53,3,1,2,1990,36,2026,7880.53,417668.09
SP-001119,SP,São Paulo,Santana,Zona Norte,Apartamento,38,1,1,1,2025,1,2022,9174.79,348642.02
SP-001120,SP,São Paulo,Morumbi,Zona Sul,Apartamento,82,3,1,2,2021,5,2024,10184.37,835118.34
SP-001121,SP,São Paulo,Aclimação,Centro/Sul,Apartamento,58,2,1,1,1978,48,2013,5560.82,322527.56
SP-001122,SP,São Paulo,Santana,Zona Norte,Apartamento,37,1,1,0,2007,19,2020,7326.53,271081.61
SP-001123,SP,São Paulo,Mooca,Zona Leste,Casa,85,3,3,2,2025,1,2015,7550.61,641801.85
SP-001124,SP,São Paulo,Lapa,Zona Oeste,Apartamento,52,2,1,1,1993,33,2017,6813.54,354304.08
SP-001125,SP,São Paulo,Perdizes,Zona Oeste,Casa,127,3,3,2,2011,15,2013,8646.77,1098139.79
SP-001126,SP,São Paulo,Morumbi,Zona Sul,Cobertura,169,3,4,3,2010,16,2026,14361.35,2427068.15
SP-001127,SP,São Paulo,Vila Madalena,Zona Oeste,Apartamento,85,3,2,2,2024,2,2014,12020.8,1021768.0
SP-001128,SP,São Paulo,Tatuapé,Zona Leste,Apartamento,47,1,1,0,2025,1,2023,11927.82,560607.54
SP-001129,SP,São Paulo,Bela Vista,Centro/Sul,Apartamento,90,4,2,2,2025,1,2021,11883.84,1069545.6
SP-001130,SP,São Paulo,Campo Belo,Zona Sul,Apartamento,42,1,1,1,2012,14,2015,9488.01,398496.42
SP-001131,SP,São Paulo,Aclimação,Centro/Sul,Apartamento,33,1,1,1,2004,22,2019,8971.16,296048.28
SP-001132,SP,São Paulo,Pinheiros,Zona Oeste,Apartamento,63,2,2,2,2014,12,2016,12258.47,772283.61
SP-001133,SP,São Paulo,Brooklin,Zona Sul,Apartamento,53,2,2,2,1997,29,2026,13784.82,730595.46
SP-001134,SP,São Paulo,Aclimação,Centro/Sul,Casa,83,2,1,1,1991,35,2013,5823.08,483315.64
SP-001135,SP,São Paulo,Ipiranga,Zona Sul,Apartamento,46,1,1,0,1991,35,2026,7590.96,349184.16
SP-001136,SP,São Paulo,Jardim Paulista,Zona Oeste,Apartamento,58,2,2,1,2019,7,2022,16386.36,950408.88
SP-001137,SP,São Paulo,Saúde,Zona Sul,Casa,99,3,2,2,1983,43,2022,7369.7,729600.3
SP-001138,SP,São Paulo,Aclimação,Centro/Sul,Apartamento,92,3,2,3,1997,29,2019,9035.02,831221.84
SP-001139,SP,São Paulo,Mooca,Zona Leste,Cobertura,213,5,4,2,2021,5,2017,11475.2,2444217.6
SP-001140,SP,São Paulo,Morumbi,Zona Sul,Casa,193,4,3,5,2004,22,2015,6852.01,1322437.93
SP-001141,SP,São Paulo,Brooklin,Zona Sul,Apartamento,81,2,1,2,2016,10,2014,10248.63,830139.03
SP-001142,SP,São Paulo,Aclimação,Centro/Sul,Casa,107,2,2,2,1993,33,2020,7739.79,828157.53
SP-001143,SP,São Paulo,Moema,Zona Sul,Apartamento,66,2,2,1,2012,14,2017,11937.64,787884.24
SP-001144,SP,São Paulo,Lapa,Zona Oeste,Casa,266,3,4,4,1994,32,2022,8425.37,2241148.42
SP-001145,SP,São Paulo,Moema,Zona Sul,Apartamento,34,1,1,0,2000,26,2026,14651.49,498150.66
SP-001146,SP,São Paulo,Perdizes,Zona Oeste,Apartamento,56,2,1,1,2004,22,2022,9948.15,557096.4
SP-001147,SP,São Paulo,Vila Mariana,Zona Sul,Apartamento,33,1,1,1,2001,25,2025,10594.57,349620.81
SP-001148,SP,São Paulo,Aclimação,Centro/Sul,Apartamento,113,4,3,2,1997,29,2013,7451.15,841979.95
SP-001149,SP,São Paulo,Aclimação,Centro/Sul,Casa,98,3,3,2,1994,32,2015,6351.71,622467.58
SP-001150,SP,São Paulo,Mooca,Zona Leste,Casa,278,5,4,2,2009,17,2026,9496.54,2640038.12
SP-001151,SP,São Paulo,Campo Belo,Zona Sul,Apartamento,61,2,1,1,2005,21,2022,11744.33,716404.13
SP-001152,SP,São Paulo,Saúde,Zona Sul,Apartamento,45,1,1,0,2009,17,2017,6352.22,285849.9
SP-001153,SP,São Paulo,Brooklin,Zona Sul,Apartamento,59,2,2,1,1993,33,2024,11360.9,670293.1
SP-001154,SP,São Paulo,Morumbi,Zona Sul,Apartamento,77,2,1,2,1978,48,2015,6097.33,469494.41
SP-001155,SP,São Paulo,Morumbi,Zona Sul,Apartamento,48,1,1,1,2002,24,2026,8567.18,411224.64
SP-001156,SP,São Paulo,Moema,Zona Sul,Casa,101,3,3,1,2012,14,2018,10862.18,1097080.18
SP-001157,SP,São Paulo,Campo Belo,Zona Sul,Apartamento,164,5,3,3,2017,9,2019,12929.39,2120419.96
SP-001158,SP,São Paulo,Mooca,Zona Leste,Apartamento,103,3,3,3,1993,33,2020,7728.23,796007.69
SP-001159,SP,São Paulo,Jardim Paulista,Zona Oeste,Apartamento,57,2,1,1,2004,22,2022,14164.17,807357.69
SP-001160,SP,São Paulo,Itaim Bibi,Zona Sul/Oeste,Apartamento,71,2,2,1,1997,29,2025,15180.53,1077817.63
SP-001161,SP,São Paulo,Itaim Bibi,Zona Sul/Oeste,Casa,266,4,3,2,2001,25,2015,11760.91,3128402.06
SP-001162,SP,São Paulo,Tatuapé,Zona Leste,Apartamento,225,4,3,4,1997,29,2025,11663.08,2624193.0
SP-001163,SP,São Paulo,Brooklin,Zona Sul,Apartamento,85,3,3,2,1999,27,2017,10406.57,884558.45
SP-001164,SP,São Paulo,Tatuapé,Zona Leste,Casa,353,5,4,3,2008,18,2015,6583.87,2324106.11
SP-001165,SP,São Paulo,Itaim Bibi,Zona Sul/Oeste,Apartamento,89,3,3,1,2005,21,2019,13910.95,1238074.55
SP-001166,SP,São Paulo,Campo Belo,Zona Sul,Apartamento,101,3,3,2,2020,6,2015,10056.69,1015725.69
SP-001167,SP,São Paulo,Itaim Bibi,Zona Sul/Oeste,Casa,142,4,4,5,1985,41,2019,12911.42,1833421.64
SP-001168,SP,São Paulo,Lapa,Zona Oeste,Casa,137,3,2,2,2022,4,2014,6612.31,905886.47
SP-001169,SP,São Paulo,Itaim Bibi,Zona Sul/Oeste,Apartamento,85,2,3,1,2015,11,2022,15066.28,1280633.8
SP-001170,SP,São Paulo,Perdizes,Zona Oeste,Apartamento,62,2,2,1,2012,14,2025,10881.8,674671.6
SP-001171,SP,São Paulo,Ipiranga,Zona Sul,Casa,272,3,4,4,2011,15,2018,7076.49,1924805.28
SP-001172,SP,São Paulo,Morumbi,Zona Sul,Apartamento,104,3,3,3,1985,41,2014,5892.78,612849.12
SP-001173,SP,São Paulo,Campo Belo,Zona Sul,Apartamento,33,1,1,0,2021,5,2025,13717.42,452674.86
SP-001174,SP,São Paulo,Perdizes,Zona Oeste,Cobertura,134,2,2,3,2023,3,2016,17718.98,2374343.32
SP-001175,SP,São Paulo,Perdizes,Zona Oeste,Casa,275,3,3,2,2007,19,2022,9708.33,2669790.75
SP-001176,SP,São Paulo,Ipiranga,Zona Sul,Apartamento,44,1,1,1,2013,13,2022,7675.71,337731.24
SP-001177,SP,São Paulo,Itaim Bibi,Zona Sul/Oeste,Casa,138,4,3,3,2022,4,2024,19016.13,2624225.94
SP-001178,SP,São Paulo,Santana,Zona Norte,Apartamento,157,3,3,3,2020,6,2026,10182.34,1598627.38
SP-001179,SP,São Paulo,Lapa,Zona Oeste,Apartamento,64,2,2,1,1989,37,2014,5470.59,350117.76
SP-001180,SP,São Paulo,Mooca,Zona Leste,Apartamento,102,4,3,2,2018,8,2017,7970.0,812940.0
SP-001181,SP,São Paulo,Tatuapé,Zona Leste,Apartamento,92,3,2,2,2008,18,2024,10553.24,970898.08
SP-001182,SP,São Paulo,Pinheiros,Zona Oeste,Casa,94,3,3,3,2018,8,2019,11889.92,1117652.48
SP-001183,SP,São Paulo,Jardim Paulista,Zona Oeste,Apartamento,140,5,4,3,2015,11,2018,13679.47,1915125.8
SP-001184,SP,São Paulo,Ipiranga,Zona Sul,Apartamento,113,2,3,2,2020,6,2024,10491.65,1185556.45
SP-001185,SP,São Paulo,Brooklin,Zona Sul,Apartamento,40,1,1,0,2018,8,2014,10045.09,401803.6
SP-001186,SP,São Paulo,Morumbi,Zona Sul,Casa,263,4,4,2,2016,10,2013,6440.77,1693922.51
SP-001187,SP,São Paulo,Perdizes,Zona Oeste,Apartamento,40,1,1,1,2025,1,2022,13805.89,552235.6
SP-001188,SP,São Paulo,Ipiranga,Zona Sul,Cobertura,376,3,4,4,2013,13,2013,9954.24,3742794.24
SP-001189,SP,São Paulo,Santana,Zona Norte,Apartamento,32,1,1,1,2023,3,2024,9325.81,298425.92
SP-001190,SP,São Paulo,Moema,Zona Sul,Apartamento,106,3,3,2,2014,12,2021,13838.77,1466909.62
SP-001191,SP,São Paulo,Jardim Paulista,Zona Oeste,Apartamento,65,2,1,1,2006,20,2018,11551.75,750863.75
SP-001192,SP,São Paulo,Lapa,Zona Oeste,Apartamento,94,3,3,3,1996,30,2016,7264.75,682886.5
SP-001193,SP,São Paulo,Vila Madalena,Zona Oeste,Apartamento,215,3,3,3,1986,40,2016,11076.41,2381428.15
SP-001194,SP,São Paulo,Lapa,Zona Oeste,Apartamento,74,3,2,2,2018,8,2018,9771.33,723078.42
SP-001195,SP,São Paulo,Ipiranga,Zona Sul,Apartamento,62,3,2,1,2000,26,2024,7356.39,456096.18
SP-001196,SP,São Paulo,Jardim Paulista,Zona Oeste,Apartamento,62,2,1,1,2025,1,2014,12337.76,764941.12
SP-001197,SP,São Paulo,Lapa,Zona Oeste,Apartamento,77,2,2,1,2009,17,2015,6740.5,519018.5
SP-001198,SP,São Paulo,Pinheiros,Zona Oeste,Apartamento,143,5,3,5,1987,39,2018,12637.75,1807198.25
SP-001199,SP,São Paulo,Morumbi,Zona Sul,Casa,91,3,2,2,2017,9,2025,8539.85,777126.35
SP-001200,SP,São Paulo,Campo Belo,Zona Sul,Apartamento,32,1,1,1,1989,37,2024,10984.53,351504.96
SP-001201,SP,São Paulo,Vila Mariana,Zona Sul,Apartamento,123,3,2,3,2007,19,2019,10836.99,1332949.77
SP-001202,SP,São Paulo,Vila Mariana,Zona Sul,Apartamento,62,2,1,1,1999,27,2016,8880.19,550571.78
SP-001203,SP,São Paulo,Moema,Zona Sul,Casa,196,5,4,3,2020,6,2016,12494.14,2448851.44
SP-001204,SP,São Paulo,Lapa,Zona Oeste,Apartamento,59,2,1,1,2009,17,2018,7440.21,438972.39
SP-001205,SP,São Paulo,Lapa,Zona Oeste,Casa,119,3,3,2,2010,16,2019,6425.61,764647.59
SP-001206,SP,São Paulo,Vila Mariana,Zona Sul,Casa,212,5,3,2,2001,25,2015,7985.29,1692881.48
SP-001207,SP,São Paulo,Aclimação,Centro/Sul,Apartamento,130,3,3,2,2009,17,2014,7143.93,928710.9
SP-001208,SP,São Paulo,Aclimação,Centro/Sul,Apartamento,117,3,3,2,1992,34,2016,7756.78,907543.26
SP-001209,SP,São Paulo,Morumbi,Zona Sul,Apartamento,63,3,2,2,1979,47,2017,6141.23,386897.49
SP-001210,SP,São Paulo,Itaim Bibi,Zona Sul/Oeste,Apartamento,90,4,2,1,1999,27,2022,15424.59,1388213.1
SP-001211,SP,São Paulo,Pinheiros,Zona Oeste,Apartamento,56,2,1,1,2019,7,2025,15336.92,858867.52
SP-001212,SP,São Paulo,Santana,Zona Norte,Apartamento,112,3,3,2,2002,24,2020,8547.99,957374.88
SP-001213,SP,São Paulo,Bela Vista,Centro/Sul,Apartamento,185,3,4,5,2017,9,2021,11673.69,2159632.65
SP-001214,SP,São Paulo,Pinheiros,Zona Oeste,Apartamento,124,2,3,2,2022,4,2026,17057.34,2115110.16
SP-001215,SP,São Paulo,Itaim Bibi,Zona Sul/Oeste,Apartamento,33,1,1,0,2023,3,2016,13665.62,450965.46
SP-001216,SP,São Paulo,Tatuapé,Zona Leste,Casa,258,4,4,4,2017,9,2021,9068.32,2339626.56
SP-001217,SP,São Paulo,Itaim Bibi,Zona Sul/Oeste,Casa,112,4,3,1,2012,14,2022,13599.77,1523174.24
SP-001218,SP,São Paulo,Saúde,Zona Sul,Apartamento,128,3,2,2,2010,16,2018,7178.63,918864.64
SP-001219,SP,São Paulo,Jardim Paulista,Zona Oeste,Apartamento,116,4,3,1,1991,35,2018,12044.63,1397177.08
SP-001220,SP,São Paulo,Bela Vista,Centro/Sul,Apartamento,200,3,5,2,2014,12,2024,9934.39,1986878.0
SP-001221,SP,São Paulo,Brooklin,Zona Sul,Apartamento,35,2,1,0,2008,18,2024,11405.63,399197.05
SP-001222,SP,São Paulo,Morumbi,Zona Sul,Apartamento,34,2,1,0,1994,32,2019,6712.94,228239.96
SP-001223,SP,São Paulo,Aclimação,Centro/Sul,Apartamento,50,2,1,2,2012,14,2020,8868.54,443427.0
SP-001224,SP,São Paulo,Campo Belo,Zona Sul,Apartamento,57,2,2,1,2016,10,2013,8261.25,470891.25
SP-001225,SP,São Paulo,Pinheiros,Zona Oeste,Apartamento,37,2,1,0,1994,32,2016,9086.79,336211.23
SP-001226,SP,São Paulo,Jardim Paulista,Zona Oeste,Apartamento,174,5,3,3,2012,14,2015,12224.27,2127022.98
SP-001227,SP,São Paulo,Saúde,Zona Sul,Apartamento,52,3,2,1,2020,6,2017,7745.46,402763.92
SP-001228,SP,São Paulo,Saúde,Zona Sul,Apartamento,99,3,3,2,1996,30,2015,6365.18,630152.82
SP-001229,SP,São Paulo,Campo Belo,Zona Sul,Apartamento,38,1,1,0,1978,48,2026,10484.33,398404.54
SP-001230,SP,São Paulo,Aclimação,Centro/Sul,Apartamento,93,3,3,2,2024,2,2014,8145.23,757506.39
SP-001231,SP,São Paulo,Itaim Bibi,Zona Sul/Oeste,Cobertura,137,4,2,2,2013,13,2015,19701.89,2699158.93
SP-001232,SP,São Paulo,Lapa,Zona Oeste,Casa,98,3,3,2,2011,15,2025,9745.07,955016.86
SP-001233,SP,São Paulo,Pinheiros,Zona Oeste,Apartamento,68,2,2,1,1991,35,2016,10688.86,726842.48
SP-001234,SP,São Paulo,Perdizes,Zona Oeste,Apartamento,36,2,1,0,2018,8,2019,10279.8,370072.8
SP-001235,SP,São Paulo,Santana,Zona Norte,Cobertura,310,4,3,3,2015,11,2025,11762.68,3646430.8
SP-001236,SP,São Paulo,Morumbi,Zona Sul,Casa,332,3,4,3,2013,13,2018,6833.96,2268874.72
SP-001237,SP,São Paulo,Saúde,Zona Sul,Apartamento,73,2,2,1,2025,1,2014,7108.0,518884.0
SP-001238,SP,São Paulo,Perdizes,Zona Oeste,Apartamento,59,2,1,1,2010,16,2025,11547.95,681329.05
SP-001239,SP,São Paulo,Moema,Zona Sul,Apartamento,36,1,1,0,2005,21,2013,10069.67,362508.12
SP-001240,SP,São Paulo,Ipiranga,Zona Sul,Apartamento,91,3,2,2,2009,17,2016,6930.84,630706.44
SP-001241,SP,São Paulo,Vila Madalena,Zona Oeste,Apartamento,113,3,3,1,2021,5,2022,14951.55,1689525.15
SP-001242,SP,São Paulo,Lapa,Zona Oeste,Apartamento,47,1,1,0,2018,8,2018,8243.56,387447.32
SP-001243,SP,São Paulo,Campo Belo,Zona Sul,Apartamento,89,4,3,1,2019,7,2020,12349.65,1099118.85
SP-001244,SP,São Paulo,Ipiranga,Zona Sul,Apartamento,50,2,2,2,2006,20,2019,7256.87,362843.5
SP-001245,SP,São Paulo,Santana,Zona Norte,Apartamento,249,3,3,4,2010,16,2018,7686.48,1913933.52
SP-001246,SP,São Paulo,Perdizes,Zona Oeste,Apartamento,34,1,1,0,2018,8,2014,9500.79,323026.86
SP-001247,SP,São Paulo,Ipiranga,Zona Sul,Apartamento,61,2,2,1,2024,2,2019,8852.34,539992.74
SP-001248,SP,São Paulo,Moema,Zona Sul,Apartamento,47,1,1,0,2013,13,2021,12785.72,600928.84
SP-001249,SP,São Paulo,Vila Mariana,Zona Sul,Apartamento,119,3,3,1,2003,23,2026,12849.29,1529065.51
SP-001250,SP,São Paulo,Lapa,Zona Oeste,Apartamento,50,2,1,1,2000,26,2014,6144.13,307206.5
SP-001251,SP,São Paulo,Saúde,Zona Sul,Apartamento,38,2,1,0,2014,12,2024,8347.6,317208.8
SP-001252,SP,São Paulo,Ipiranga,Zona Sul,Apartamento,35,2,1,1,2008,18,2024,8526.44,298425.4
SP-001253,SP,São Paulo,Vila Mariana,Zona Sul,Apartamento,55,2,2,1,2011,15,2017,10489.31,576912.05
SP-001254,SP,São Paulo,Pinheiros,Zona Oeste,Apartamento,42,1,1,1,2011,15,2022,14007.3,588306.6
SP-001255,SP,São Paulo,Lapa,Zona Oeste,Casa,81,2,2,2,2005,21,2026,9329.69,755704.89
SP-001256,SP,São Paulo,Vila Madalena,Zona Oeste,Apartamento,42,2,1,1,2009,17,2020,11533.86,484422.12
SP-001257,SP,São Paulo,Moema,Zona Sul,Apartamento,70,2,1,1,1999,27,2020,11761.9,823333.0
SP-001258,SP,São Paulo,Bela Vista,Centro/Sul,Apartamento,48,1,1,1,2011,15,2017,7505.52,360264.96
SP-001259,SP,São Paulo,Campo Belo,Zona Sul,Casa,101,3,3,2,2017,9,2016,10169.72,1027141.72
SP-001260,SP,São Paulo,Tatuapé,Zona Leste,Casa,144,3,4,3,2011,15,2017,7830.01,1127521.44
SP-001261,SP,São Paulo,Saúde,Zona Sul,Apartamento,64,3,2,1,1982,44,2017,5974.97,382398.08
SP-001262,SP,São Paulo,Vila Mariana,Zona Sul,Casa,85,3,3,2,1995,31,2025,10582.77,899535.45
SP-001263,SP,São Paulo,Bela Vista,Centro/Sul,Apartamento,32,1,1,0,1999,27,2021,6923.42,221549.44
SP-001264,SP,São Paulo,Santana,Zona Norte,Casa,82,2,1,2,1996,30,2018,5864.14,480859.48
SP-001265,SP,São Paulo,Bela Vista,Centro/Sul,Apartamento,52,2,2,1,2018,8,2026,12073.76,627835.52
SP-001266,SP,São Paulo,Pinheiros,Zona Oeste,Apartamento,68,2,2,2,1986,40,2014,10449.4,710559.2
SP-001267,SP,São Paulo,Saúde,Zona Sul,Apartamento,32,1,1,1,2024,2,2016,8204.83,262554.56
SP-001268,SP,São Paulo,Tatuapé,Zona Leste,Apartamento,52,2,1,1,2021,5,2025,9907.15,515171.8
SP-001269,SP,São Paulo,Campo Belo,Zona Sul,Apartamento,74,2,1,2,2013,13,2019,9830.26,727439.24
SP-001270,SP,São Paulo,Vila Madalena,Zona Oeste,Apartamento,43,1,1,0,2013,13,2013,8502.38,365602.34
SP-001271,SP,São Paulo,Perdizes,Zona Oeste,Casa,130,3,3,2,2022,4,2021,10908.38,1418089.4
SP-001272,SP,São Paulo,Ipiranga,Zona Sul,Apartamento,63,2,1,2,1993,33,2026,9129.64,575167.32
SP-001273,SP,São Paulo,Campo Belo,Zona Sul,Apartamento,45,1,1,0,1996,30,2015,7897.7,355396.5
SP-001274,SP,São Paulo,Vila Madalena,Zona Oeste,Apartamento,46,1,1,1,1994,32,2026,12884.16,592671.36
SP-001275,SP,São Paulo,Santana,Zona Norte,Apartamento,63,3,2,1,2008,18,2014,6252.37,393899.31
SP-001276,SP,São Paulo,Vila Madalena,Zona Oeste,Apartamento,50,2,1,2,2015,11,2022,12462.65,623132.5
SP-001277,SP,São Paulo,Ipiranga,Zona Sul,Apartamento,160,5,3,3,2005,21,2023,9616.19,1538590.4
SP-001278,SP,São Paulo,Pinheiros,Zona Oeste,Casa,88,3,3,2,2001,25,2021,11940.46,1050760.48
SP-001279,SP,São Paulo,Moema,Zona Sul,Apartamento,81,2,2,1,2017,9,2016,12751.91,1032904.71
SP-001280,SP,São Paulo,Jardim Paulista,Zona Oeste,Apartamento,65,2,1,1,1993,33,2018,12461.63,810005.95
SP-001281,SP,São Paulo,Aclimação,Centro/Sul,Apartamento,131,3,3,3,2025,1,2019,12098.8,1584942.8
SP-001282,SP,São Paulo,Vila Madalena,Zona Oeste,Apartamento,82,2,2,1,2021,5,2019,12347.11,1012463.02
SP-001283,SP,São Paulo,Campo Belo,Zona Sul,Casa,103,3,3,1,1987,39,2017,8423.01,867570.03
SP-001284,SP,São Paulo,Pinheiros,Zona Oeste,Apartamento,63,2,2,1,1988,38,2020,12363.29,778887.27
SP-001285,SP,São Paulo,Santana,Zona Norte,Apartamento,35,1,1,0,2021,5,2014,6332.33,221631.55
SP-001286,SP,São Paulo,Moema,Zona Sul,Apartamento,179,3,4,3,2010,16,2018,12967.61,2321202.19
SP-001287,SP,São Paulo,Perdizes,Zona Oeste,Apartamento,95,3,2,2,2009,17,2024,11904.72,1130948.4
SP-001288,SP,São Paulo,Pinheiros,Zona Oeste,Casa,91,2,2,1,2003,23,2024,12505.72,1138020.52
SP-001289,SP,São Paulo,Lapa,Zona Oeste,Apartamento,62,2,1,1,2019,7,2016,7586.1,470338.2
SP-001290,SP,São Paulo,Brooklin,Zona Sul,Apartamento,35,1,1,0,1997,29,2015,7520.65,263222.75
SP-001291,SP,São Paulo,Aclimação,Centro/Sul,Apartamento,72,2,1,2,2007,19,2014,7710.48,555154.56
SP-001292,SP,São Paulo,Tatuapé,Zona Leste,Casa,219,4,3,4,1996,30,2016,7015.73,1536444.87
SP-001293,SP,São Paulo,Vila Mariana,Zona Sul,Apartamento,61,2,1,1,2012,14,2022,11406.72,695809.92
SP-001294,SP,São Paulo,Mooca,Zona Leste,Cobertura,183,3,3,5,1992,34,2024,14103.76,2580988.08
SP-001295,SP,São Paulo,Itaim Bibi,Zona Sul/Oeste,Apartamento,112,3,2,2,2016,10,2026,18090.85,2026175.2
SP-001296,SP,São Paulo,Aclimação,Centro/Sul,Apartamento,38,1,1,0,2015,11,2022,8750.29,332511.02
SP-001297,SP,São Paulo,Ipiranga,Zona Sul,Apartamento,132,4,2,2,2017,9,2020,9035.69,1192711.08
SP-001298,SP,São Paulo,Bela Vista,Centro/Sul,Apartamento,138,2,3,2,2000,26,2020,7636.62,1053853.56
SP-001299,SP,São Paulo,Perdizes,Zona Oeste,Apartamento,40,1,1,1,2013,13,2021,11388.97,455558.8
SP-001300,SP,São Paulo,Vila Madalena,Zona Oeste,Apartamento,144,4,4,3,2011,15,2015,11169.41,1608395.04
SP-001301,SP,São Paulo,Mooca,Zona Leste,Casa,158,5,3,3,2014,12,2015,6588.66,1041008.28
SP-001302,SP,São Paulo,Vila Mariana,Zona Sul,Casa,95,4,2,3,2023,3,2016,11523.31,1094714.45
SP-001303,SP,São Paulo,Jardim Paulista,Zona Oeste,Casa,82,3,2,1,2008,18,2017,11166.35,915640.7
SP-001304,SP,São Paulo,Itaim Bibi,Zona Sul/Oeste,Apartamento,36,1,1,0,2005,21,2024,16790.93,604473.48
SP-001305,SP,São Paulo,Bela Vista,Centro/Sul,Casa,232,3,3,5,2019,7,2023,9720.1,2255063.2
SP-001306,SP,São Paulo,Vila Madalena,Zona Oeste,Apartamento,97,3,3,3,2005,21,2020,12410.34,1203802.98
SP-001307,SP,São Paulo,Morumbi,Zona Sul,Cobertura,163,3,4,2,2002,24,2016,9426.53,1536524.39
SP-001308,SP,São Paulo,Lapa,Zona Oeste,Apartamento,35,1,1,0,1986,40,2021,6895.42,241339.7
SP-001309,SP,São Paulo,Ipiranga,Zona Sul,Apartamento,181,4,4,2,2023,3,2015,8672.5,1569722.5
SP-001310,SP,São Paulo,Santana,Zona Norte,Casa,120,3,2,2,2025,1,2025,10040.87,1204904.4
SP-001311,SP,São Paulo,Brooklin,Zona Sul,Casa,152,5,4,2,1987,39,2019,9314.76,1415843.52
SP-001312,SP,São Paulo,Saúde,Zona Sul,Casa,102,4,3,2,2017,9,2016,6314.56,644085.12
SP-001313,SP,São Paulo,Perdizes,Zona Oeste,Apartamento,66,2,2,1,2005,21,2023,12830.74,846828.84
SP-001314,SP,São Paulo,Santana,Zona Norte,Casa,120,3,2,2,2005,21,2025,7270.99,872518.8
SP-001315,SP,São Paulo,Mooca,Zona Leste,Apartamento,136,3,3,3,2021,5,2013,7349.81,999574.16
SP-001316,SP,São Paulo,Pinheiros,Zona Oeste,Apartamento,101,2,2,2,2015,11,2022,14369.23,1451292.23
SP-001317,SP,São Paulo,Saúde,Zona Sul,Apartamento,39,1,1,1,2015,11,2014,6093.74,237655.86
SP-001318,SP,São Paulo,Mooca,Zona Leste,Apartamento,160,3,4,3,2005,21,2017,8025.11,1284017.6
SP-001319,SP,São Paulo,Morumbi,Zona Sul,Apartamento,96,3,3,1,2023,3,2015,7587.25,728376.0
SP-001320,SP,São Paulo,Lapa,Zona Oeste,Apartamento,85,4,3,2,1995,31,2024,8014.43,681226.55
SP-001321,SP,São Paulo,Morumbi,Zona Sul,Apartamento,42,1,1,0,1980,46,2015,4695.09,197193.78
SP-001322,SP,São Paulo,Lapa,Zona Oeste,Apartamento,77,2,1,1,2023,3,2019,8801.16,677689.32
SP-001323,SP,São Paulo,Vila Madalena,Zona Oeste,Apartamento,92,3,2,2,1993,33,2016,10478.62,964033.04
SP-001324,SP,São Paulo,Itaim Bibi,Zona Sul/Oeste,Casa,184,3,3,3,2023,3,2018,16417.67,3020851.28
SP-001325,SP,São Paulo,Bela Vista,Centro/Sul,Apartamento,113,3,2,1,2015,11,2017,7782.31,879401.03
SP-001326,SP,São Paulo,Moema,Zona Sul,Apartamento,62,2,1,1,2004,22,2022,13593.01,842766.62
SP-001327,SP,São Paulo,Brooklin,Zona Sul,Casa,104,3,3,2,1998,28,2022,10452.52,1087062.08
SP-001328,SP,São Paulo,Mooca,Zona Leste,Apartamento,43,2,1,0,2015,11,2018,6855.2,294773.6
SP-001329,SP,São Paulo,Santana,Zona Norte,Casa,109,3,3,3,2008,18,2017,6625.05,722130.45
SP-001330,SP,São Paulo,Vila Mariana,Zona Sul,Apartamento,52,3,1,1,2024,2,2013,9771.77,508132.04
SP-001331,SP,São Paulo,Brooklin,Zona Sul,Apartamento,44,1,1,0,2013,13,2019,10826.37,476360.28
SP-001332,SP,São Paulo,Morumbi,Zona Sul,Apartamento,96,3,2,3,1991,35,2022,7426.11,712906.56
SP-001333,SP,São Paulo,Moema,Zona Sul,Apartamento,35,1,1,1,2020,6,2026,17262.53,604188.55
SP-001334,SP,São Paulo,Vila Mariana,Zona Sul,Apartamento,87,3,2,2,1982,44,2016,8477.39,737532.93
SP-001335,SP,São Paulo,Mooca,Zona Leste,Casa,205,4,4,3,1997,29,2021,8037.38,1647662.9
SP-001336,SP,São Paulo,Saúde,Zona Sul,Apartamento,229,4,5,4,2024,2,2020,11598.58,2656074.82
SP-001337,SP,São Paulo,Vila Madalena,Zona Oeste,Apartamento,113,3,3,1,2024,2,2020,15098.89,1706174.57
SP-001338,SP,São Paulo,Ipiranga,Zona Sul,Apartamento,32,1,1,1,1996,30,2017,6451.79,206457.28
SP-001339,SP,São Paulo,Moema,Zona Sul,Casa,205,3,5,4,1984,42,2018,11066.96,2268726.8
SP-001340,SP,São Paulo,Brooklin,Zona Sul,Apartamento,55,2,1,1,2012,14,2023,11215.33,616843.15
SP-001341,SP,São Paulo,Bela Vista,Centro/Sul,Casa,284,3,3,4,2008,18,2023,9918.59,2816879.56
SP-001342,SP,São Paulo,Brooklin,Zona Sul,Apartamento,146,4,4,4,1989,37,2023,11616.25,1695972.5
SP-001343,SP,São Paulo,Aclimação,Centro/Sul,Apartamento,44,1,1,0,1993,33,2015,6829.45,300495.8
SP-001344,SP,São Paulo,Bela Vista,Centro/Sul,Apartamento,60,2,1,1,1993,33,2015,6168.65,370119.0
SP-001345,SP,São Paulo,Ipiranga,Zona Sul,Apartamento,46,1,1,0,1978,48,2022,6454.29,296897.34
SP-001346,SP,São Paulo,Bela Vista,Centro/Sul,Apartamento,101,3,3,2,2025,1,2026,12504.93,1262997.93
SP-001347,SP,São Paulo,Santana,Zona Norte,Casa,229,4,5,3,2025,1,2020,9041.55,2070514.95
SP-001348,SP,São Paulo,Vila Mariana,Zona Sul,Casa,117,2,2,2,1999,27,2022,9002.98,1053348.66
SP-001349,SP,São Paulo,Vila Mariana,Zona Sul,Apartamento,65,3,1,2,2012,14,2024,13082.31,850350.15
SP-001350,SP,São Paulo,Brooklin,Zona Sul,Apartamento,52,2,1,2,2015,11,2016,10116.2,526042.4
SP-001351,SP,São Paulo,Santana,Zona Norte,Apartamento,130,3,2,3,2020,6,2018,8637.67,1122897.1
SP-001352,SP,São Paulo,Moema,Zona Sul,Casa,114,3,2,2,2005,21,2015,11669.49,1330321.86
SP-001353,SP,São Paulo,Campo Belo,Zona Sul,Apartamento,52,2,2,1,2025,1,2016,11377.48,591628.96
SP-001354,SP,São Paulo,Campo Belo,Zona Sul,Apartamento,38,1,1,0,2023,3,2017,10371.49,394116.62
SP-001355,SP,São Paulo,Morumbi,Zona Sul,Apartamento,326,4,4,2,2020,6,2024,10710.01,3491463.26
SP-001356,SP,São Paulo,Perdizes,Zona Oeste,Apartamento,54,2,2,1,1988,38,2016,8848.3,477808.2
SP-001357,SP,São Paulo,Moema,Zona Sul,Apartamento,96,3,3,2,1997,29,2026,16137.58,1549207.68
SP-001358,SP,São Paulo,Tatuapé,Zona Leste,Apartamento,54,2,2,1,2024,2,2015,8426.51,455031.54
SP-001359,SP,São Paulo,Mooca,Zona Leste,Apartamento,51,2,2,1,2009,17,2018,8475.86,432268.86
SP-001360,SP,São Paulo,Pinheiros,Zona Oeste,Casa,174,4,4,2,2003,23,2025,13981.41,2432765.34
SP-001361,SP,São Paulo,Vila Madalena,Zona Oeste,Casa,129,3,3,2,2016,10,2025,13328.74,1719407.46
SP-001362,SP,São Paulo,Lapa,Zona Oeste,Cobertura,126,4,2,2,1994,32,2022,11436.72,1441026.72
SP-001363,SP,São Paulo,Tatuapé,Zona Leste,Casa,175,4,4,2,2009,17,2016,7112.59,1244703.25
SP-001364,SP,São Paulo,Aclimação,Centro/Sul,Apartamento,67,3,1,1,1981,45,2016,6335.31,424465.77
SP-001365,SP,São Paulo,Santana,Zona Norte,Apartamento,69,3,2,1,2018,8,2021,8151.85,562477.65
SP-001366,SP,São Paulo,Perdizes,Zona Oeste,Casa,143,3,5,4,1998,28,2015,9158.59,1309678.37
SP-001367,SP,São Paulo,Vila Mariana,Zona Sul,Apartamento,100,3,3,3,2003,23,2024,13466.59,1346659.0
SP-001368,SP,São Paulo,Vila Mariana,Zona Sul,Apartamento,81,2,1,2,2017,9,2014,9905.81,802370.61
SP-001369,SP,São Paulo,Brooklin,Zona Sul,Apartamento,61,3,2,1,2023,3,2020,13712.66,836472.26
SP-001370,SP,São Paulo,Perdizes,Zona Oeste,Apartamento,49,1,1,1,2004,22,2020,10010.23,490501.27
SP-001371,SP,São Paulo,Jardim Paulista,Zona Oeste,Casa,89,2,3,3,2002,24,2018,13090.15,1165023.35
SP-001372,SP,São Paulo,Moema,Zona Sul,Apartamento,33,2,1,0,2023,3,2018,14278.08,471176.64
SP-001373,SP,São Paulo,Brooklin,Zona Sul,Casa,83,2,1,2,1984,42,2020,7991.73,663313.59
SP-001374,SP,São Paulo,Morumbi,Zona Sul,Apartamento,39,1,1,0,1999,27,2019,6338.24,247191.36
SP-001375,SP,São Paulo,Bela Vista,Centro/Sul,Apartamento,55,3,2,1,2018,8,2022,9180.56,504930.8
SP-001376,SP,São Paulo,Lapa,Zona Oeste,Apartamento,32,2,1,0,2010,16,2021,8319.15,266212.8
SP-001377,SP,São Paulo,Saúde,Zona Sul,Apartamento,131,3,3,3,2024,2,2025,10923.27,1430948.37
SP-001378,SP,São Paulo,Bela Vista,Centro/Sul,Apartamento,103,3,2,2,2022,4,2022,9626.74,991554.22
SP-001379,SP,São Paulo,Ipiranga,Zona Sul,Apartamento,128,3,3,2,1978,48,2013,4815.3,616358.4
SP-001380,SP,São Paulo,Ipiranga,Zona Sul,Apartamento,40,1,1,0,2003,23,2025,8072.18,322887.2
SP-001381,SP,São Paulo,Perdizes,Zona Oeste,Apartamento,58,3,1,1,2017,9,2019,11209.53,650152.74
SP-001382,SP,São Paulo,Bela Vista,Centro/Sul,Apartamento,51,2,2,2,2025,1,2022,11114.91,566860.41
SP-001383,SP,São Paulo,Aclimação,Centro/Sul,Apartamento,119,2,3,2,1997,29,2014,6735.19,801487.61
SP-001384,SP,São Paulo,Pinheiros,Zona Oeste,Apartamento,40,2,1,1,1997,29,2016,9236.29,369451.6
SP-001385,SP,São Paulo,Tatuapé,Zona Leste,Apartamento,41,1,1,0,2025,1,2017,9026.44,370084.04
SP-001386,SP,São Paulo,Aclimação,Centro/Sul,Apartamento,127,3,3,2,2016,10,2014,7963.1,1011313.7
SP-001387,SP,São Paulo,Ipiranga,Zona Sul,Apartamento,33,1,1,1,2025,1,2013,7593.44,250583.52
SP-001388,SP,São Paulo,Itaim Bibi,Zona Sul/Oeste,Apartamento,50,2,2,1,2009,17,2014,11005.06,550253.0
SP-001389,SP,São Paulo,Mooca,Zona Leste,Apartamento,58,2,2,2,1997,29,2019,7455.72,432431.76
SP-001390,SP,São Paulo,Morumbi,Zona Sul,Apartamento,226,4,3,3,1996,30,2015,6618.44,1495767.44
SP-001391,SP,São Paulo,Bela Vista,Centro/Sul,Apartamento,88,3,3,3,2000,26,2013,6566.08,577815.04
SP-001392,SP,São Paulo,Bela Vista,Centro/Sul,Apartamento,249,3,4,4,2021,5,2016,9647.97,2402344.53
SP-001393,SP,São Paulo,Lapa,Zona Oeste,Apartamento,54,2,1,1,2015,11,2025,9505.94,513320.76
SP-001394,SP,São Paulo,Jardim Paulista,Zona Oeste,Apartamento,159,3,3,3,2025,1,2019,16746.71,2662726.89
SP-001395,SP,São Paulo,Pinheiros,Zona Oeste,Apartamento,70,2,2,1,2002,24,2016,10620.98,743468.6
SP-001396,SP,São Paulo,Brooklin,Zona Sul,Casa,95,3,3,3,1992,34,2019,10107.98,960258.1
SP-001397,SP,São Paulo,Tatuapé,Zona Leste,Apartamento,77,3,1,1,1987,39,2019,7115.28,547876.56
SP-001398,SP,São Paulo,Lapa,Zona Oeste,Apartamento,76,2,2,2,2025,1,2020,11387.23,865429.48
SP-001399,SP,São Paulo,Brooklin,Zona Sul,Apartamento,95,3,2,2,2022,4,2025,15879.22,1508525.9
SP-001400,SP,São Paulo,Itaim Bibi,Zona Sul/Oeste,Apartamento,71,3,2,2,2020,6,2025,18223.58,1293874.18
SP-001401,SP,São Paulo,Pinheiros,Zona Oeste,Apartamento,60,2,1,1,2017,9,2015,11048.11,662886.6
SP-001402,SP,São Paulo,Campo Belo,Zona Sul,Apartamento,37,2,1,1,1992,34,2019,9334.75,345385.75
SP-001403,SP,São Paulo,Jardim Paulista,Zona Oeste,Apartamento,82,2,1,1,2014,12,2023,13721.23,1125140.86
SP-001404,SP,São Paulo,Moema,Zona Sul,Apartamento,37,1,1,1,2011,15,2019,11689.85,432524.45
SP-001405,SP,São Paulo,Santana,Zona Norte,Apartamento,95,3,3,2,2004,22,2015,5882.39,558827.05
SP-001406,SP,São Paulo,Morumbi,Zona Sul,Apartamento,125,4,2,2,1989,37,2023,8217.01,1027126.25
SP-001407,SP,São Paulo,Perdizes,Zona Oeste,Apartamento,36,1,1,0,1987,39,2016,8490.79,305668.44
SP-001408,SP,São Paulo,Aclimação,Centro/Sul,Apartamento,84,2,1,2,2011,15,2020,9035.66,758995.44
SP-001409,SP,São Paulo,Tatuapé,Zona Leste,Apartamento,36,1,1,0,2022,4,2022,9256.16,333221.76
SP-001410,SP,São Paulo,Santana,Zona Norte,Apartamento,257,3,3,3,1990,36,2018,7302.54,1876752.78
SP-001411,SP,São Paulo,Pinheiros,Zona Oeste,Casa,295,4,5,5,2001,25,2022,14104.98,4160969.1
SP-001412,SP,São Paulo,Jardim Paulista,Zona Oeste,Casa,227,3,3,4,2019,7,2024,18661.82,4236233.14
SP-001413,SP,São Paulo,Ipiranga,Zona Sul,Apartamento,75,2,2,1,2022,4,2021,8446.38,633478.5
SP-001414,SP,São Paulo,Campo Belo,Zona Sul,Apartamento,70,2,2,2,1991,35,2016,9480.5,663635.0
SP-001415,SP,São Paulo,Moema,Zona Sul,Apartamento,33,1,1,1,2019,7,2016,11823.3,390168.9
SP-001416,SP,São Paulo,Vila Mariana,Zona Sul,Apartamento,67,2,2,2,2022,4,2019,12619.13,845481.71
SP-001417,SP,São Paulo,Moema,Zona Sul,Apartamento,37,1,1,1,2019,7,2015,12945.93,478999.41
SP-001418,SP,São Paulo,Santana,Zona Norte,Cobertura,270,3,4,2,2001,25,2022,11841.26,3197140.2
SP-001419,SP,São Paulo,Mooca,Zona Leste,Casa,115,3,3,3,2023,3,2018,8674.84,997606.6
SP-001420,SP,São Paulo,Pinheiros,Zona Oeste,Apartamento,45,2,1,0,2006,20,2015,9868.84,444097.8
SP-001421,SP,São Paulo,Bela Vista,Centro/Sul,Apartamento,44,2,1,0,2022,4,2023,9846.93,433264.92
SP-001422,SP,São Paulo,Vila Mariana,Zona Sul,Casa,145,4,5,3,2007,19,2015,8023.69,1163435.05
SP-001423,SP,São Paulo,Tatuapé,Zona Leste,Apartamento,65,3,2,1,1998,28,2014,5739.42,373062.3
SP-001424,SP,São Paulo,Jardim Paulista,Zona Oeste,Apartamento,42,1,1,0,2011,15,2022,12383.26,520096.92
SP-001425,SP,São Paulo,Ipiranga,Zona Sul,Apartamento,69,2,2,1,2001,25,2014,5442.44,375528.36
SP-001426,SP,São Paulo,Campo Belo,Zona Sul,Apartamento,80,2,2,1,2022,4,2020,11466.66,917332.8
SP-001427,SP,São Paulo,Ipiranga,Zona Sul,Apartamento,42,2,1,0,1982,44,2014,4888.53,205318.26
SP-001428,SP,São Paulo,Saúde,Zona Sul,Apartamento,38,2,1,1,2014,12,2015,6214.6,236154.8
SP-001429,SP,São Paulo,Vila Madalena,Zona Oeste,Apartamento,34,1,1,0,2022,4,2016,11778.51,400469.34
SP-001430,SP,São Paulo,Pinheiros,Zona Oeste,Casa,321,5,4,5,1999,27,2017,10939.35,3511531.35
SP-001431,SP,São Paulo,Vila Mariana,Zona Sul,Casa,124,3,3,2,1996,30,2022,9395.93,1165095.32
SP-001432,SP,São Paulo,Itaim Bibi,Zona Sul/Oeste,Cobertura,140,4,4,3,2001,25,2015,16361.18,2290565.2
SP-001433,SP,São Paulo,Pinheiros,Zona Oeste,Apartamento,37,1,1,0,2000,26,2014,9140.34,338192.58
SP-001434,SP,São Paulo,Itaim Bibi,Zona Sul/Oeste,Apartamento,177,4,3,3,1987,39,2022,16418.51,2906076.27
SP-001435,SP,São Paulo,Vila Madalena,Zona Oeste,Apartamento,38,1,1,0,2024,2,2020,12468.29,473795.02
SP-001436,SP,São Paulo,Vila Mariana,Zona Sul,Casa,80,2,1,1,1995,31,2024,9864.51,789160.8
SP-001437,SP,São Paulo,Aclimação,Centro/Sul,Apartamento,105,3,2,1,2011,15,2024,8969.44,941791.2
SP-001438,SP,São Paulo,Aclimação,Centro/Sul,Apartamento,74,3,1,1,2022,4,2026,11398.71,843504.54
SP-001439,SP,São Paulo,Itaim Bibi,Zona Sul/Oeste,Apartamento,64,2,2,2,1998,28,2026,16468.02,1053953.28
SP-001440,SP,São Paulo,Campo Belo,Zona Sul,Apartamento,45,1,1,1,2012,14,2022,11818.82,531846.9
SP-001441,SP,São Paulo,Jardim Paulista,Zona Oeste,Apartamento,47,1,1,0,2020,6,2017,12557.02,590179.94
SP-001442,SP,São Paulo,Brooklin,Zona Sul,Casa,140,4,3,3,2021,5,2021,12901.49,1806208.6
SP-001443,SP,São Paulo,Moema,Zona Sul,Apartamento,58,2,2,1,2021,5,2022,14635.39,848852.62
SP-001444,SP,São Paulo,Perdizes,Zona Oeste,Apartamento,53,2,2,1,2008,18,2015,8695.36,460854.08
SP-001445,SP,São Paulo,Campo Belo,Zona Sul,Apartamento,49,1,1,0,2025,1,2016,11753.82,575937.18
SP-001446,SP,São Paulo,Ipiranga,Zona Sul,Casa,83,3,2,1,1981,45,2019,6194.55,514147.65
SP-001447,SP,São Paulo,Perdizes,Zona Oeste,Apartamento,189,4,4,4,2013,13,2015,10930.64,2065890.96
SP-001448,SP,São Paulo,Morumbi,Zona Sul,Apartamento,66,3,2,1,2011,15,2016,6604.35,435887.1
SP-001449,SP,São Paulo,Tatuapé,Zona Leste,Apartamento,52,2,1,1,2017,9,2025,10281.92,534659.84
SP-001450,SP,São Paulo,Saúde,Zona Sul,Apartamento,162,4,3,4,2013,13,2023,10450.45,1692972.9
SP-001451,SP,São Paulo,Vila Mariana,Zona Sul,Apartamento,47,1,1,0,2012,14,2018,8112.2,381273.4
SP-001452,SP,São Paulo,Tatuapé,Zona Leste,Apartamento,62,2,2,1,2025,1,2013,7238.41,448781.42
SP-001453,SP,São Paulo,Morumbi,Zona Sul,Apartamento,140,3,4,5,1999,27,2018,8000.56,1120078.4
SP-001454,SP,São Paulo,Brooklin,Zona Sul,Casa,106,3,2,2,2022,4,2026,13345.51,1414624.06
SP-001455,SP,São Paulo,Tatuapé,Zona Leste,Apartamento,184,5,3,3,2025,1,2021,11555.51,2126213.84
SP-001456,SP,São Paulo,Aclimação,Centro/Sul,Apartamento,222,5,5,3,1982,44,2013,6358.54,1411595.88
SP-001457,SP,São Paulo,Itaim Bibi,Zona Sul/Oeste,Apartamento,42,2,1,0,2009,17,2019,12276.78,515624.76
SP-001458,SP,São Paulo,Vila Madalena,Zona Oeste,Apartamento,139,3,3,3,1994,32,2019,11617.75,1614867.25
SP-001459,SP,São Paulo,Pinheiros,Zona Oeste,Casa,125,3,3,2,2019,7,2021,13223.68,1652960.0
SP-001460,SP,São Paulo,Lapa,Zona Oeste,Apartamento,46,2,1,0,2020,6,2021,8590.82,395177.72
SP-001461,SP,São Paulo,Moema,Zona Sul,Apartamento,94,2,3,2,1999,27,2021,12653.52,1189430.88
SP-001462,SP,São Paulo,Tatuapé,Zona Leste,Apartamento,59,2,2,1,1997,29,2014,6594.04,389048.36
SP-001463,SP,São Paulo,Morumbi,Zona Sul,Apartamento,37,1,1,0,2015,11,2023,8466.33,313254.21
SP-001464,SP,São Paulo,Brooklin,Zona Sul,Apartamento,66,2,2,1,2010,16,2014,7916.8,522508.8
SP-001465,SP,São Paulo,Aclimação,Centro/Sul,Cobertura,188,4,3,2,1984,42,2015,8756.7,1646259.6
SP-001466,SP,São Paulo,Bela Vista,Centro/Sul,Apartamento,118,3,3,2,1987,39,2023,9050.12,1067914.16
SP-001467,SP,São Paulo,Santana,Zona Norte,Casa,139,3,3,2,2015,11,2023,7861.95,1092811.05
SP-001468,SP,São Paulo,Vila Mariana,Zona Sul,Apartamento,32,1,1,0,2022,4,2022,12147.11,388707.52
SP-001469,SP,São Paulo,Bela Vista,Centro/Sul,Apartamento,45,1,1,0,1993,33,2018,6964.49,313402.05
SP-001470,SP,São Paulo,Campo Belo,Zona Sul,Apartamento,33,1,1,0,2009,17,2024,10766.5,355294.5
SP-001471,SP,São Paulo,Jardim Paulista,Zona Oeste,Casa,189,4,4,2,1977,49,2025,13569.52,2564639.28
SP-001472,SP,São Paulo,Lapa,Zona Oeste,Casa,186,4,4,3,2019,7,2018,8541.1,1588644.6
SP-001473,SP,São Paulo,Vila Mariana,Zona Sul,Apartamento,42,1,1,1,2013,13,2021,10921.98,458723.16
SP-001474,SP,São Paulo,Itaim Bibi,Zona Sul/Oeste,Apartamento,36,2,1,1,2003,23,2020,15657.2,563659.2
SP-001475,SP,São Paulo,Morumbi,Zona Sul,Apartamento,42,1,1,0,2007,19,2015,6241.99,262163.58
SP-001476,SP,São Paulo,Pinheiros,Zona Oeste,Apartamento,250,4,4,4,2013,13,2016,11895.02,2973755.0
SP-001477,SP,São Paulo,Bela Vista,Centro/Sul,Apartamento,41,1,1,0,2000,26,2024,8039.19,329606.79
SP-001478,SP,São Paulo,Vila Madalena,Zona Oeste,Apartamento,234,4,3,4,2009,17,2019,13465.53,3150934.02
SP-001479,SP,São Paulo,Jardim Paulista,Zona Oeste,Casa,153,4,3,3,2002,24,2026,15111.05,2311990.65
SP-001480,SP,São Paulo,Jardim Paulista,Zona Oeste,Cobertura,150,3,4,3,2001,25,2023,24204.45,3630667.5
SP-001481,SP,São Paulo,Santana,Zona Norte,Apartamento,81,2,2,1,1986,40,2019,7027.82,569253.42
SP-001482,SP,São Paulo,Vila Madalena,Zona Oeste,Apartamento,91,3,3,1,2014,12,2016,9870.79,898241.89
SP-001483,SP,São Paulo,Lapa,Zona Oeste,Apartamento,77,3,2,2,2014,12,2017,7945.27,611785.79
SP-001484,SP,São Paulo,Moema,Zona Sul,Casa,170,3,4,2,2015,11,2026,13796.93,2345478.1
SP-001485,SP,São Paulo,Ipiranga,Zona Sul,Apartamento,51,2,2,1,2000,26,2025,8078.92,412024.92
SP-001486,SP,São Paulo,Moema,Zona Sul,Apartamento,97,4,3,3,2014,12,2026,17092.33,1657956.01
SP-001487,SP,São Paulo,Tatuapé,Zona Leste,Apartamento,35,1,1,1,1986,40,2014,7018.06,245632.1
SP-001488,SP,São Paulo,Itaim Bibi,Zona Sul/Oeste,Apartamento,53,2,1,1,2008,18,2018,11494.95,609232.35
SP-001489,SP,São Paulo,Ipiranga,Zona Sul,Casa,91,3,2,2,2021,5,2016,7425.03,675677.73
SP-001490,SP,São Paulo,Vila Mariana,Zona Sul,Casa,217,5,3,3,2017,9,2018,10750.65,2332891.05
SP-001491,SP,São Paulo,Campo Belo,Zona Sul,Apartamento,92,3,2,1,2012,14,2017,10673.76,981985.92
SP-001492,SP,São Paulo,Tatuapé,Zona Leste,Apartamento,88,3,3,2,2020,6,2019,9716.79,855077.52
SP-001493,SP,São Paulo,Saúde,Zona Sul,Apartamento,36,1,1,1,2005,21,2020,7432.87,267583.32
SP-001494,SP,São Paulo,Itaim Bibi,Zona Sul/Oeste,Casa,173,3,4,4,2021,5,2024,18568.06,3212274.38
SP-001495,SP,São Paulo,Moema,Zona Sul,Apartamento,58,2,2,2,2015,11,2023,14179.66,822420.28
SP-001496,SP,São Paulo,Pinheiros,Zona Oeste,Apartamento,121,3,3,1,2012,14,2017,11022.96,1333778.16
SP-001497,SP,São Paulo,Brooklin,Zona Sul,Apartamento,38,1,1,1,1997,29,2025,11369.68,432047.84
SP-001498,SP,São Paulo,Saúde,Zona Sul,Apartamento,91,3,3,2,2017,9,2018,7718.2,702356.2
SP-001499,SP,São Paulo,Campo Belo,Zona Sul,Apartamento,155,3,4,3,1990,36,2020,11377.81,1763560.55
SP-001500,SP,São Paulo,Aclimação,Centro/Sul,Casa,191,4,4,2,2018,8,2015,8345.7,1594028.7
SP-001501,SP,São Paulo,Saúde,Zona Sul,Apartamento,37,1,1,0,2006,20,2025,9042.27,334563.99
SP-001502,SP,São Paulo,Bela Vista,Centro/Sul,Apartamento,32,1,1,0,1985,41,2016,6266.6,200531.2
SP-001503,SP,São Paulo,Moema,Zona Sul,Apartamento,48,1,1,0,1995,31,2022,11278.87,541385.76
SP-001504,SP,São Paulo,Pinheiros,Zona Oeste,Apartamento,167,3,3,2,1996,30,2020,12386.23,2068500.41
SP-001505,SP,São Paulo,Saúde,Zona Sul,Apartamento,67,2,1,1,1993,33,2013,5709.48,382535.16
SP-001506,SP,São Paulo,Moema,Zona Sul,Apartamento,82,2,2,1,2015,11,2013,10192.06,835748.92
SP-001507,SP,São Paulo,Itaim Bibi,Zona Sul/Oeste,Apartamento,67,2,1,2,2013,13,2025,16192.96,1084928.32
SP-001508,SP,São Paulo,Pinheiros,Zona Oeste,Casa,93,3,3,2,2012,14,2015,9384.87,872792.91
SP-001509,SP,São Paulo,Tatuapé,Zona Leste,Casa,90,2,3,1,2018,8,2017,7793.6,701424.0
SP-001510,SP,São Paulo,Ipiranga,Zona Sul,Apartamento,84,2,2,1,2025,1,2015,7439.88,624949.92
SP-001511,SP,São Paulo,Vila Madalena,Zona Oeste,Apartamento,110,3,3,2,1994,32,2018,10106.74,1111741.4
SP-001512,SP,São Paulo,Santana,Zona Norte,Apartamento,110,3,2,2,2018,8,2018,7906.7,869737.0
SP-001513,SP,São Paulo,Perdizes,Zona Oeste,Casa,104,2,2,1,2013,13,2019,9629.75,1001494.0
SP-001514,SP,São Paulo,Morumbi,Zona Sul,Apartamento,343,4,3,4,2013,13,2021,7418.05,2544391.15
SP-001515,SP,São Paulo,Jardim Paulista,Zona Oeste,Apartamento,35,1,1,0,2002,24,2025,13680.56,478819.6
SP-001516,SP,São Paulo,Saúde,Zona Sul,Apartamento,65,2,2,2,1993,33,2024,8658.24,562785.6
SP-001517,SP,São Paulo,Morumbi,Zona Sul,Apartamento,128,2,3,2,2024,2,2019,9764.13,1249808.64
SP-001518,SP,São Paulo,Moema,Zona Sul,Apartamento,104,3,3,2,2002,24,2018,12419.41,1291618.64
SP-001519,SP,São Paulo,Brooklin,Zona Sul,Casa,93,3,3,2,2004,22,2025,12126.01,1127718.93
SP-001520,SP,São Paulo,Bela Vista,Centro/Sul,Apartamento,81,2,1,2,2011,15,2016,7932.55,642536.55
SP-001521,SP,São Paulo,Pinheiros,Zona Oeste,Casa,88,2,2,2,2019,7,2021,13873.87,1220900.56
SP-001522,SP,São Paulo,Perdizes,Zona Oeste,Apartamento,62,3,2,1,2005,21,2016,10316.67,639633.54
SP-001523,SP,São Paulo,Vila Madalena,Zona Oeste,Apartamento,116,4,3,2,2021,5,2022,14779.45,1714416.2
SP-001524,SP,São Paulo,Morumbi,Zona Sul,Cobertura,235,3,5,3,2025,1,2022,15935.22,3744776.7
SP-001525,SP,São Paulo,Mooca,Zona Leste,Apartamento,42,1,1,1,2009,17,2025,8160.49,342740.58
SP-001526,SP,São Paulo,Lapa,Zona Oeste,Apartamento,127,3,3,1,2019,7,2021,8616.73,1094324.71
SP-001527,SP,São Paulo,Vila Madalena,Zona Oeste,Apartamento,136,3,3,2,1992,34,2025,12891.33,1753220.88
SP-001528,SP,São Paulo,Pinheiros,Zona Oeste,Apartamento,73,2,1,1,2022,4,2023,14916.21,1088883.33
SP-001529,SP,São Paulo,Ipiranga,Zona Sul,Apartamento,90,3,3,2,2016,10,2020,8860.62,797455.8
SP-001530,SP,São Paulo,Pinheiros,Zona Oeste,Apartamento,191,5,5,2,2006,20,2015,10212.27,1950543.57
SP-001531,SP,São Paulo,Saúde,Zona Sul,Apartamento,39,1,1,0,2014,12,2018,7102.78,277008.42
SP-001532,SP,São Paulo,Brooklin,Zona Sul,Casa,282,3,4,2,1985,41,2019,8752.46,2468193.72
SP-001533,SP,São Paulo,Tatuapé,Zona Leste,Apartamento,37,1,1,1,2020,6,2026,11760.77,435148.49
SP-001534,SP,São Paulo,Santana,Zona Norte,Apartamento,102,3,2,2,2011,15,2014,6274.98,640047.96
SP-001535,SP,São Paulo,Morumbi,Zona Sul,Casa,173,3,5,3,2013,13,2020,7546.24,1305499.52
SP-001536,SP,São Paulo,Saúde,Zona Sul,Casa,344,4,5,5,2010,16,2016,7336.13,2523628.72
SP-001537,SP,São Paulo,Saúde,Zona Sul,Apartamento,33,1,1,0,1996,30,2023,7133.17,235394.61
SP-001538,SP,São Paulo,Itaim Bibi,Zona Sul/Oeste,Apartamento,33,1,1,0,2000,26,2021,11955.66,394536.78
SP-001539,SP,São Paulo,Aclimação,Centro/Sul,Apartamento,67,3,1,1,2020,6,2019,9315.73,624153.91
SP-001540,SP,São Paulo,Saúde,Zona Sul,Apartamento,336,4,3,3,2023,3,2020,10448.75,3510780.0
SP-001541,SP,São Paulo,Lapa,Zona Oeste,Apartamento,46,2,1,0,1997,29,2017,6850.68,315131.28
SP-001542,SP,São Paulo,Lapa,Zona Oeste,Apartamento,82,2,2,1,2004,22,2020,7212.61,591434.02
SP-001543,SP,São Paulo,Aclimação,Centro/Sul,Cobertura,145,4,3,3,2013,13,2014,11566.49,1677141.05
SP-001544,SP,São Paulo,Lapa,Zona Oeste,Apartamento,50,3,2,1,2020,6,2026,10382.31,519115.5
SP-001545,SP,São Paulo,Saúde,Zona Sul,Apartamento,106,2,3,2,1992,34,2024,8044.72,852740.32
SP-001546,SP,São Paulo,Lapa,Zona Oeste,Apartamento,54,3,2,1,2011,15,2013,5487.61,296330.94
SP-001547,SP,São Paulo,Itaim Bibi,Zona Sul/Oeste,Apartamento,57,2,2,1,2002,24,2026,17330.46,987836.22
SP-001548,SP,São Paulo,Moema,Zona Sul,Casa,84,2,1,1,1990,36,2015,9208.11,773481.24
SP-001549,SP,São Paulo,Aclimação,Centro/Sul,Casa,95,3,2,2,2004,22,2024,10659.3,1012633.5
SP-001550,SP,São Paulo,Jardim Paulista,Zona Oeste,Casa,84,3,1,1,1975,51,2023,11070.87,929953.08
SP-001551,SP,São Paulo,Lapa,Zona Oeste,Apartamento,74,3,2,1,2009,17,2022,7898.57,584494.18
SP-001552,SP,São Paulo,Aclimação,Centro/Sul,Apartamento,142,3,4,3,2010,16,2018,8673.0,1231566.0
SP-001553,SP,São Paulo,Vila Mariana,Zona Sul,Apartamento,66,3,1,1,2010,16,2025,13317.3,878941.8
SP-001554,SP,São Paulo,Santana,Zona Norte,Apartamento,47,1,1,1,2021,5,2026,10019.26,470905.22
SP-001555,SP,São Paulo,Santana,Zona Norte,Cobertura,123,2,2,2,1993,33,2026,11889.27,1462380.21
SP-001556,SP,São Paulo,Moema,Zona Sul,Apartamento,113,3,2,2,2025,1,2026,20159.54,2278028.02
SP-001557,SP,São Paulo,Perdizes,Zona Oeste,Apartamento,39,1,1,0,2000,26,2014,7078.79,276072.81
SP-001558,SP,São Paulo,Itaim Bibi,Zona Sul/Oeste,Apartamento,76,3,1,2,1996,30,2015,11525.55,875941.8
SP-001559,SP,São Paulo,Campo Belo,Zona Sul,Apartamento,61,2,1,2,2023,3,2018,13267.71,809330.31
SP-001560,SP,São Paulo,Brooklin,Zona Sul,Apartamento,57,2,2,1,2022,4,2021,13362.92,761686.44
SP-001561,SP,São Paulo,Bela Vista,Centro/Sul,Apartamento,57,3,1,1,2021,5,2017,8768.0,499776.0
SP-001562,SP,São Paulo,Vila Mariana,Zona Sul,Apartamento,46,1,1,0,1992,34,2013,7397.86,340301.56
SP-001563,SP,São Paulo,Mooca,Zona Leste,Apartamento,113,2,3,1,1995,31,2024,8258.93,933259.09
SP-001564,SP,São Paulo,Brooklin,Zona Sul,Apartamento,175,3,4,5,1999,27,2018,11050.74,1933879.5
SP-001565,SP,São Paulo,Aclimação,Centro/Sul,Apartamento,56,3,2,1,1992,34,2020,7963.01,445928.56
SP-001566,SP,São Paulo,Vila Madalena,Zona Oeste,Casa,227,4,3,3,2019,7,2020,12105.08,2747853.16
SP-001567,SP,São Paulo,Aclimação,Centro/Sul,Casa,80,2,1,2,2020,6,2019,8651.01,692080.8
SP-001568,SP,São Paulo,Tatuapé,Zona Leste,Apartamento,128,3,2,2,1995,31,2018,8330.29,1066277.12
SP-001569,SP,São Paulo,Pinheiros,Zona Oeste,Apartamento,48,1,1,0,1978,48,2017,9231.53,443113.44
SP-001570,SP,São Paulo,Pinheiros,Zona Oeste,Apartamento,69,2,1,1,2006,20,2014,11387.75,785754.75
SP-001571,SP,São Paulo,Jardim Paulista,Zona Oeste,Apartamento,47,1,1,1,2011,15,2023,14341.04,674028.88
SP-001572,SP,São Paulo,Brooklin,Zona Sul,Apartamento,93,4,2,2,1993,33,2025,11724.5,1090378.5
SP-001573,SP,São Paulo,Vila Madalena,Zona Oeste,Apartamento,48,1,1,0,2004,22,2020,12022.35,577072.8
SP-001574,SP,São Paulo,Ipiranga,Zona Sul,Apartamento,58,3,2,1,2009,17,2026,7635.45,442856.1
SP-001575,SP,São Paulo,Lapa,Zona Oeste,Apartamento,102,3,2,2,1980,46,2019,7430.11,757871.22
SP-001576,SP,São Paulo,Jardim Paulista,Zona Oeste,Casa,80,2,2,1,2014,12,2018,11461.27,916901.6
SP-001577,SP,São Paulo,Pinheiros,Zona Oeste,Apartamento,43,2,1,0,2013,13,2020,12114.15,520908.45
SP-001578,SP,São Paulo,Tatuapé,Zona Leste,Apartamento,48,1,1,0,2008,18,2013,5492.88,263658.24
SP-001579,SP,São Paulo,Pinheiros,Zona Oeste,Apartamento,68,3,2,1,2001,25,2018,11202.2,761749.6
SP-001580,SP,São Paulo,Campo Belo,Zona Sul,Apartamento,52,2,1,1,2025,1,2024,15748.75,818935.0
SP-001581,SP,São Paulo,Lapa,Zona Oeste,Casa,208,3,3,2,2022,4,2015,6806.32,1415714.56
SP-001582,SP,São Paulo,Vila Madalena,Zona Oeste,Casa,97,3,3,3,2018,8,2025,14952.18,1450361.46
SP-001583,SP,São Paulo,Tatuapé,Zona Leste,Apartamento,49,1,1,1,2019,7,2026,11368.92,557077.08
SP-001584,SP,São Paulo,Saúde,Zona Sul,Cobertura,147,4,4,4,2001,25,2014,9208.87,1353703.89
SP-001585,SP,São Paulo,Vila Madalena,Zona Oeste,Casa,233,4,4,4,2018,8,2020,13936.01,3247090.33
SP-001586,SP,São Paulo,Vila Mariana,Zona Sul,Apartamento,112,2,2,3,2013,13,2014,8726.36,977352.32
SP-001587,SP,São Paulo,Brooklin,Zona Sul,Apartamento,52,3,2,1,1979,47,2026,12193.68,634071.36
SP-001588,SP,São Paulo,Pinheiros,Zona Oeste,Apartamento,380,4,4,3,1991,35,2025,14762.25,5609655.0
SP-001589,SP,São Paulo,Jardim Paulista,Zona Oeste,Apartamento,85,2,3,1,1993,33,2026,16732.32,1422247.2
SP-001590,SP,São Paulo,Campo Belo,Zona Sul,Casa,121,3,2,3,1992,34,2021,10505.63,1271181.23
SP-001591,SP,São Paulo,Aclimação,Centro/Sul,Casa,97,3,2,1,2023,3,2015,8952.28,868371.16
SP-001592,SP,São Paulo,Vila Mariana,Zona Sul,Apartamento,41,1,1,0,2008,18,2015,8313.66,340860.06
SP-001593,SP,São Paulo,Pinheiros,Zona Oeste,Casa,102,3,2,1,2025,1,2024,15824.74,1614123.48
SP-001594,SP,São Paulo,Jardim Paulista,Zona Oeste,Apartamento,49,2,1,0,2022,4,2024,17167.85,841224.65
SP-001595,SP,São Paulo,Tatuapé,Zona Leste,Cobertura,157,4,5,3,1993,33,2013,10302.13,1617434.41
SP-001596,SP,São Paulo,Pinheiros,Zona Oeste,Casa,159,4,4,4,2015,11,2022,13854.94,2202935.46
SP-001597,SP,São Paulo,Moema,Zona Sul,Apartamento,107,3,3,2,1988,38,2024,14594.72,1561635.04
SP-001598,SP,São Paulo,Tatuapé,Zona Leste,Apartamento,49,1,1,1,2002,24,2018,7625.68,373658.32
SP-001599,SP,São Paulo,Ipiranga,Zona Sul,Apartamento,158,4,4,3,2007,19,2016,7477.5,1181445.0
SP-001600,SP,São Paulo,Bela Vista,Centro/Sul,Apartamento,55,2,2,1,2008,18,2024,8610.01,473550.55
SP-001601,SP,São Paulo,Aclimação,Centro/Sul,Cobertura,350,3,3,3,2002,24,2016,11910.7,4168745.0
SP-001602,SP,São Paulo,Itaim Bibi,Zona Sul/Oeste,Apartamento,73,2,1,1,2005,21,2023,14027.23,1023987.79
SP-001603,SP,São Paulo,Itaim Bibi,Zona Sul/Oeste,Apartamento,41,1,1,1,2008,18,2013,9851.72,403920.52
SP-001604,SP,São Paulo,Moema,Zona Sul,Apartamento,93,4,3,2,2011,15,2025,16103.73,1497646.89
SP-001605,SP,São Paulo,Itaim Bibi,Zona Sul/Oeste,Apartamento,45,1,1,0,2005,21,2024,15340.65,690329.25
SP-001606,SP,São Paulo,Vila Mariana,Zona Sul,Casa,82,3,2,1,2015,11,2020,10065.98,825410.36
SP-001607,SP,São Paulo,Moema,Zona Sul,Apartamento,67,2,2,1,2024,2,2020,16207.63,1085911.21
SP-001608,SP,São Paulo,Santana,Zona Norte,Apartamento,53,2,1,1,2014,12,2023,7444.58,394562.74
SP-001609,SP,São Paulo,Pinheiros,Zona Oeste,Apartamento,32,1,1,0,2025,1,2017,12889.75,412472.0
SP-001610,SP,São Paulo,Morumbi,Zona Sul,Apartamento,44,1,1,1,2021,5,2019,8153.41,358750.04
SP-001611,SP,São Paulo,Tatuapé,Zona Leste,Apartamento,47,2,1,1,2010,16,2022,8928.06,419618.82
SP-001612,SP,São Paulo,Bela Vista,Centro/Sul,Apartamento,130,3,2,3,1989,37,2024,9191.88,1194944.4
SP-001613,SP,São Paulo,Pinheiros,Zona Oeste,Casa,103,3,2,2,2009,17,2017,11555.59,1190225.77
SP-001614,SP,São Paulo,Itaim Bibi,Zona Sul/Oeste,Apartamento,70,2,2,2,2018,8,2026,19355.37,1354875.9
SP-001615,SP,São Paulo,Vila Madalena,Zona Oeste,Apartamento,35,2,1,0,1989,37,2016,9709.19,339821.65
SP-001616,SP,São Paulo,Pinheiros,Zona Oeste,Apartamento,62,3,1,2,1997,29,2021,12817.52,794686.24
SP-001617,SP,São Paulo,Santana,Zona Norte,Apartamento,42,2,1,1,1996,30,2020,6612.49,277724.58
SP-001618,SP,São Paulo,Jardim Paulista,Zona Oeste,Casa,195,3,3,3,2024,2,2017,15810.74,3083094.3
SP-001619,SP,São Paulo,Saúde,Zona Sul,Cobertura,131,3,2,2,2019,7,2026,15965.4,2091467.4
SP-001620,SP,São Paulo,Vila Madalena,Zona Oeste,Apartamento,49,2,1,1,2024,2,2019,12829.64,628652.36
SP-001621,SP,São Paulo,Mooca,Zona Leste,Apartamento,96,3,2,3,1998,28,2015,7282.63,699132.48
SP-001622,SP,São Paulo,Itaim Bibi,Zona Sul/Oeste,Apartamento,53,2,2,1,1983,43,2013,9344.37,495251.61
SP-001623,SP,São Paulo,Vila Madalena,Zona Oeste,Apartamento,107,3,3,3,2004,22,2013,9739.99,1042178.93
SP-001624,SP,São Paulo,Ipiranga,Zona Sul,Apartamento,45,1,1,1,2025,1,2022,9952.16,447847.2
SP-001625,SP,São Paulo,Vila Mariana,Zona Sul,Apartamento,151,4,3,4,2016,10,2017,11909.81,1798381.31
SP-001626,SP,São Paulo,Santana,Zona Norte,Cobertura,424,4,5,2,2012,14,2026,12433.65,5271867.6
SP-001627,SP,São Paulo,Lapa,Zona Oeste,Apartamento,48,1,1,0,2004,22,2026,9368.76,449700.48
SP-001628,SP,São Paulo,Pinheiros,Zona Oeste,Apartamento,108,2,2,3,1992,34,2018,11622.8,1255262.4
SP-001629,SP,São Paulo,Jardim Paulista,Zona Oeste,Apartamento,42,1,1,0,2025,1,2024,17301.68,726670.56
SP-001630,SP,São Paulo,Jardim Paulista,Zona Oeste,Apartamento,68,2,2,1,1990,36,2024,13865.2,942833.6
SP-001631,SP,São Paulo,Moema,Zona Sul,Apartamento,53,2,2,2,2009,17,2013,10028.35,531502.55
SP-001632,SP,São Paulo,Campo Belo,Zona Sul,Casa,129,3,3,2,1984,42,2015,7712.65,994931.85
SP-001633,SP,São Paulo,Tatuapé,Zona Leste,Casa,128,2,3,1,2017,9,2025,10495.41,1343412.48
SP-001634,SP,São Paulo,Santana,Zona Norte,Apartamento,43,1,1,1,2022,4,2023,7842.5,337227.5
SP-001635,SP,São Paulo,Mooca,Zona Leste,Apartamento,38,1,1,1,2024,2,2024,11299.61,429385.18
SP-001636,SP,São Paulo,Morumbi,Zona Sul,Apartamento,32,1,1,0,1977,49,2022,6948.45,222350.4
SP-001637,SP,São Paulo,Morumbi,Zona Sul,Casa,143,3,5,2,2018,8,2015,7008.26,1002181.18
SP-001638,SP,São Paulo,Vila Madalena,Zona Oeste,Apartamento,53,3,1,2,2016,10,2022,13804.95,731662.35
SP-001639,SP,São Paulo,Itaim Bibi,Zona Sul/Oeste,Casa,83,2,2,2,1990,36,2019,11305.58,938363.14
SP-001640,SP,São Paulo,Morumbi,Zona Sul,Apartamento,44,1,1,0,1987,39,2014,4849.53,213379.32
SP-001641,SP,São Paulo,Morumbi,Zona Sul,Apartamento,33,1,1,0,1983,43,2018,5401.49,178249.17
SP-001642,SP,São Paulo,Pinheiros,Zona Oeste,Apartamento,47,2,1,1,2015,11,2021,13704.03,644089.41
SP-001643,SP,São Paulo,Vila Madalena,Zona Oeste,Apartamento,79,3,1,2,1986,40,2025,12241.16,967051.64
SP-001644,SP,São Paulo,Morumbi,Zona Sul,Cobertura,129,3,2,3,2018,8,2024,14417.31,1859832.99
SP-001645,SP,São Paulo,Campo Belo,Zona Sul,Apartamento,52,3,2,1,2002,24,2019,9419.46,489811.92
SP-001646,SP,São Paulo,Lapa,Zona Oeste,Casa,81,3,1,1,2018,8,2017,7229.02,585550.62
SP-001647,SP,São Paulo,Aclimação,Centro/Sul,Casa,145,3,4,2,1994,32,2018,7005.18,1015751.1
SP-001648,SP,São Paulo,Brooklin,Zona Sul,Apartamento,83,3,1,1,2024,2,2021,13587.89,1127794.87
SP-001649,SP,São Paulo,Santana,Zona Norte,Apartamento,46,1,1,0,2012,14,2015,5812.44,267372.24
SP-001650,SP,São Paulo,Tatuapé,Zona Leste,Apartamento,36,1,1,0,2023,3,2022,10177.51,366390.36
SP-001651,SP,São Paulo,Itaim Bibi,Zona Sul/Oeste,Casa,128,4,3,3,2004,22,2025,17241.51,2206913.28
SP-001652,SP,São Paulo,Tatuapé,Zona Leste,Apartamento,32,2,1,0,2012,14,2023,8502.43,272077.76
SP-001653,SP,São Paulo,Saúde,Zona Sul,Apartamento,42,1,1,0,1992,34,2015,6175.94,259389.48
SP-001654,SP,São Paulo,Tatuapé,Zona Leste,Apartamento,97,3,3,2,2001,25,2013,6759.26,655648.22
SP-001655,SP,São Paulo,Vila Madalena,Zona Oeste,Apartamento,76,2,1,1,2006,20,2022,11485.76,872917.76
SP-001656,SP,São Paulo,Santana,Zona Norte,Apartamento,116,3,3,2,1994,32,2018,7209.17,836263.72
SP-001657,SP,São Paulo,Aclimação,Centro/Sul,Casa,130,3,3,3,1990,36,2024,9298.21,1208767.3
SP-001658,SP,São Paulo,Itaim Bibi,Zona Sul/Oeste,Apartamento,121,3,2,2,2010,16,2024,16764.91,2028554.11
SP-001659,SP,São Paulo,Campo Belo,Zona Sul,Apartamento,58,2,1,2,2001,25,2016,9206.2,533959.6
SP-001660,SP,São Paulo,Perdizes,Zona Oeste,Apartamento,40,1,1,1,1999,27,2013,7911.47,316458.8
SP-001661,SP,São Paulo,Ipiranga,Zona Sul,Apartamento,61,2,2,2,2025,1,2024,9370.65,571609.65
SP-001662,SP,São Paulo,Santana,Zona Norte,Apartamento,100,3,3,2,1999,27,2022,6883.54,688354.0
SP-001663,SP,São Paulo,Mooca,Zona Leste,Apartamento,73,2,2,1,2000,26,2023,7514.84,548583.32
SP-001664,SP,São Paulo,Mooca,Zona Leste,Cobertura,130,3,3,1,1980,46,2023,10013.7,1301781.0
SP-001665,SP,São Paulo,Jardim Paulista,Zona Oeste,Apartamento,42,1,1,1,2016,10,2013,10286.61,432037.62
SP-001666,SP,São Paulo,Ipiranga,Zona Sul,Apartamento,52,2,1,1,2016,10,2026,9918.12,515742.24
SP-001667,SP,São Paulo,Moema,Zona Sul,Apartamento,43,1,1,0,2016,10,2022,13857.79,595884.97
SP-001668,SP,São Paulo,Lapa,Zona Oeste,Apartamento,124,3,2,2,1991,35,2015,6567.35,814351.4
SP-001669,SP,São Paulo,Campo Belo,Zona Sul,Casa,156,4,4,3,2013,13,2022,11924.27,1860186.12
SP-001670,SP,São Paulo,Pinheiros,Zona Oeste,Apartamento,51,2,1,2,2000,26,2022,13091.59,667671.09
SP-001671,SP,São Paulo,Perdizes,Zona Oeste,Casa,131,3,2,3,2024,2,2025,15166.03,1986749.93
SP-001672,SP,São Paulo,Tatuapé,Zona Leste,Apartamento,43,2,1,1,2006,20,2015,7159.74,307868.82
SP-001673,SP,São Paulo,Vila Mariana,Zona Sul,Apartamento,87,2,3,2,2008,18,2023,11980.86,1042334.82
SP-001674,SP,São Paulo,Lapa,Zona Oeste,Apartamento,107,3,3,2,2011,15,2018,7120.69,761913.83
SP-001675,SP,São Paulo,Saúde,Zona Sul,Apartamento,34,2,1,0,2016,10,2026,9597.91,326328.94
SP-001676,SP,São Paulo,Mooca,Zona Leste,Apartamento,44,1,1,1,2011,15,2016,7298.37,321128.28
SP-001677,SP,São Paulo,Ipiranga,Zona Sul,Cobertura,182,4,3,2,2014,12,2019,10302.22,1875004.04
SP-001678,SP,São Paulo,Pinheiros,Zona Oeste,Apartamento,157,3,4,2,2018,8,2022,15943.04,2503057.28
SP-001679,SP,São Paulo,Vila Mariana,Zona Sul,Apartamento,57,3,1,1,2024,2,2018,11309.16,644622.12
SP-001680,SP,São Paulo,Bela Vista,Centro/Sul,Apartamento,66,3,1,1,2021,5,2021,10299.76,679784.16
SP-001681,SP,São Paulo,Perdizes,Zona Oeste,Casa,87,2,3,2,1991,35,2025,10307.24,896729.88
SP-001682,SP,São Paulo,Mooca,Zona Leste,Casa,105,3,3,1,2002,24,2013,5889.74,618422.7
SP-001683,SP,São Paulo,Vila Mariana,Zona Sul,Apartamento,41,1,1,1,2016,10,2026,14321.24,587170.84
SP-001684,SP,São Paulo,Vila Mariana,Zona Sul,Apartamento,92,3,2,3,2015,11,2014,9146.1,841441.2
SP-001685,SP,São Paulo,Campo Belo,Zona Sul,Apartamento,44,1,1,0,2018,8,2018,11714.37,515432.28
SP-001686,SP,São Paulo,Aclimação,Centro/Sul,Apartamento,37,1,1,0,1991,35,2018,7443.26,275400.62
SP-001687,SP,São Paulo,Santana,Zona Norte,Apartamento,77,3,2,2,1990,36,2020,7487.25,576518.25
SP-001688,SP,São Paulo,Brooklin,Zona Sul,Apartamento,34,2,1,0,2016,10,2015,11246.66,382386.44
SP-001689,SP,São Paulo,Saúde,Zona Sul,Cobertura,466,5,4,3,2003,23,2019,11355.4,5291616.4
SP-001690,SP,São Paulo,Aclimação,Centro/Sul,Apartamento,130,3,3,2,1988,38,2021,8617.12,1120225.6
SP-001691,SP,São Paulo,Perdizes,Zona Oeste,Apartamento,214,5,4,3,2022,4,2016,12149.38,2599967.32
SP-001692,SP,São Paulo,Jardim Paulista,Zona Oeste,Apartamento,59,2,1,1,2003,23,2014,11305.51,667025.09
SP-001693,SP,São Paulo,Itaim Bibi,Zona Sul/Oeste,Apartamento,126,3,3,2,2012,14,2024,17505.39,2205679.14
SP-001694,SP,São Paulo,Lapa,Zona Oeste,Apartamento,99,3,3,3,2025,1,2015,9118.75,902756.25
SP-001695,SP,São Paulo,Mooca,Zona Leste,Casa,108,2,3,2,2010,16,2026,8385.27,905609.16
SP-001696,SP,São Paulo,Brooklin,Zona Sul,Apartamento,72,3,2,1,1991,35,2020,10188.47,733569.84
SP-001697,SP,São Paulo,Moema,Zona Sul,Apartamento,32,2,1,0,1976,50,2019,10382.84,332250.88
SP-001698,SP,São Paulo,Morumbi,Zona Sul,Apartamento,57,2,2,1,2014,12,2013,5485.03,312646.71
SP-001699,SP,São Paulo,Mooca,Zona Leste,Apartamento,83,2,2,1,2013,13,2024,8378.45,695411.35
SP-001700,SP,São Paulo,Morumbi,Zona Sul,Apartamento,76,2,1,1,2013,13,2018,7912.09,601318.84
SP-001701,SP,São Paulo,Tatuapé,Zona Leste,Apartamento,32,1,1,0,2003,23,2025,9407.71,301046.72
SP-001702,SP,São Paulo,Pinheiros,Zona Oeste,Casa,149,3,3,3,1978,48,2015,8326.31,1240620.19
SP-001703,SP,São Paulo,Mooca,Zona Leste,Apartamento,129,3,3,2,2002,24,2014,6594.91,850743.39
SP-001704,SP,São Paulo,Ipiranga,Zona Sul,Apartamento,120,3,3,2,2008,18,2019,7430.95,891714.0
SP-001705,SP,São Paulo,Saúde,Zona Sul,Apartamento,98,3,2,3,2025,1,2020,9502.54,931248.92
SP-001706,SP,São Paulo,Lapa,Zona Oeste,Casa,233,5,3,4,1980,46,2026,8123.4,1892752.2
SP-001707,SP,São Paulo,Moema,Zona Sul,Apartamento,45,1,1,0,2023,3,2017,13157.0,592065.0
SP-001708,SP,São Paulo,Moema,Zona Sul,Cobertura,264,3,4,4,2023,3,2021,26685.97,7045096.08
SP-001709,SP,São Paulo,Morumbi,Zona Sul,Apartamento,88,3,3,2,1997,29,2023,7693.67,677042.96
SP-001710,SP,São Paulo,Vila Mariana,Zona Sul,Apartamento,65,2,2,2,1977,49,2013,6303.72,409741.8
SP-001711,SP,São Paulo,Vila Mariana,Zona Sul,Apartamento,115,3,2,2,2025,1,2021,13140.75,1511186.25
SP-001712,SP,São Paulo,Mooca,Zona Leste,Apartamento,32,1,1,0,2024,2,2016,8189.24,262055.68
SP-001713,SP,São Paulo,Bela Vista,Centro/Sul,Apartamento,64,2,2,1,2008,18,2018,7511.83,480757.12
SP-001714,SP,São Paulo,Ipiranga,Zona Sul,Apartamento,77,2,1,1,2008,18,2013,6333.82,487704.14
SP-001715,SP,São Paulo,Campo Belo,Zona Sul,Casa,94,3,3,2,2014,12,2019,11425.46,1073993.24
SP-001716,SP,São Paulo,Perdizes,Zona Oeste,Apartamento,187,4,5,3,2011,15,2013,9229.57,1725929.59
SP-001717,SP,São Paulo,Bela Vista,Centro/Sul,Apartamento,55,2,2,2,2010,16,2018,7286.32,400747.6
SP-001718,SP,São Paulo,Pinheiros,Zona Oeste,Apartamento,98,3,2,3,2015,11,2021,15002.53,1470247.94
SP-001719,SP,São Paulo,Jardim Paulista,Zona Oeste,Apartamento,38,1,1,0,2002,24,2018,11904.05,452353.9
SP-001720,SP,São Paulo,Saúde,Zona Sul,Apartamento,127,2,3,3,2005,21,2018,7844.62,996266.74
SP-001721,SP,São Paulo,Perdizes,Zona Oeste,Apartamento,152,5,4,3,2017,9,2025,14504.47,2204679.44
SP-001722,SP,São Paulo,Itaim Bibi,Zona Sul/Oeste,Apartamento,48,2,1,0,2025,1,2015,13343.26,640476.48
SP-001723,SP,São Paulo,Ipiranga,Zona Sul,Casa,149,4,4,3,2021,5,2019,8233.64,1226812.36
SP-001724,SP,São Paulo,Santana,Zona Norte,Apartamento,99,3,3,2,2025,1,2025,11290.74,1117783.26
SP-001725,SP,São Paulo,Santana,Zona Norte,Casa,84,3,1,1,2007,19,2013,4859.8,408223.2
SP-001726,SP,São Paulo,Lapa,Zona Oeste,Apartamento,64,2,2,1,2016,10,2018,7988.77,511281.28
SP-001727,SP,São Paulo,Saúde,Zona Sul,Casa,112,4,3,2,1978,48,2014,5903.22,661160.64
SP-001728,SP,São Paulo,Vila Madalena,Zona Oeste,Apartamento,51,3,2,1,2010,16,2018,10774.1,549479.1
SP-001729,SP,São Paulo,Mooca,Zona Leste,Apartamento,58,2,2,1,1995,31,2020,6219.4,360725.2
SP-001730,SP,São Paulo,Morumbi,Zona Sul,Apartamento,119,3,3,2,2011,15,2018,7242.64,861874.16
SP-001731,SP,São Paulo,Itaim Bibi,Zona Sul/Oeste,Apartamento,41,2,1,0,2022,4,2025,17234.44,706612.04
SP-001732,SP,São Paulo,Tatuapé,Zona Leste,Apartamento,153,4,3,3,1988,38,2026,10990.42,1681534.26
SP-001733,SP,São Paulo,Pinheiros,Zona Oeste,Cobertura,251,4,3,3,1991,35,2026,21460.76,5386650.76
SP-001734,SP,São Paulo,Aclimação,Centro/Sul,Casa,80,2,2,2,1992,34,2024,8408.68,672694.4
SP-001735,SP,São Paulo,Itaim Bibi,Zona Sul/Oeste,Apartamento,46,1,1,0,1997,29,2023,13638.25,627359.5
SP-001736,SP,São Paulo,Tatuapé,Zona Leste,Apartamento,133,3,2,2,1989,37,2013,6140.0,816620.0
SP-001737,SP,São Paulo,Morumbi,Zona Sul,Apartamento,143,5,4,3,2003,23,2021,8740.39,1249875.77
SP-001738,SP,São Paulo,Vila Mariana,Zona Sul,Apartamento,41,1,1,0,2019,7,2019,9883.36,405217.76
SP-001739,SP,São Paulo,Campo Belo,Zona Sul,Apartamento,44,2,1,1,2020,6,2022,12811.67,563713.48
SP-001740,SP,São Paulo,Campo Belo,Zona Sul,Apartamento,48,1,1,0,2010,16,2024,12279.42,589412.16
SP-001741,SP,São Paulo,Morumbi,Zona Sul,Casa,139,4,2,2,2009,17,2025,8311.66,1155320.74
SP-001742,SP,São Paulo,Santana,Zona Norte,Apartamento,35,2,1,1,2017,9,2014,6700.84,234529.4
SP-001743,SP,São Paulo,Tatuapé,Zona Leste,Apartamento,92,3,2,2,2015,11,2021,8406.5,773398.0
SP-001744,SP,São Paulo,Itaim Bibi,Zona Sul/Oeste,Casa,86,4,3,2,2022,4,2013,13004.54,1118390.44
SP-001745,SP,São Paulo,Mooca,Zona Leste,Apartamento,41,1,1,1,1995,31,2021,7631.81,312904.21
SP-001746,SP,São Paulo,Tatuapé,Zona Leste,Apartamento,190,3,4,3,1989,37,2018,7713.63,1465589.7
SP-001747,SP,São Paulo,Pinheiros,Zona Oeste,Cobertura,167,4,3,3,2004,22,2024,20842.26,3480657.42
SP-001748,SP,São Paulo,Jardim Paulista,Zona Oeste,Apartamento,85,3,3,2,2008,18,2020,13355.15,1135187.75
SP-001749,SP,São Paulo,Pinheiros,Zona Oeste,Apartamento,86,3,3,2,1998,28,2016,10187.73,876144.78
SP-001750,SP,São Paulo,Lapa,Zona Oeste,Apartamento,104,3,2,3,1996,30,2017,6893.43,716916.72
SP-001751,SP,São Paulo,Lapa,Zona Oeste,Apartamento,51,3,2,1,2017,9,2014,6967.17,355325.67
SP-001752,SP,São Paulo,Ipiranga,Zona Sul,Apartamento,84,3,1,1,2012,14,2017,6157.38,517219.92
SP-001753,SP,São Paulo,Vila Mariana,Zona Sul,Apartamento,41,1,1,0,2018,8,2019,10994.15,450760.15
SP-001754,SP,São Paulo,Tatuapé,Zona Leste,Apartamento,50,2,1,2,1980,46,2020,8043.28,402164.0
SP-001755,SP,São Paulo,Lapa,Zona Oeste,Apartamento,163,5,4,3,2022,4,2024,10156.09,1655442.67
SP-001756,SP,São Paulo,Perdizes,Zona Oeste,Apartamento,35,1,1,1,1984,42,2018,8559.49,299582.15
SP-001757,SP,São Paulo,Pinheiros,Zona Oeste,Apartamento,33,1,1,0,2010,16,2018,12187.69,402193.77
SP-001758,SP,São Paulo,Pinheiros,Zona Oeste,Casa,111,3,3,2,1997,29,2013,8740.47,970192.17
SP-001759,SP,São Paulo,Lapa,Zona Oeste,Apartamento,64,2,2,1,1984,42,2019,6618.36,423575.04
SP-001760,SP,São Paulo,Saúde,Zona Sul,Apartamento,161,4,5,3,2023,3,2015,8086.32,1301897.52
SP-001761,SP,São Paulo,Jardim Paulista,Zona Oeste,Apartamento,175,4,5,5,1994,32,2013,13127.43,2297300.25
SP-001762,SP,São Paulo,Vila Mariana,Zona Sul,Apartamento,57,2,2,2,2011,15,2021,11245.69,641004.33
SP-001763,SP,São Paulo,Lapa,Zona Oeste,Casa,158,3,4,3,2021,5,2026,10761.44,1700307.52
SP-001764,SP,São Paulo,Vila Madalena,Zona Oeste,Casa,157,5,3,4,2006,20,2017,11422.67,1793359.19
SP-001765,SP,São Paulo,Ipiranga,Zona Sul,Apartamento,130,3,3,2,1991,35,2022,7484.6,972998.0
SP-001766,SP,São Paulo,Mooca,Zona Leste,Apartamento,102,3,3,3,2021,5,2021,9382.66,957031.32
SP-001767,SP,São Paulo,Itaim Bibi,Zona Sul/Oeste,Apartamento,54,3,2,1,2011,15,2013,10926.37,590023.98
SP-001768,SP,São Paulo,Santana,Zona Norte,Apartamento,41,1,1,0,2023,3,2026,9808.52,402149.32
SP-001769,SP,São Paulo,Itaim Bibi,Zona Sul/Oeste,Apartamento,242,3,3,2,1984,42,2015,11156.19,2699797.98
SP-001770,SP,São Paulo,Ipiranga,Zona Sul,Apartamento,112,2,3,1,2016,10,2020,8474.72,949168.64
SP-001771,SP,São Paulo,Brooklin,Zona Sul,Apartamento,62,2,2,2,1998,28,2016,9994.36,619650.32
SP-001772,SP,São Paulo,Brooklin,Zona Sul,Apartamento,56,2,1,1,1982,44,2021,10079.15,564432.4
SP-001773,SP,São Paulo,Moema,Zona Sul,Apartamento,60,2,2,1,2012,14,2019,12935.09,776105.4
SP-001774,SP,São Paulo,Saúde,Zona Sul,Apartamento,38,1,1,0,1992,34,2016,6741.23,256166.74
SP-001775,SP,São Paulo,Itaim Bibi,Zona Sul/Oeste,Apartamento,36,1,1,0,1988,38,2019,11250.81,405029.16
SP-001776,SP,São Paulo,Itaim Bibi,Zona Sul/Oeste,Apartamento,74,2,2,1,2009,17,2017,12910.75,955395.5
SP-001777,SP,São Paulo,Jardim Paulista,Zona Oeste,Apartamento,54,2,2,1,2023,3,2021,16571.54,894863.16
SP-001778,SP,São Paulo,Aclimação,Centro/Sul,Apartamento,72,2,1,1,1989,37,2015,6665.58,479921.76
SP-001779,SP,São Paulo,Lapa,Zona Oeste,Casa,157,3,4,2,2024,2,2017,8569.26,1345373.82
SP-001780,SP,São Paulo,Santana,Zona Norte,Apartamento,60,2,2,1,2010,16,2024,7559.34,453560.4
SP-001781,SP,São Paulo,Ipiranga,Zona Sul,Casa,258,4,5,2,1976,50,2018,5449.62,1406001.96
SP-001782,SP,São Paulo,Tatuapé,Zona Leste,Apartamento,51,2,2,2,2009,17,2026,10317.64,526199.64
SP-001783,SP,São Paulo,Vila Mariana,Zona Sul,Casa,128,4,3,2,2002,24,2019,10335.05,1322886.4
SP-001784,SP,São Paulo,Lapa,Zona Oeste,Apartamento,102,2,2,3,1998,28,2023,9581.57,977320.14
SP-001785,SP,São Paulo,Morumbi,Zona Sul,Apartamento,33,1,1,0,2025,1,2017,7898.57,260652.81
SP-001786,SP,São Paulo,Tatuapé,Zona Leste,Cobertura,173,4,4,3,1995,31,2024,13527.86,2340319.78
SP-001787,SP,São Paulo,Santana,Zona Norte,Apartamento,50,2,2,2,2010,16,2025,9349.49,467474.5
SP-001788,SP,São Paulo,Perdizes,Zona Oeste,Apartamento,94,3,3,2,2025,1,2016,11389.22,1070586.68
SP-001789,SP,São Paulo,Morumbi,Zona Sul,Apartamento,35,1,1,0,2018,8,2019,7688.67,269103.45
SP-001790,SP,São Paulo,Campo Belo,Zona Sul,Apartamento,97,3,2,2,1986,40,2025,13170.52,1277540.44
SP-001791,SP,São Paulo,Mooca,Zona Leste,Apartamento,131,3,2,2,1997,29,2021,7923.63,1037995.53
SP-001792,SP,São Paulo,Jardim Paulista,Zona Oeste,Apartamento,40,1,1,0,2019,7,2017,12654.8,506192.0
SP-001793,SP,São Paulo,Mooca,Zona Leste,Apartamento,46,2,1,0,2021,5,2025,9176.05,422098.3
SP-001794,SP,São Paulo,Tatuapé,Zona Leste,Apartamento,55,3,2,2,2021,5,2026,11349.11,624201.05
SP-001795,SP,São Paulo,Saúde,Zona Sul,Apartamento,56,2,2,1,2020,6,2015,7104.44,397848.64
SP-001796,SP,São Paulo,Perdizes,Zona Oeste,Apartamento,56,2,2,2,2024,2,2026,16816.19,941706.64
SP-001797,SP,São Paulo,Mooca,Zona Leste,Apartamento,71,2,2,2,1980,46,2018,6248.48,443642.08
SP-001798,SP,São Paulo,Aclimação,Centro/Sul,Casa,204,4,4,3,2014,12,2017,8732.72,1781474.88
SP-001799,SP,São Paulo,Bela Vista,Centro/Sul,Apartamento,43,1,1,0,1984,42,2023,6736.13,289653.59
SP-001800,SP,São Paulo,Pinheiros,Zona Oeste,Apartamento,39,1,1,0,2008,18,2024,14401.91,561674.49
SP-001801,SP,São Paulo,Pinheiros,Zona Oeste,Casa,134,2,3,2,2023,3,2023,16362.46,2192569.64
SP-001802,SP,São Paulo,Itaim Bibi,Zona Sul/Oeste,Apartamento,84,2,2,2,2004,22,2013,11342.94,952806.96
SP-001803,SP,São Paulo,Saúde,Zona Sul,Cobertura,484,4,3,3,2002,24,2023,13041.25,6311965.0
SP-001804,SP,São Paulo,Morumbi,Zona Sul,Casa,108,3,2,2,2021,5,2014,6530.48,705291.84
SP-001805,SP,São Paulo,Tatuapé,Zona Leste,Apartamento,33,1,1,0,2021,5,2015,8442.68,278608.44
SP-001806,SP,São Paulo,Tatuapé,Zona Leste,Apartamento,210,3,4,3,2022,4,2014,8210.4,1724184.0
SP-001807,SP,São Paulo,Aclimação,Centro/Sul,Apartamento,41,2,1,0,1983,43,2013,6002.0,246082.0
SP-001808,SP,São Paulo,Morumbi,Zona Sul,Apartamento,50,2,1,1,2007,19,2024,8113.05,405652.5
SP-001809,SP,São Paulo,Tatuapé,Zona Leste,Apartamento,40,2,1,1,2020,6,2019,8666.6,346664.0
SP-001810,SP,São Paulo,Santana,Zona Norte,Apartamento,97,3,3,2,2015,11,2026,9040.02,876881.94
SP-001811,SP,São Paulo,Saúde,Zona Sul,Apartamento,38,1,1,1,2008,18,2016,6710.34,254992.92
SP-001812,SP,São Paulo,Campo Belo,Zona Sul,Apartamento,83,2,1,1,2008,18,2020,10679.62,886408.46
SP-001813,SP,São Paulo,Tatuapé,Zona Leste,Apartamento,42,2,1,0,2023,3,2016,8630.31,362473.02
SP-001814,SP,São Paulo,Bela Vista,Centro/Sul,Apartamento,39,2,1,0,2003,23,2017,7310.94,285126.66
SP-001815,SP,São Paulo,Tatuapé,Zona Leste,Apartamento,52,3,2,1,1999,27,2023,8114.98,421978.96
SP-001816,SP,São Paulo,Mooca,Zona Leste,Casa,100,3,2,2,2014,12,2024,8828.3,882830.0
SP-001817,SP,São Paulo,Vila Mariana,Zona Sul,Apartamento,32,1,1,0,1982,44,2026,10018.83,320602.56
SP-001818,SP,São Paulo,Tatuapé,Zona Leste,Apartamento,76,2,1,1,2001,25,2015,6916.16,525628.16
SP-001819,SP,São Paulo,Bela Vista,Centro/Sul,Apartamento,47,1,1,1,2015,11,2014,7278.23,342076.81
SP-001820,SP,São Paulo,Campo Belo,Zona Sul,Apartamento,33,1,1,0,2003,23,2023,11612.79,383222.07
SP-001821,SP,São Paulo,Saúde,Zona Sul,Apartamento,111,2,2,3,2009,17,2016,8624.93,957367.23
SP-001822,SP,São Paulo,Itaim Bibi,Zona Sul/Oeste,Apartamento,41,1,1,1,2008,18,2021,14245.65,584071.65
SP-001823,SP,São Paulo,Brooklin,Zona Sul,Casa,189,4,5,3,2003,23,2019,11247.15,2125711.35
SP-001824,SP,São Paulo,Vila Madalena,Zona Oeste,Apartamento,79,2,1,2,2019,7,2018,12724.5,1005235.5
SP-001825,SP,São Paulo,Perdizes,Zona Oeste,Apartamento,62,2,1,1,2024,2,2021,12724.88,788942.56
SP-001826,SP,São Paulo,Aclimação,Centro/Sul,Apartamento,87,3,3,2,2016,10,2021,9940.24,864800.88
SP-001827,SP,São Paulo,Santana,Zona Norte,Casa,84,3,2,1,2005,21,2025,8027.24,674288.16
SP-001828,SP,São Paulo,Tatuapé,Zona Leste,Apartamento,53,2,1,1,2014,12,2024,9522.02,504667.06
SP-001829,SP,São Paulo,Lapa,Zona Oeste,Apartamento,65,2,2,1,2007,19,2018,7355.2,478088.0
SP-001830,SP,São Paulo,Saúde,Zona Sul,Apartamento,54,2,2,2,1989,37,2024,8588.45,463776.3
SP-001831,SP,São Paulo,Vila Mariana,Zona Sul,Apartamento,42,1,1,0,2023,3,2017,11209.4,470794.8
SP-001832,SP,São Paulo,Tatuapé,Zona Leste,Apartamento,62,2,1,2,2000,26,2026,9927.26,615490.12
SP-001833,SP,São Paulo,Pinheiros,Zona Oeste,Apartamento,48,1,1,0,1992,34,2019,11327.01,543696.48
SP-001834,SP,São Paulo,Ipiranga,Zona Sul,Casa,95,3,3,1,2023,3,2024,9040.42,858839.9
SP-001835,SP,São Paulo,Saúde,Zona Sul,Apartamento,39,1,1,1,1993,33,2019,7379.04,287782.56
SP-001836,SP,São Paulo,Moema,Zona Sul,Apartamento,60,2,2,2,2024,2,2024,18629.86,1117791.6
SP-001837,SP,São Paulo,Tatuapé,Zona Leste,Casa,136,2,2,2,2004,22,2022,8268.05,1124454.8
SP-001838,SP,São Paulo,Bela Vista,Centro/Sul,Apartamento,32,1,1,0,2013,13,2021,8010.56,256337.92
SP-001839,SP,São Paulo,Mooca,Zona Leste,Apartamento,42,1,1,1,2021,5,2023,10367.7,435443.4
SP-001840,SP,São Paulo,Aclimação,Centro/Sul,Apartamento,83,2,2,1,2019,7,2025,11645.24,966554.92
SP-001841,SP,São Paulo,Aclimação,Centro/Sul,Apartamento,48,1,1,1,2025,1,2014,9231.77,443124.96
SP-001842,SP,São Paulo,Aclimação,Centro/Sul,Apartamento,89,3,3,2,2021,5,2016,8785.71,781928.19
SP-001843,SP,São Paulo,Santana,Zona Norte,Apartamento,62,2,2,1,2007,19,2017,6137.69,380536.78
SP-001844,SP,São Paulo,Itaim Bibi,Zona Sul/Oeste,Casa,239,3,3,5,2007,19,2016,13708.39,3276305.21
SP-001845,SP,São Paulo,Vila Mariana,Zona Sul,Apartamento,38,1,1,0,2014,12,2017,8442.21,320803.98
SP-001846,SP,São Paulo,Aclimação,Centro/Sul,Apartamento,215,3,4,3,1981,45,2019,8468.03,1820626.45
SP-001847,SP,São Paulo,Moema,Zona Sul,Apartamento,85,3,3,1,2017,9,2021,14182.62,1205522.7
SP-001848,SP,São Paulo,Campo Belo,Zona Sul,Apartamento,53,3,1,1,2020,6,2021,12303.95,652109.35
SP-001849,SP,São Paulo,Tatuapé,Zona Leste,Apartamento,72,2,2,1,2020,6,2015,7348.95,529124.4
SP-001850,SP,São Paulo,Campo Belo,Zona Sul,Apartamento,83,2,1,1,2011,15,2013,8419.68,698833.44
SP-001851,SP,São Paulo,Morumbi,Zona Sul,Casa,80,2,2,1,2016,10,2019,7363.19,589055.2
SP-001852,SP,São Paulo,Aclimação,Centro/Sul,Apartamento,37,1,1,1,2005,21,2015,7728.63,285959.31
SP-001853,SP,São Paulo,Campo Belo,Zona Sul,Apartamento,32,2,1,0,2019,7,2016,9382.25,300232.0
SP-001854,SP,São Paulo,Pinheiros,Zona Oeste,Apartamento,97,2,3,1,2016,10,2015,12409.83,1203753.51
SP-001855,SP,São Paulo,Lapa,Zona Oeste,Casa,97,3,3,3,2012,14,2026,9717.9,942636.3
SP-001856,SP,São Paulo,Lapa,Zona Oeste,Apartamento,57,2,2,2,1981,45,2014,5010.32,285588.24
SP-001857,SP,São Paulo,Brooklin,Zona Sul,Apartamento,78,2,1,1,2013,13,2023,13025.65,1016000.7
SP-001858,SP,São Paulo,Brooklin,Zona Sul,Apartamento,223,4,4,4,2023,3,2015,12642.0,2819166.0
SP-001859,SP,São Paulo,Ipiranga,Zona Sul,Apartamento,38,1,1,1,2011,15,2016,6831.26,259587.88
SP-001860,SP,São Paulo,Lapa,Zona Oeste,Apartamento,207,4,5,3,2017,9,2026,13085.83,2708766.81
SP-001861,SP,São Paulo,Saúde,Zona Sul,Cobertura,143,4,4,3,1987,39,2014,8760.83,1252798.69
SP-001862,SP,São Paulo,Moema,Zona Sul,Cobertura,137,3,2,2,2019,7,2021,20691.96,2834798.52
SP-001863,SP,São Paulo,Pinheiros,Zona Oeste,Casa,153,4,5,2,1989,37,2017,9703.44,1484626.32
SP-001864,SP,São Paulo,Bela Vista,Centro/Sul,Apartamento,135,3,3,2,2002,24,2016,7117.95,960923.25
SP-001865,SP,São Paulo,Itaim Bibi,Zona Sul/Oeste,Apartamento,52,2,2,1,1993,33,2026,15980.35,830978.2
SP-001866,SP,São Paulo,Jardim Paulista,Zona Oeste,Casa,171,3,4,2,1993,33,2016,10818.1,1849895.1
SP-001867,SP,São Paulo,Vila Madalena,Zona Oeste,Casa,127,4,3,2,2014,12,2013,8544.11,1085101.97
SP-001868,SP,São Paulo,Campo Belo,Zona Sul,Apartamento,46,1,1,0,2017,9,2022,12318.66,566658.36
SP-001869,SP,São Paulo,Itaim Bibi,Zona Sul/Oeste,Apartamento,55,2,1,1,1991,35,2020,12871.05,707907.75
SP-001870,SP,São Paulo,Bela Vista,Centro/Sul,Apartamento,41,2,1,0,1997,29,2016,6586.29,270037.89
SP-001871,SP,São Paulo,Vila Madalena,Zona Oeste,Casa,224,4,3,4,2002,24,2026,13863.49,3105421.76
SP-001872,SP,São Paulo,Brooklin,Zona Sul,Apartamento,103,3,2,2,1995,31,2013,7386.75,760835.25
SP-001873,SP,São Paulo,Saúde,Zona Sul,Apartamento,38,1,1,0,2016,10,2023,10064.49,382450.62
SP-001874,SP,São Paulo,Lapa,Zona Oeste,Apartamento,57,2,2,1,1998,28,2020,8031.81,457813.17
SP-001875,SP,São Paulo,Tatuapé,Zona Leste,Apartamento,62,2,1,1,1998,28,2014,6041.52,374574.24
SP-001876,SP,São Paulo,Aclimação,Centro/Sul,Casa,109,3,2,1,2018,8,2016,7452.65,812338.85
SP-001877,SP,São Paulo,Vila Mariana,Zona Sul,Apartamento,131,4,2,2,2013,13,2018,10064.85,1318495.35
SP-001878,SP,São Paulo,Santana,Zona Norte,Apartamento,38,1,1,0,2001,25,2022,7363.46,279811.48
SP-001879,SP,São Paulo,Aclimação,Centro/Sul,Apartamento,86,3,3,2,1992,34,2021,8689.75,747318.5
SP-001880,SP,São Paulo,Aclimação,Centro/Sul,Apartamento,155,5,3,2,1996,30,2018,7745.18,1200502.9
SP-001881,SP,São Paulo,Bela Vista,Centro/Sul,Apartamento,163,3,3,2,2001,25,2021,8633.61,1407278.43
SP-001882,SP,São Paulo,Pinheiros,Zona Oeste,Apartamento,97,3,2,2,2015,11,2017,12944.11,1255578.67
SP-001883,SP,São Paulo,Pinheiros,Zona Oeste,Apartamento,64,3,2,1,2004,22,2018,11371.43,727771.52
SP-001884,SP,São Paulo,Ipiranga,Zona Sul,Apartamento,173,4,4,3,2022,4,2013,7113.46,1230628.58
SP-001885,SP,São Paulo,Vila Mariana,Zona Sul,Apartamento,65,2,2,2,2018,8,2026,15075.94,979936.1
SP-001886,SP,São Paulo,Vila Madalena,Zona Oeste,Casa,80,2,1,2,2024,2,2015,12674.79,1013983.2
SP-001887,SP,São Paulo,Pinheiros,Zona Oeste,Apartamento,53,2,1,1,2019,7,2022,14898.65,789628.45
SP-001888,SP,São Paulo,Ipiranga,Zona Sul,Apartamento,62,2,1,1,1980,46,2018,6007.14,372442.68
SP-001889,SP,São Paulo,Moema,Zona Sul,Apartamento,40,1,1,0,2016,10,2018,13444.4,537776.0
SP-001890,SP,São Paulo,Morumbi,Zona Sul,Apartamento,54,2,1,1,2004,22,2019,7183.32,387899.28
SP-001891,SP,São Paulo,Jardim Paulista,Zona Oeste,Casa,101,3,2,2,2003,23,2020,13598.06,1373404.06
SP-001892,SP,São Paulo,Brooklin,Zona Sul,Casa,93,4,2,2,2018,8,2025,13412.97,1247406.21
SP-001893,SP,São Paulo,Itaim Bibi,Zona Sul/Oeste,Casa,83,2,1,1,2024,2,2014,12957.95,1075509.85
SP-001894,SP,São Paulo,Aclimação,Centro/Sul,Apartamento,40,1,1,0,2022,4,2017,7590.2,303608.0
SP-001895,SP,São Paulo,Mooca,Zona Leste,Casa,99,3,3,2,2003,23,2024,8769.19,868149.81
SP-001896,SP,São Paulo,Perdizes,Zona Oeste,Apartamento,108,4,3,2,2024,2,2022,15224.34,1644228.72
SP-001897,SP,São Paulo,Santana,Zona Norte,Apartamento,118,3,2,2,1991,35,2015,5787.76,682955.68
SP-001898,SP,São Paulo,Tatuapé,Zona Leste,Apartamento,68,2,2,1,1991,35,2016,6029.01,409972.68
SP-001899,SP,São Paulo,Santana,Zona Norte,Apartamento,106,2,3,2,1999,27,2024,8184.55,867562.3
SP-001900,SP,São Paulo,Campo Belo,Zona Sul,Apartamento,39,1,1,0,2023,3,2014,10987.21,428501.19
SP-001901,SP,São Paulo,Santana,Zona Norte,Apartamento,57,2,2,1,1994,32,2023,6781.12,386523.84
SP-001902,SP,São Paulo,Moema,Zona Sul,Cobertura,271,5,3,3,2008,18,2018,18849.67,5108260.57
SP-001903,SP,São Paulo,Pinheiros,Zona Oeste,Cobertura,329,4,3,3,2011,15,2014,15814.55,5202986.95
SP-001904,SP,São Paulo,Tatuapé,Zona Leste,Apartamento,49,1,1,0,2010,16,2016,6782.34,332334.66
SP-001905,SP,São Paulo,Mooca,Zona Leste,Casa,117,3,3,2,2008,18,2023,7955.06,930742.02
SP-001906,SP,São Paulo,Santana,Zona Norte,Cobertura,277,5,3,2,1999,27,2019,9467.44,2622480.88
SP-001907,SP,São Paulo,Bela Vista,Centro/Sul,Casa,160,4,5,3,2022,4,2016,8400.37,1344059.2
SP-001908,SP,São Paulo,Campo Belo,Zona Sul,Apartamento,136,3,3,1,2025,1,2016,12602.14,1713891.04
SP-001909,SP,São Paulo,Saúde,Zona Sul,Casa,101,2,3,1,2019,7,2019,6969.3,703899.3
SP-001910,SP,São Paulo,Moema,Zona Sul,Apartamento,67,2,2,1,2001,25,2017,12080.5,809393.5
SP-001911,SP,São Paulo,Tatuapé,Zona Leste,Apartamento,63,3,2,1,1989,37,2016,6345.56,399770.28
SP-001912,SP,São Paulo,Santana,Zona Norte,Casa,124,4,3,3,1990,36,2015,5779.67,716679.08
SP-001913,SP,São Paulo,Jardim Paulista,Zona Oeste,Apartamento,47,1,1,1,1999,27,2018,12326.34,579337.98
SP-001914,SP,São Paulo,Tatuapé,Zona Leste,Casa,95,3,3,2,1983,43,2013,5579.68,530069.6
SP-001915,SP,São Paulo,Ipiranga,Zona Sul,Casa,108,3,2,2,2000,26,2022,6900.05,745205.4
SP-001916,SP,São Paulo,Mooca,Zona Leste,Apartamento,101,4,3,1,2000,26,2019,7203.7,727573.7
SP-001917,SP,São Paulo,Moema,Zona Sul,Cobertura,286,5,4,3,2012,14,2020,20247.1,5790670.6
SP-001918,SP,São Paulo,Perdizes,Zona Oeste,Apartamento,128,3,3,3,1995,31,2023,11898.62,1523023.36
SP-001919,SP,São Paulo,Moema,Zona Sul,Casa,150,5,5,4,2007,19,2014,10410.15,1561522.5
SP-001920,SP,São Paulo,Pinheiros,Zona Oeste,Apartamento,43,2,1,0,2020,6,2024,15163.28,652021.04
SP-001921,SP,São Paulo,Itaim Bibi,Zona Sul/Oeste,Casa,106,3,2,1,2009,17,2014,10167.25,1077728.5
SP-001922,SP,São Paulo,Vila Mariana,Zona Sul,Apartamento,120,3,2,2,2005,21,2019,10248.42,1229810.4
SP-001923,SP,São Paulo,Aclimação,Centro/Sul,Apartamento,140,5,4,5,2024,2,2022,13010.92,1821528.8
SP-001924,SP,São Paulo,Jardim Paulista,Zona Oeste,Casa,94,3,3,3,2016,10,2021,14978.32,1407962.08
SP-001925,SP,São Paulo,Campo Belo,Zona Sul,Apartamento,51,2,1,1,2000,26,2014,8404.9,428649.9
SP-001926,SP,São Paulo,Jardim Paulista,Zona Oeste,Apartamento,52,2,2,1,2025,1,2019,16634.56,864997.12
SP-001927,SP,São Paulo,Pinheiros,Zona Oeste,Apartamento,175,4,5,2,2009,17,2015,9734.74,1703579.5
SP-001928,SP,São Paulo,Perdizes,Zona Oeste,Apartamento,51,3,2,1,1997,29,2024,11671.05,595223.55
SP-001929,SP,São Paulo,Mooca,Zona Leste,Apartamento,32,1,1,0,2006,20,2016,6460.23,206727.36
SP-001930,SP,São Paulo,Mooca,Zona Leste,Apartamento,57,2,2,1,2010,16,2025,9179.52,523232.64
SP-001931,SP,São Paulo,Tatuapé,Zona Leste,Apartamento,82,2,1,1,2011,15,2023,9870.86,809410.52
SP-001932,SP,São Paulo,Itaim Bibi,Zona Sul/Oeste,Apartamento,59,3,1,2,1989,37,2020,12362.31,729376.29
SP-001933,SP,São Paulo,Saúde,Zona Sul,Casa,105,4,3,2,2006,20,2024,8759.33,919729.65
SP-001934,SP,São Paulo,Lapa,Zona Oeste,Apartamento,53,2,2,2,2016,10,2023,9237.64,489594.92
SP-001935,SP,São Paulo,Jardim Paulista,Zona Oeste,Apartamento,63,2,1,2,2002,24,2018,14201.81,894714.03
SP-001936,SP,São Paulo,Campo Belo,Zona Sul,Casa,101,3,3,2,2021,5,2025,13334.04,1346738.04
SP-001937,SP,São Paulo,Vila Mariana,Zona Sul,Casa,115,3,2,2,1995,31,2017,8406.64,966763.6
SP-001938,SP,São Paulo,Bela Vista,Centro/Sul,Apartamento,39,1,1,1,2020,6,2013,7162.11,279322.29
SP-001939,SP,São Paulo,Lapa,Zona Oeste,Apartamento,95,3,3,1,2023,3,2016,8274.39,786067.05
SP-001940,SP,São Paulo,Bela Vista,Centro/Sul,Apartamento,71,2,2,1,1984,42,2017,6571.15,466551.65
SP-001941,SP,São Paulo,Vila Mariana,Zona Sul,Apartamento,40,1,1,1,1999,27,2020,10043.19,401727.6
SP-001942,SP,São Paulo,Lapa,Zona Oeste,Apartamento,90,3,2,2,2003,23,2015,7112.46,640121.4
SP-001943,SP,São Paulo,Aclimação,Centro/Sul,Apartamento,48,1,1,0,2009,17,2016,6625.36,318017.28
SP-001944,SP,São Paulo,Ipiranga,Zona Sul,Cobertura,130,3,3,2,2014,12,2017,9626.1,1251393.0
SP-001945,SP,São Paulo,Mooca,Zona Leste,Casa,99,3,3,2,2007,19,2017,6758.89,669130.11
SP-001946,SP,São Paulo,Itaim Bibi,Zona Sul/Oeste,Apartamento,75,2,2,1,1995,31,2015,10718.63,803897.25
SP-001947,SP,São Paulo,Itaim Bibi,Zona Sul/Oeste,Apartamento,49,1,1,0,1992,34,2017,11187.27,548176.23
SP-001948,SP,São Paulo,Morumbi,Zona Sul,Apartamento,128,2,3,2,1987,39,2023,8269.71,1058522.88
SP-001949,SP,São Paulo,Tatuapé,Zona Leste,Apartamento,195,4,4,3,2015,11,2024,9582.14,1868517.3
SP-001950,SP,São Paulo,Tatuapé,Zona Leste,Apartamento,65,2,1,1,2008,18,2021,8557.82,556258.3
SP-001951,SP,São Paulo,Vila Mariana,Zona Sul,Casa,116,2,3,1,2001,25,2020,9719.1,1127415.6
SP-001952,SP,São Paulo,Mooca,Zona Leste,Apartamento,290,4,5,2,2025,1,2014,7763.01,2251272.9
SP-001953,SP,São Paulo,Campo Belo,Zona Sul,Apartamento,89,3,3,2,2025,1,2026,16691.5,1485543.5
SP-001954,SP,São Paulo,Pinheiros,Zona Oeste,Casa,213,4,4,5,1991,35,2021,11972.99,2550246.87
SP-001955,SP,São Paulo,Jardim Paulista,Zona Oeste,Apartamento,34,1,1,1,2006,20,2015,12170.38,413792.92
SP-001956,SP,São Paulo,Perdizes,Zona Oeste,Apartamento,68,2,2,1,2024,2,2022,14079.58,957411.44
SP-001957,SP,São Paulo,Vila Mariana,Zona Sul,Casa,98,2,3,2,2007,19,2013,7397.95,724999.1
SP-001958,SP,São Paulo,Mooca,Zona Leste,Cobertura,143,3,4,3,2012,14,2025,13772.59,1969480.37
SP-001959,SP,São Paulo,Campo Belo,Zona Sul,Apartamento,47,1,1,0,2017,9,2016,9713.1,456515.7
SP-001960,SP,São Paulo,Jardim Paulista,Zona Oeste,Casa,109,3,3,2,1990,36,2016,10484.11,1142767.99
SP-001961,SP,São Paulo,Tatuapé,Zona Leste,Apartamento,164,4,3,3,2012,14,2018,9040.79,1482689.56
SP-001962,SP,São Paulo,Pinheiros,Zona Oeste,Apartamento,32,1,1,0,1992,34,2021,11232.71,359446.72
SP-001963,SP,São Paulo,Mooca,Zona Leste,Casa,152,3,3,3,2021,5,2015,7528.0,1144256.0
SP-001964,SP,São Paulo,Bela Vista,Centro/Sul,Apartamento,101,3,3,2,2000,26,2026,9888.03,998691.03
SP-001965,SP,São Paulo,Pinheiros,Zona Oeste,Apartamento,111,3,3,2,1979,47,2026,13284.77,1474609.47
SP-001966,SP,São Paulo,Mooca,Zona Leste,Casa,127,3,2,2,2017,9,2026,9633.96,1223512.92
SP-001967,SP,São Paulo,Morumbi,Zona Sul,Apartamento,83,2,2,1,1994,32,2018,6604.43,548167.69
SP-001968,SP,São Paulo,Itaim Bibi,Zona Sul/Oeste,Apartamento,73,2,2,1,2003,23,2022,13931.42,1016993.66
SP-001969,SP,São Paulo,Bela Vista,Centro/Sul,Apartamento,149,3,3,3,2001,25,2021,8308.43,1237956.07
SP-001970,SP,São Paulo,Aclimação,Centro/Sul,Apartamento,91,3,2,1,2013,13,2024,9648.25,877990.75
SP-001971,SP,São Paulo,Pinheiros,Zona Oeste,Apartamento,34,1,1,1,2003,23,2016,12836.24,436432.16
SP-001972,SP,São Paulo,Lapa,Zona Oeste,Casa,244,4,5,3,2006,20,2019,7827.43,1909892.92
SP-001973,SP,São Paulo,Mooca,Zona Leste,Apartamento,103,3,3,2,1975,51,2025,8275.94,852421.82
SP-001974,SP,São Paulo,Lapa,Zona Oeste,Apartamento,135,3,3,1,1996,30,2014,5480.98,739932.3
SP-001975,SP,São Paulo,Brooklin,Zona Sul,Apartamento,105,3,3,2,2006,20,2018,11042.45,1159457.25
SP-001976,SP,São Paulo,Pinheiros,Zona Oeste,Apartamento,90,3,2,2,2016,10,2021,16241.66,1461749.4
SP-001977,SP,São Paulo,Tatuapé,Zona Leste,Apartamento,54,2,1,1,2024,2,2021,12320.04,665282.16
SP-001978,SP,São Paulo,Campo Belo,Zona Sul,Apartamento,71,2,2,1,2021,5,2024,13210.1,937917.1
SP-001979,SP,São Paulo,Vila Mariana,Zona Sul,Apartamento,48,1,1,0,1992,34,2024,10354.37,497009.76
SP-001980,SP,São Paulo,Saúde,Zona Sul,Casa,109,3,3,3,2025,1,2024,10346.13,1127728.17
SP-001981,SP,São Paulo,Perdizes,Zona Oeste,Casa,80,2,1,1,2009,17,2021,9682.03,774562.4
SP-001982,SP,São Paulo,Bela Vista,Centro/Sul,Apartamento,57,2,1,2,1988,38,2020,8290.51,472559.07
SP-001983,SP,São Paulo,Lapa,Zona Oeste,Apartamento,135,3,3,2,2012,14,2016,6944.26,937475.1
SP-001984,SP,São Paulo,Lapa,Zona Oeste,Apartamento,33,2,1,0,2021,5,2022,9089.55,299955.15
SP-001985,SP,São Paulo,Lapa,Zona Oeste,Apartamento,80,2,1,2,2015,11,2026,10049.9,803992.0
SP-001986,SP,São Paulo,Saúde,Zona Sul,Casa,202,3,4,3,1988,38,2013,5622.73,1135791.46
SP-001987,SP,São Paulo,Pinheiros,Zona Oeste,Apartamento,107,3,2,2,2022,4,2020,14994.18,1604377.26
SP-001988,SP,São Paulo,Lapa,Zona Oeste,Casa,147,3,4,3,2011,15,2015,6883.14,1011821.58
SP-001989,SP,São Paulo,Lapa,Zona Oeste,Casa,175,4,4,3,2025,1,2023,10764.03,1883705.25
SP-001990,SP,São Paulo,Vila Mariana,Zona Sul,Apartamento,117,3,2,2,2013,13,2024,12472.4,1459270.8
SP-001991,SP,São Paulo,Brooklin,Zona Sul,Apartamento,116,3,2,2,2003,23,2018,10654.43,1235913.88
SP-001992,SP,São Paulo,Moema,Zona Sul,Apartamento,70,2,2,1,2022,4,2019,12342.83,863998.1
SP-001993,SP,São Paulo,Mooca,Zona Leste,Apartamento,174,5,4,2,2022,4,2017,8741.97,1521102.78
SP-001994,SP,São Paulo,Tatuapé,Zona Leste,Apartamento,45,1,1,1,2016,10,2022,10587.94,476457.3
SP-001995,SP,São Paulo,Pinheiros,Zona Oeste,Apartamento,33,1,1,0,1999,27,2018,9753.4,321862.2
SP-001996,SP,São Paulo,Pinheiros,Zona Oeste,Apartamento,58,3,1,2,2017,9,2016,11882.21,689168.18
SP-001997,SP,São Paulo,Morumbi,Zona Sul,Casa,110,4,2,2,2013,13,2025,7788.89,856777.9
SP-001998,SP,São Paulo,Vila Mariana,Zona Sul,Apartamento,74,3,2,1,1985,41,2017,7949.96,588297.04
SP-001999,SP,São Paulo,Pinheiros,Zona Oeste,Apartamento,75,2,2,1,2010,16,2018,11643.25,873243.75
SP-002000,SP,São Paulo,Santana,Zona Norte,Apartamento,62,2,1,2,2014,12,2025,8320.81,515890.22
SP-002001,SP,São Paulo,Morumbi,Zona Sul,Apartamento,106,3,2,2,1995,31,2026,7992.55,847210.3
SP-002002,SP,São Paulo,Itaim Bibi,Zona Sul/Oeste,Apartamento,36,2,1,1,2011,15,2017,13151.3,473446.8
SP-002003,SP,São Paulo,Tatuapé,Zona Leste,Apartamento,66,2,1,1,2016,10,2019,9150.13,603908.58
SP-002004,SP,São Paulo,Tatuapé,Zona Leste,Apartamento,108,3,2,3,2024,2,2016,9692.65,1046806.2
SP-002005,SP,São Paulo,Vila Mariana,Zona Sul,Apartamento,36,1,1,1,2025,1,2018,10928.93,393441.48
SP-002006,SP,São Paulo,Pinheiros,Zona Oeste,Apartamento,49,2,1,1,2001,25,2013,9003.84,441188.16
SP-002007,SP,São Paulo,Vila Madalena,Zona Oeste,Apartamento,58,2,2,1,2010,16,2019,11424.8,662638.4
SP-002008,SP,São Paulo,Vila Mariana,Zona Sul,Apartamento,35,1,1,0,2018,8,2018,11695.46,409341.1
SP-002009,SP,São Paulo,Saúde,Zona Sul,Apartamento,39,2,1,0,1990,36,2021,5875.83,229157.37
SP-002010,SP,São Paulo,Itaim Bibi,Zona Sul/Oeste,Apartamento,35,1,1,1,2025,1,2019,16042.31,561480.85
SP-002011,SP,São Paulo,Bela Vista,Centro/Sul,Apartamento,67,3,2,2,2020,6,2024,11302.15,757244.05
SP-002012,SP,São Paulo,Itaim Bibi,Zona Sul/Oeste,Casa,98,2,2,2,2021,5,2025,15257.76,1495260.48
SP-002013,SP,São Paulo,Itaim Bibi,Zona Sul/Oeste,Apartamento,75,3,2,1,2014,12,2025,16321.6,1224120.0
SP-002014,SP,São Paulo,Vila Madalena,Zona Oeste,Cobertura,382,4,5,5,1986,40,2015,15202.92,5807515.44
SP-002015,SP,São Paulo,Aclimação,Centro/Sul,Apartamento,33,2,1,1,2009,17,2025,9404.11,310335.63
SP-002016,SP,São Paulo,Vila Mariana,Zona Sul,Casa,82,2,1,1,2017,9,2015,9422.75,772665.5
SP-002017,SP,São Paulo,Mooca,Zona Leste,Apartamento,54,2,1,1,2011,15,2015,6285.16,339398.64
SP-002018,SP,São Paulo,Perdizes,Zona Oeste,Cobertura,188,3,4,3,1992,34,2018,13841.15,2602136.2
SP-002019,SP,São Paulo,Morumbi,Zona Sul,Casa,112,3,3,2,1995,31,2026,7972.99,892974.88
SP-002020,SP,São Paulo,Vila Madalena,Zona Oeste,Casa,143,4,5,3,2023,3,2018,13085.87,1871279.41
SP-002021,SP,São Paulo,Moema,Zona Sul,Apartamento,169,4,4,3,2003,23,2018,12479.54,2109042.26
SP-002022,SP,São Paulo,Santana,Zona Norte,Casa,104,3,3,2,2013,13,2026,9067.98,943069.92
SP-002023,SP,São Paulo,Tatuapé,Zona Leste,Apartamento,112,3,3,2,2011,15,2015,6679.53,748107.36
SP-002024,SP,São Paulo,Aclimação,Centro/Sul,Apartamento,78,2,1,1,2008,18,2015,7100.76,553859.28
SP-002025,SP,São Paulo,Moema,Zona Sul,Apartamento,32,1,1,0,1994,32,2014,8639.54,276465.28
SP-002026,SP,São Paulo,Vila Mariana,Zona Sul,Apartamento,47,1,1,1,1988,38,2018,9603.89,451382.83
SP-002027,SP,São Paulo,Aclimação,Centro/Sul,Apartamento,67,2,2,1,2017,9,2013,7976.78,534444.26
SP-002028,SP,São Paulo,Itaim Bibi,Zona Sul/Oeste,Casa,81,3,1,1,1990,36,2024,13738.57,1112824.17
SP-002029,SP,São Paulo,Jardim Paulista,Zona Oeste,Apartamento,33,1,1,1,1996,30,2019,12399.73,409191.09
SP-002030,SP,São Paulo,Moema,Zona Sul,Apartamento,36,1,1,1,2024,2,2014,12591.95,453310.2
SP-002031,SP,São Paulo,Mooca,Zona Leste,Apartamento,40,1,1,1,1986,40,2015,6595.86,263834.4
SP-002032,SP,São Paulo,Santana,Zona Norte,Apartamento,63,2,1,2,1994,32,2019,7893.63,497298.69
SP-002033,SP,São Paulo,Moema,Zona Sul,Casa,143,4,4,3,1996,30,2022,13407.84,1917321.12
SP-002034,SP,São Paulo,Jardim Paulista,Zona Oeste,Apartamento,135,3,2,2,2014,12,2014,11950.82,1613360.7
SP-002035,SP,São Paulo,Morumbi,Zona Sul,Apartamento,52,2,2,1,2021,5,2013,6212.66,323058.32
SP-002036,SP,São Paulo,Tatuapé,Zona Leste,Apartamento,54,3,1,1,2006,20,2021,8975.3,484666.2
SP-002037,SP,São Paulo,Vila Mariana,Zona Sul,Apartamento,74,2,2,1,2011,15,2014,7449.1,551233.4
SP-002038,SP,São Paulo,Tatuapé,Zona Leste,Apartamento,61,2,2,1,2018,8,2014,7765.64,473704.04
SP-002039,SP,São Paulo,Santana,Zona Norte,Apartamento,32,1,1,0,1992,34,2022,7389.83,236474.56
SP-002040,SP,São Paulo,Vila Mariana,Zona Sul,Apartamento,63,2,2,1,2011,15,2019,10219.74,643843.62
SP-002041,SP,São Paulo,Tatuapé,Zona Leste,Apartamento,33,1,1,1,2013,13,2017,6905.06,227866.98
SP-002042,SP,São Paulo,Brooklin,Zona Sul,Apartamento,74,2,2,1,2008,18,2024,12726.01,941724.74
SP-002043,SP,São Paulo,Perdizes,Zona Oeste,Apartamento,42,1,1,1,1992,34,2015,8650.08,363303.36
SP-002044,SP,São Paulo,Ipiranga,Zona Sul,Apartamento,58,2,2,1,2012,14,2021,7974.56,462524.48
SP-002045,SP,São Paulo,Saúde,Zona Sul,Apartamento,39,1,1,0,2010,16,2016,6076.23,236972.97
SP-002046,SP,São Paulo,Mooca,Zona Leste,Apartamento,61,2,1,1,2011,15,2017,6836.73,417040.53
SP-002047,SP,São Paulo,Pinheiros,Zona Oeste,Apartamento,43,1,1,0,1979,47,2017,9673.56,415963.08
SP-002048,SP,São Paulo,Morumbi,Zona Sul,Apartamento,89,3,2,2,2001,25,2024,8580.79,763690.31
SP-002049,SP,São Paulo,Vila Mariana,Zona Sul,Casa,125,3,2,2,1995,31,2024,10083.08,1260385.0
SP-002050,SP,São Paulo,Ipiranga,Zona Sul,Apartamento,43,1,1,1,2014,12,2020,8040.42,345738.06
SP-002051,SP,São Paulo,Aclimação,Centro/Sul,Apartamento,63,2,1,2,2018,8,2020,11321.95,713282.85
SP-002052,SP,São Paulo,Brooklin,Zona Sul,Apartamento,68,2,1,1,1991,35,2023,10279.7,699019.6
SP-002053,SP,São Paulo,Saúde,Zona Sul,Apartamento,124,3,2,2,1990,36,2014,6218.87,771139.88
SP-002054,SP,São Paulo,Vila Madalena,Zona Oeste,Apartamento,46,2,1,1,2023,3,2022,14304.5,658007.0
SP-002055,SP,São Paulo,Perdizes,Zona Oeste,Apartamento,173,4,4,4,2013,13,2026,12392.98,2143985.54
SP-002056,SP,São Paulo,Morumbi,Zona Sul,Apartamento,58,2,1,1,1990,36,2016,5140.89,298171.62
SP-002057,SP,São Paulo,Itaim Bibi,Zona Sul/Oeste,Apartamento,65,3,1,1,2019,7,2020,14535.95,944836.75
SP-002058,SP,São Paulo,Morumbi,Zona Sul,Apartamento,74,2,1,2,1989,37,2023,7844.4,580485.6
SP-002059,SP,São Paulo,Lapa,Zona Oeste,Apartamento,129,3,2,2,1987,39,2026,9741.54,1256658.66
SP-002060,SP,São Paulo,Lapa,Zona Oeste,Apartamento,39,2,1,0,2022,4,2018,7091.82,276580.98
SP-002061,SP,São Paulo,Jardim Paulista,Zona Oeste,Apartamento,152,5,3,5,2020,6,2021,15317.38,2328241.76
SP-002062,SP,São Paulo,Aclimação,Centro/Sul,Apartamento,44,1,1,1,2009,17,2025,11563.96,508814.24
SP-002063,SP,São Paulo,Saúde,Zona Sul,Apartamento,63,2,1,2,2012,14,2022,8513.21,536332.23
SP-002064,SP,São Paulo,Morumbi,Zona Sul,Apartamento,159,4,4,5,1998,28,2017,7011.87,1114887.33
SP-002065,SP,São Paulo,Aclimação,Centro/Sul,Apartamento,55,3,1,1,2016,10,2014,8112.46,446185.3
SP-002066,SP,São Paulo,Aclimação,Centro/Sul,Casa,124,4,3,3,2016,10,2024,11319.11,1403569.64
SP-002067,SP,São Paulo,Lapa,Zona Oeste,Casa,99,3,2,2,2024,2,2021,9643.15,954671.85
SP-002068,SP,São Paulo,Ipiranga,Zona Sul,Apartamento,67,2,1,1,1994,32,2023,7152.82,479238.94
SP-002069,SP,São Paulo,Santana,Zona Norte,Casa,82,3,2,1,1997,29,2022,6891.33,565089.06
SP-002070,SP,São Paulo,Saúde,Zona Sul,Apartamento,80,3,2,2,2017,9,2020,9222.88,737830.4
SP-002071,SP,São Paulo,Jardim Paulista,Zona Oeste,Apartamento,59,3,1,1,2013,13,2015,11418.47,673689.73
SP-002072,SP,São Paulo,Brooklin,Zona Sul,Apartamento,91,3,3,1,2021,5,2017,10834.78,985964.98
SP-002073,SP,São Paulo,Vila Mariana,Zona Sul,Apartamento,44,2,1,0,2014,12,2025,12141.04,534205.76
SP-002074,SP,São Paulo,Jardim Paulista,Zona Oeste,Apartamento,116,3,3,1,2021,5,2018,14243.89,1652291.24
SP-002075,SP,São Paulo,Aclimação,Centro/Sul,Apartamento,59,3,2,1,2004,22,2021,9889.71,583492.89
SP-002076,SP,São Paulo,Santana,Zona Norte,Apartamento,56,2,2,1,2013,13,2025,8051.66,450892.96
SP-002077,SP,São Paulo,Santana,Zona Norte,Apartamento,42,1,1,1,2024,2,2025,10251.66,430569.72
SP-002078,SP,São Paulo,Vila Madalena,Zona Oeste,Apartamento,59,2,2,1,2007,19,2025,13578.91,801155.69
SP-002079,SP,São Paulo,Bela Vista,Centro/Sul,Apartamento,109,3,3,2,1982,44,2026,8446.8,920701.2
SP-002080,SP,São Paulo,Vila Mariana,Zona Sul,Casa,138,3,2,2,1999,27,2021,10204.27,1408189.26
SP-002081,SP,São Paulo,Saúde,Zona Sul,Apartamento,142,4,4,5,2004,22,2026,11055.62,1569898.04
SP-002082,SP,São Paulo,Mooca,Zona Leste,Apartamento,67,3,2,2,2011,15,2021,8021.63,537449.21
SP-002083,SP,São Paulo,Morumbi,Zona Sul,Apartamento,42,1,1,1,2015,11,2015,5666.81,238006.02
SP-002084,SP,São Paulo,Aclimação,Centro/Sul,Apartamento,166,4,4,2,2012,14,2016,7981.78,1324975.48
SP-002085,SP,São Paulo,Santana,Zona Norte,Apartamento,126,3,3,3,1999,27,2025,8634.39,1087933.14
SP-002086,SP,São Paulo,Brooklin,Zona Sul,Casa,115,4,2,1,1988,38,2022,10237.65,1177329.75
SP-002087,SP,São Paulo,Lapa,Zona Oeste,Apartamento,41,2,1,0,2022,4,2018,7837.77,321348.57
SP-002088,SP,São Paulo,Jardim Paulista,Zona Oeste,Apartamento,45,1,1,0,2019,7,2023,16785.77,755359.65
SP-002089,SP,São Paulo,Tatuapé,Zona Leste,Apartamento,152,3,3,3,1989,37,2025,9793.42,1488599.84
SP-002090,SP,São Paulo,Lapa,Zona Oeste,Apartamento,80,2,2,1,2018,8,2021,10452.97,836237.6
SP-002091,SP,São Paulo,Jardim Paulista,Zona Oeste,Casa,81,2,2,1,2014,12,2013,9273.47,751151.07
SP-002092,SP,São Paulo,Morumbi,Zona Sul,Apartamento,70,2,1,1,2025,1,2017,8025.15,561760.5
SP-002093,SP,São Paulo,Campo Belo,Zona Sul,Apartamento,40,1,1,1,2013,13,2023,12492.16,499686.4
SP-002094,SP,São Paulo,Brooklin,Zona Sul,Apartamento,108,3,3,2,2018,8,2026,13675.82,1476988.56
SP-002095,SP,São Paulo,Lapa,Zona Oeste,Apartamento,112,2,2,2,2011,15,2020,8459.68,947484.16
SP-002096,SP,São Paulo,Moema,Zona Sul,Apartamento,90,4,2,2,1996,30,2018,11119.53,1000757.7
SP-002097,SP,São Paulo,Morumbi,Zona Sul,Casa,327,3,3,2,2007,19,2017,6843.82,2237929.14
SP-002098,SP,São Paulo,Mooca,Zona Leste,Casa,149,3,4,3,2025,1,2022,10402.2,1549927.8
SP-002099,SP,São Paulo,Morumbi,Zona Sul,Apartamento,45,2,1,0,1991,35,2022,7012.19,315548.55
SP-002100,SP,São Paulo,Vila Madalena,Zona Oeste,Apartamento,76,3,1,2,1979,47,2013,8007.57,608575.32
SP-002101,SP,São Paulo,Santana,Zona Norte,Apartamento,37,1,1,0,2011,15,2019,6503.12,240615.44
SP-002102,SP,São Paulo,Vila Madalena,Zona Oeste,Apartamento,32,1,1,0,2018,8,2024,12907.08,413026.56
SP-002103,SP,São Paulo,Perdizes,Zona Oeste,Apartamento,101,3,3,1,2011,15,2021,10810.18,1091828.18
SP-002104,SP,São Paulo,Brooklin,Zona Sul,Apartamento,51,3,2,2,2013,13,2021,12085.19,616344.69
SP-002105,SP,São Paulo,Vila Mariana,Zona Sul,Apartamento,68,3,2,1,1986,40,2020,9063.16,616294.88
SP-002106,SP,São Paulo,Pinheiros,Zona Oeste,Apartamento,55,2,1,1,1999,27,2015,9381.15,515963.25
SP-002107,SP,São Paulo,Tatuapé,Zona Leste,Apartamento,41,1,1,0,2017,9,2015,7705.16,315911.56
SP-002108,SP,São Paulo,Saúde,Zona Sul,Casa,88,3,2,3,2008,18,2013,5853.59,515115.92
SP-002109,SP,São Paulo,Mooca,Zona Leste,Casa,147,3,4,5,2018,8,2024,11346.22,1667894.34
SP-002110,SP,São Paulo,Pinheiros,Zona Oeste,Apartamento,34,1,1,1,2022,4,2015,11608.84,394700.56
SP-002111,SP,São Paulo,Mooca,Zona Leste,Apartamento,54,2,2,1,2001,25,2025,9618.6,519404.4
SP-002112,SP,São Paulo,Perdizes,Zona Oeste,Apartamento,106,3,3,1,2016,10,2014,9468.79,1003691.74
SP-002113,SP,São Paulo,Campo Belo,Zona Sul,Casa,112,3,2,1,2019,7,2015,9681.19,1084293.28
SP-002114,SP,São Paulo,Tatuapé,Zona Leste,Casa,89,3,3,2,2003,23,2014,6485.45,577205.05
SP-002115,SP,São Paulo,Lapa,Zona Oeste,Apartamento,78,2,2,1,2017,9,2015,6713.94,523687.32
SP-002116,SP,São Paulo,Ipiranga,Zona Sul,Casa,101,3,3,1,2025,1,2013,6061.84,612245.84
SP-002117,SP,São Paulo,Morumbi,Zona Sul,Apartamento,49,2,1,0,2016,10,2017,7128.39,349291.11
SP-002118,SP,São Paulo,Ipiranga,Zona Sul,Apartamento,115,3,3,1,2007,19,2019,7106.82,817284.3
SP-002119,SP,São Paulo,Lapa,Zona Oeste,Apartamento,59,2,2,2,2017,9,2017,8494.43,501171.37
SP-002120,SP,São Paulo,Perdizes,Zona Oeste,Apartamento,87,2,2,3,1975,51,2017,8640.78,751747.86
SP-002121,SP,São Paulo,Mooca,Zona Leste,Apartamento,75,3,2,1,2017,9,2017,8144.12,610809.0
SP-002122,SP,São Paulo,Itaim Bibi,Zona Sul/Oeste,Apartamento,38,1,1,0,2002,24,2018,13296.91,505282.58
SP-002123,SP,São Paulo,Mooca,Zona Leste,Cobertura,121,3,2,3,2020,6,2017,13018.81,1575276.01
SP-002124,SP,São Paulo,Pinheiros,Zona Oeste,Apartamento,84,3,2,2,1998,28,2017,10694.49,898337.16
SP-002125,SP,São Paulo,Perdizes,Zona Oeste,Apartamento,76,3,1,2,2013,13,2016,9561.7,726689.2
SP-002126,SP,São Paulo,Jardim Paulista,Zona Oeste,Apartamento,67,3,2,1,2011,15,2020,14041.47,940778.49
SP-002127,SP,São Paulo,Brooklin,Zona Sul,Apartamento,33,2,1,0,2001,25,2016,9396.59,310087.47
SP-002128,SP,São Paulo,Brooklin,Zona Sul,Apartamento,42,1,1,1,2015,11,2018,10589.99,444779.58
SP-002129,SP,São Paulo,Vila Madalena,Zona Oeste,Apartamento,43,2,1,1,2022,4,2015,11276.76,484900.68
SP-002130,SP,São Paulo,Jardim Paulista,Zona Oeste,Casa,222,5,3,4,2020,6,2016,14223.08,3157523.76
SP-002131,SP,São Paulo,Itaim Bibi,Zona Sul/Oeste,Casa,159,4,4,3,2024,2,2025,17296.0,2750064.0
SP-002132,SP,São Paulo,Santana,Zona Norte,Apartamento,70,2,1,1,2020,6,2017,6831.15,478180.5
SP-002133,SP,São Paulo,Morumbi,Zona Sul,Apartamento,46,1,1,0,2008,18,2020,6698.29,308121.34
SP-002134,SP,São Paulo,Lapa,Zona Oeste,Casa,88,3,3,1,2020,6,2017,7460.75,656546.0
SP-002135,SP,São Paulo,Pinheiros,Zona Oeste,Apartamento,59,3,1,2,2009,17,2014,11644.18,687006.62
SP-002136,SP,São Paulo,Bela Vista,Centro/Sul,Apartamento,64,2,2,2,2003,23,2024,10415.77,666609.28
SP-002137,SP,São Paulo,Tatuapé,Zona Leste,Apartamento,63,2,2,2,2006,20,2026,10474.09,659867.67
SP-002138,SP,São Paulo,Perdizes,Zona Oeste,Apartamento,90,3,2,2,2001,25,2018,10556.72,950104.8
SP-002139,SP,São Paulo,Morumbi,Zona Sul,Apartamento,91,4,3,1,1990,36,2026,7974.78,725704.98
SP-002140,SP,São Paulo,Ipiranga,Zona Sul,Apartamento,56,3,2,1,2000,26,2024,6924.98,387798.88
SP-002141,SP,São Paulo,Saúde,Zona Sul,Apartamento,184,4,4,2,2006,20,2016,7031.23,1293746.32
SP-002142,SP,São Paulo,Perdizes,Zona Oeste,Apartamento,108,3,3,1,2022,4,2018,10406.21,1123870.68
SP-002143,SP,São Paulo,Itaim Bibi,Zona Sul/Oeste,Casa,391,4,4,2,1987,39,2013,8639.57,3378071.87
SP-002144,SP,São Paulo,Vila Madalena,Zona Oeste,Apartamento,91,4,3,2,2015,11,2013,10478.1,953507.1
SP-002145,SP,São Paulo,Santana,Zona Norte,Apartamento,131,3,3,2,2025,1,2022,9747.45,1276915.95
SP-002146,SP,São Paulo,Campo Belo,Zona Sul,Apartamento,101,3,2,1,1994,32,2013,7527.16,760243.16
SP-002147,SP,São Paulo,Brooklin,Zona Sul,Apartamento,43,1,1,0,2001,25,2021,10998.36,472929.48
SP-002148,SP,São Paulo,Bela Vista,Centro/Sul,Casa,159,4,3,3,1992,34,2023,7905.77,1257017.43
SP-002149,SP,São Paulo,Morumbi,Zona Sul,Apartamento,84,2,1,1,2017,9,2019,7879.76,661899.84
SP-002150,SP,São Paulo,Campo Belo,Zona Sul,Apartamento,47,1,1,0,2019,7,2014,9515.63,447234.61
SP-002151,SP,São Paulo,Bela Vista,Centro/Sul,Apartamento,172,4,5,3,1995,31,2021,9079.77,1561720.44
SP-002152,SP,São Paulo,Bela Vista,Centro/Sul,Apartamento,55,2,1,2,2017,9,2022,10443.82,574410.1
SP-002153,SP,São Paulo,Perdizes,Zona Oeste,Apartamento,64,2,2,1,2011,15,2020,11658.64,746152.96
SP-002154,SP,São Paulo,Moema,Zona Sul,Apartamento,84,2,2,2,2015,11,2021,12908.69,1084329.96
SP-002155,SP,São Paulo,Itaim Bibi,Zona Sul/Oeste,Apartamento,119,3,2,3,1983,43,2014,10570.02,1257832.38
SP-002156,SP,São Paulo,Ipiranga,Zona Sul,Apartamento,59,3,2,1,1989,37,2020,6945.09,409760.31
SP-002157,SP,São Paulo,Vila Mariana,Zona Sul,Apartamento,107,3,2,2,2018,8,2020,11941.65,1277756.55
SP-002158,SP,São Paulo,Tatuapé,Zona Leste,Apartamento,47,1,1,0,2008,18,2019,7445.33,349930.51
SP-002159,SP,São Paulo,Aclimação,Centro/Sul,Apartamento,54,2,2,1,2024,2,2020,10330.63,557854.02
SP-002160,SP,São Paulo,Saúde,Zona Sul,Casa,173,5,3,2,1996,30,2013,5710.51,987918.23
SP-002161,SP,São Paulo,Bela Vista,Centro/Sul,Apartamento,54,3,2,1,2018,8,2013,7415.49,400436.46
SP-002162,SP,São Paulo,Santana,Zona Norte,Apartamento,97,3,3,2,2020,6,2013,5638.49,546933.53
SP-002163,SP,São Paulo,Mooca,Zona Leste,Cobertura,143,3,4,3,1998,28,2023,13620.42,1947720.06
SP-002164,SP,São Paulo,Santana,Zona Norte,Apartamento,61,2,2,2,1991,35,2025,8861.98,540580.78
SP-002165,SP,São Paulo,Santana,Zona Norte,Apartamento,95,3,2,1,1992,34,2026,8937.15,849029.25
SP-002166,SP,São Paulo,Lapa,Zona Oeste,Casa,204,4,4,3,1994,32,2024,9000.12,1836024.48
SP-002167,SP,São Paulo,Bela Vista,Centro/Sul,Apartamento,66,2,2,1,1987,39,2015,6127.9,404441.4
SP-002168,SP,São Paulo,Morumbi,Zona Sul,Apartamento,45,1,1,1,1988,38,2015,6011.24,270505.8
SP-002169,SP,São Paulo,Pinheiros,Zona Oeste,Apartamento,40,1,1,1,2019,7,2015,12865.89,514635.6
SP-002170,SP,São Paulo,Santana,Zona Norte,Casa,142,3,5,3,2002,24,2016,6688.4,949752.8
SP-002171,SP,São Paulo,Ipiranga,Zona Sul,Casa,93,3,3,2,1995,31,2018,6536.29,607874.97
SP-002172,SP,São Paulo,Bela Vista,Centro/Sul,Apartamento,57,2,2,1,2004,22,2025,9762.48,556461.36
SP-002173,SP,São Paulo,Pinheiros,Zona Oeste,Apartamento,92,2,2,2,2010,16,2017,12816.74,1179140.08
SP-002174,SP,São Paulo,Brooklin,Zona Sul,Apartamento,143,4,5,3,2025,1,2024,16257.26,2324788.18
SP-002175,SP,São Paulo,Santana,Zona Norte,Apartamento,33,1,1,1,2007,19,2018,6692.85,220864.05
SP-002176,SP,São Paulo,Moema,Zona Sul,Apartamento,49,1,1,1,2015,11,2023,14232.93,697413.57
SP-002177,SP,São Paulo,Brooklin,Zona Sul,Apartamento,69,2,1,1,2000,26,2017,9890.5,682444.5
SP-002178,SP,São Paulo,Perdizes,Zona Oeste,Apartamento,70,2,1,1,2018,8,2019,11291.75,790422.5
SP-002179,SP,São Paulo,Ipiranga,Zona Sul,Apartamento,128,3,3,2,2016,10,2025,9654.94,1235832.32
SP-002180,SP,São Paulo,Saúde,Zona Sul,Apartamento,63,2,2,2,2025,1,2014,7485.14,471563.82
SP-002181,SP,São Paulo,Aclimação,Centro/Sul,Apartamento,38,1,1,0,2015,11,2024,9167.39,348360.82
SP-002182,SP,São Paulo,Campo Belo,Zona Sul,Apartamento,66,2,2,1,2005,21,2016,10156.1,670302.6
SP-002183,SP,São Paulo,Ipiranga,Zona Sul,Casa,200,4,4,3,2008,18,2016,6241.52,1248304.0
SP-002184,SP,São Paulo,Itaim Bibi,Zona Sul/Oeste,Casa,297,4,5,3,2007,19,2023,14400.51,4276951.47
SP-002185,SP,São Paulo,Tatuapé,Zona Leste,Apartamento,207,3,4,5,1975,51,2013,6938.92,1436356.44
SP-002186,SP,São Paulo,Morumbi,Zona Sul,Cobertura,241,5,4,3,1999,27,2014,8695.36,2095581.76
SP-002187,SP,São Paulo,Pinheiros,Zona Oeste,Apartamento,57,3,1,2,2024,2,2018,14771.01,841947.57
SP-002188,SP,São Paulo,Saúde,Zona Sul,Apartamento,37,1,1,1,2023,3,2015,8433.29,312031.73
SP-002189,SP,São Paulo,Bela Vista,Centro/Sul,Casa,181,4,5,4,2014,12,2019,7801.81,1412127.61
SP-002190,SP,São Paulo,Pinheiros,Zona Oeste,Apartamento,76,2,1,1,1991,35,2025,12040.54,915081.04
SP-002191,SP,São Paulo,Campo Belo,Zona Sul,Apartamento,49,1,1,1,2014,12,2025,11904.7,583330.3
SP-002192,SP,São Paulo,Brooklin,Zona Sul,Apartamento,39,1,1,0,2018,8,2017,10833.44,422504.16
SP-002193,SP,São Paulo,Vila Mariana,Zona Sul,Apartamento,34,1,1,1,2001,25,2020,9698.75,329757.5
SP-002194,SP,São Paulo,Pinheiros,Zona Oeste,Apartamento,59,2,1,1,2014,12,2017,10398.84,613531.56
SP-002195,SP,São Paulo,Mooca,Zona Leste,Casa,116,3,3,2,1994,32,2017,6307.38,731656.08
SP-002196,SP,São Paulo,Pinheiros,Zona Oeste,Apartamento,61,2,1,2,2013,13,2026,16261.27,991937.47
SP-002197,SP,São Paulo,Brooklin,Zona Sul,Apartamento,142,4,4,4,2003,23,2022,13771.46,1955547.32
SP-002198,SP,São Paulo,Moema,Zona Sul,Apartamento,64,2,1,1,2009,17,2026,13701.75,876912.0
SP-002199,SP,São Paulo,Aclimação,Centro/Sul,Casa,112,3,3,2,2008,18,2025,10309.28,1154639.36
SP-002200,SP,São Paulo,Moema,Zona Sul,Casa,147,3,4,2,2019,7,2026,15455.44,2271949.68
SP-002201,SP,São Paulo,Vila Mariana,Zona Sul,Apartamento,33,1,1,1,2024,2,2016,11318.66,373515.78
SP-002202,SP,São Paulo,Moema,Zona Sul,Casa,411,4,5,3,2021,5,2021,13162.16,5409647.76
SP-002203,SP,São Paulo,Perdizes,Zona Oeste,Apartamento,83,3,1,1,2018,8,2023,12167.07,1009866.81
SP-002204,SP,São Paulo,Moema,Zona Sul,Apartamento,46,1,1,1,2017,9,2025,16738.84,769986.64
SP-002205,SP,São Paulo,Moema,Zona Sul,Apartamento,97,3,2,2,2009,17,2026,16852.63,1634705.11
SP-002206,SP,São Paulo,Saúde,Zona Sul,Apartamento,34,1,1,0,2021,5,2013,5998.2,203938.8
SP-002207,SP,São Paulo,Campo Belo,Zona Sul,Apartamento,86,4,3,1,2021,5,2015,10073.33,866306.38
SP-002208,SP,São Paulo,Saúde,Zona Sul,Apartamento,104,4,3,1,2023,3,2020,10417.99,1083470.96
SP-002209,SP,São Paulo,Ipiranga,Zona Sul,Apartamento,43,1,1,1,1991,35,2017,6332.2,272284.6
SP-002210,SP,São Paulo,Ipiranga,Zona Sul,Apartamento,35,1,1,1,2022,4,2023,9551.58,334305.3
SP-002211,SP,São Paulo,Pinheiros,Zona Oeste,Apartamento,93,3,3,3,2001,25,2016,13208.34,1228375.62
SP-002212,SP,São Paulo,Moema,Zona Sul,Casa,292,4,3,4,1982,44,2013,8729.5,2549014.0
SP-002213,SP,São Paulo,Bela Vista,Centro/Sul,Apartamento,138,3,3,1,1998,28,2015,5978.94,825093.72
SP-002214,SP,São Paulo,Vila Madalena,Zona Oeste,Apartamento,86,3,3,2,2016,10,2013,9825.16,844963.76
SP-002215,SP,São Paulo,Vila Madalena,Zona Oeste,Cobertura,229,3,4,4,2023,3,2025,26878.64,6155208.56
SP-002216,SP,São Paulo,Campo Belo,Zona Sul,Apartamento,79,2,2,2,1989,37,2026,13368.81,1056135.99
SP-002217,SP,São Paulo,Morumbi,Zona Sul,Apartamento,91,4,2,2,2022,4,2020,9050.9,823631.9
SP-002218,SP,São Paulo,Pinheiros,Zona Oeste,Apartamento,111,3,3,2,1998,28,2015,10313.36,1144782.96
SP-002219,SP,São Paulo,Tatuapé,Zona Leste,Apartamento,34,2,1,1,2017,9,2018,8794.18,299002.12
SP-002220,SP,São Paulo,Campo Belo,Zona Sul,Apartamento,43,1,1,1,1991,35,2025,10965.8,471529.4
SP-002221,SP,São Paulo,Brooklin,Zona Sul,Apartamento,82,2,2,2,2007,19,2016,10243.61,839976.02
SP-002222,SP,São Paulo,Jardim Paulista,Zona Oeste,Apartamento,127,3,3,1,2016,10,2025,18277.44,2321234.88
SP-002223,SP,São Paulo,Saúde,Zona Sul,Apartamento,159,5,5,3,1991,35,2020,8297.65,1319326.35
SP-002224,SP,São Paulo,Santana,Zona Norte,Apartamento,46,1,1,1,2025,1,2016,7813.54,359422.84
SP-002225,SP,São Paulo,Tatuapé,Zona Leste,Apartamento,33,1,1,0,2004,22,2023,8929.9,294686.7
SP-002226,SP,São Paulo,Bela Vista,Centro/Sul,Apartamento,93,3,2,2,2025,1,2021,11244.7,1045757.1
SP-002227,SP,São Paulo,Ipiranga,Zona Sul,Apartamento,51,2,1,2,2011,15,2019,8323.06,424476.06
SP-002228,SP,São Paulo,Aclimação,Centro/Sul,Apartamento,51,3,2,1,2018,8,2026,10821.36,551889.36
SP-002229,SP,São Paulo,Tatuapé,Zona Leste,Apartamento,67,2,2,1,2022,4,2022,9447.93,633011.31
SP-002230,SP,São Paulo,Saúde,Zona Sul,Apartamento,61,2,2,2,2008,18,2025,9563.86,583395.46
SP-002231,SP,São Paulo,Jardim Paulista,Zona Oeste,Casa,123,3,3,2,1997,29,2019,11623.62,1429705.26
SP-002232,SP,São Paulo,Santana,Zona Norte,Apartamento,59,2,2,1,1986,40,2015,6293.2,371298.8
SP-002233,SP,São Paulo,Lapa,Zona Oeste,Apartamento,62,2,2,1,2012,14,2013,6193.73,384011.26
SP-002234,SP,São Paulo,Bela Vista,Centro/Sul,Apartamento,96,3,3,3,2018,8,2018,9819.08,942631.68
SP-002235,SP,São Paulo,Jardim Paulista,Zona Oeste,Apartamento,148,3,4,3,2024,2,2024,19678.41,2912404.68
SP-002236,SP,São Paulo,Perdizes,Zona Oeste,Apartamento,45,2,1,0,2022,4,2024,12044.31,541993.95
SP-002237,SP,São Paulo,Aclimação,Centro/Sul,Casa,90,3,2,2,2002,24,2020,8624.22,776179.8
SP-002238,SP,São Paulo,Itaim Bibi,Zona Sul/Oeste,Apartamento,86,3,3,2,1997,29,2019,12014.05,1033208.3
SP-002239,SP,São Paulo,Perdizes,Zona Oeste,Apartamento,51,2,1,1,2021,5,2024,12226.4,623546.4
SP-002240,SP,São Paulo,Santana,Zona Norte,Apartamento,32,2,1,0,2008,18,2020,7193.79,230201.28
SP-002241,SP,São Paulo,Vila Madalena,Zona Oeste,Apartamento,78,3,1,1,1996,30,2024,12084.78,942612.84
SP-002242,SP,São Paulo,Moema,Zona Sul,Apartamento,83,2,1,2,2021,5,2016,12998.11,1078843.13
SP-002243,SP,São Paulo,Ipiranga,Zona Sul,Apartamento,223,3,4,3,1985,41,2017,6090.54,1358190.42
SP-002244,SP,São Paulo,Morumbi,Zona Sul,Casa,95,4,2,2,2012,14,2024,7938.29,754137.55
SP-002245,SP,São Paulo,Moema,Zona Sul,Apartamento,58,3,2,1,2015,11,2023,13052.38,757038.04
SP-002246,SP,São Paulo,Tatuapé,Zona Leste,Casa,129,3,2,2,2024,2,2016,8324.31,1073835.99
SP-002247,SP,São Paulo,Santana,Zona Norte,Cobertura,132,2,3,3,2024,2,2026,16877.34,2227808.88
SP-002248,SP,São Paulo,Vila Mariana,Zona Sul,Apartamento,143,4,5,4,1997,29,2019,10514.7,1503602.1
SP-002249,SP,São Paulo,Morumbi,Zona Sul,Apartamento,35,1,1,0,2025,1,2026,9124.14,319344.9
SP-002250,SP,São Paulo,Morumbi,Zona Sul,Apartamento,37,1,1,1,2014,12,2022,7680.67,284184.79
SP-002251,SP,São Paulo,Saúde,Zona Sul,Casa,132,3,3,2,2023,3,2017,8135.07,1073829.24
SP-002252,SP,São Paulo,Morumbi,Zona Sul,Apartamento,81,3,1,1,1998,28,2016,6097.98,493936.38
SP-002253,SP,São Paulo,Aclimação,Centro/Sul,Apartamento,63,2,2,1,2012,14,2024,9613.45,605647.35
SP-002254,SP,São Paulo,Vila Mariana,Zona Sul,Apartamento,67,2,2,1,2010,16,2015,8326.08,557847.36
SP-002255,SP,São Paulo,Perdizes,Zona Oeste,Apartamento,110,3,3,2,1985,41,2026,10865.94,1195253.4
SP-002256,SP,São Paulo,Brooklin,Zona Sul,Apartamento,76,2,2,1,2023,3,2014,9266.72,704270.72
SP-002257,SP,São Paulo,Morumbi,Zona Sul,Apartamento,160,4,4,2,2004,22,2014,6336.81,1013889.6
SP-002258,SP,São Paulo,Lapa,Zona Oeste,Apartamento,65,3,1,1,2013,13,2017,7402.19,481142.35
SP-002259,SP,São Paulo,Mooca,Zona Leste,Casa,95,2,2,2,1993,33,2023,8777.26,833839.7
SP-002260,SP,São Paulo,Mooca,Zona Leste,Casa,200,4,5,2,2019,7,2016,6561.65,1312330.0
SP-002261,SP,São Paulo,Jardim Paulista,Zona Oeste,Casa,171,4,4,3,1996,30,2024,12594.83,2153715.93
SP-002262,SP,São Paulo,Vila Mariana,Zona Sul,Casa,116,3,3,2,1998,28,2018,8235.26,955290.16
SP-002263,SP,São Paulo,Lapa,Zona Oeste,Apartamento,88,4,3,2,2007,19,2015,6811.05,599372.4
SP-002264,SP,São Paulo,Pinheiros,Zona Oeste,Apartamento,35,2,1,1,1978,48,2019,9778.17,342235.95
SP-002265,SP,São Paulo,Vila Madalena,Zona Oeste,Apartamento,167,3,4,3,1982,44,2024,12431.62,2076080.54
SP-002266,SP,São Paulo,Vila Madalena,Zona Oeste,Casa,92,3,3,2,2002,24,2021,10396.94,956518.48
SP-002267,SP,São Paulo,Morumbi,Zona Sul,Casa,128,3,2,2,1995,31,2014,5037.58,644810.24
SP-002268,SP,São Paulo,Pinheiros,Zona Oeste,Casa,126,3,2,3,1980,46,2019,10157.09,1279793.34
SP-002269,SP,São Paulo,Mooca,Zona Leste,Casa,133,3,3,3,1995,31,2020,7459.09,992058.97
SP-002270,SP,São Paulo,Campo Belo,Zona Sul,Apartamento,59,2,1,2,1990,36,2024,12073.36,712328.24
SP-002271,SP,São Paulo,Itaim Bibi,Zona Sul/Oeste,Apartamento,68,2,2,1,1989,37,2016,11220.27,762978.36
SP-002272,SP,São Paulo,Jardim Paulista,Zona Oeste,Casa,127,4,2,2,2015,11,2015,10633.33,1350432.91
SP-002273,SP,São Paulo,Saúde,Zona Sul,Apartamento,56,2,1,2,2005,21,2017,7179.33,402042.48
SP-002274,SP,São Paulo,Brooklin,Zona Sul,Apartamento,105,4,3,2,2018,8,2016,10842.69,1138482.45
SP-002275,SP,São Paulo,Campo Belo,Zona Sul,Cobertura,361,3,4,3,2019,7,2023,21741.12,7848544.32
SP-002276,SP,São Paulo,Vila Madalena,Zona Oeste,Apartamento,45,1,1,0,2005,21,2014,8648.62,389187.9
SP-002277,SP,São Paulo,Vila Mariana,Zona Sul,Cobertura,192,5,4,3,2024,2,2021,19007.36,3649413.12
SP-002278,SP,São Paulo,Vila Madalena,Zona Oeste,Apartamento,34,2,1,0,2025,1,2023,13323.45,452997.3
SP-002279,SP,São Paulo,Saúde,Zona Sul,Apartamento,77,2,2,1,1979,47,2014,5158.26,397186.02
SP-002280,SP,São Paulo,Campo Belo,Zona Sul,Casa,99,3,3,2,2012,14,2026,12299.23,1217623.77
SP-002281,SP,São Paulo,Itaim Bibi,Zona Sul/Oeste,Apartamento,78,3,2,1,2013,13,2015,10954.37,854440.86
SP-002282,SP,São Paulo,Pinheiros,Zona Oeste,Apartamento,36,1,1,0,2012,14,2025,14236.69,512520.84
SP-002283,SP,São Paulo,Itaim Bibi,Zona Sul/Oeste,Apartamento,134,3,2,1,1999,27,2021,13780.58,1846597.72
SP-002284,SP,São Paulo,Aclimação,Centro/Sul,Apartamento,174,3,4,3,2005,21,2023,11080.11,1927939.14
SP-002285,SP,São Paulo,Moema,Zona Sul,Apartamento,87,3,3,2,2001,25,2015,11960.01,1040520.87
SP-002286,SP,São Paulo,Saúde,Zona Sul,Casa,222,5,4,3,1975,51,2014,5141.04,1141310.88
SP-002287,SP,São Paulo,Aclimação,Centro/Sul,Apartamento,101,2,3,3,2021,5,2019,11204.7,1131674.7
SP-002288,SP,São Paulo,Pinheiros,Zona Oeste,Apartamento,63,2,2,2,2011,15,2025,15557.43,980118.09
SP-002289,SP,São Paulo,Ipiranga,Zona Sul,Casa,109,3,2,2,2010,16,2014,5967.31,650436.79
SP-002290,SP,São Paulo,Pinheiros,Zona Oeste,Casa,94,3,3,2,2023,3,2021,13003.37,1222316.78
SP-002291,SP,São Paulo,Vila Madalena,Zona Oeste,Apartamento,101,3,2,2,2019,7,2022,14443.52,1458795.52
SP-002292,SP,São Paulo,Itaim Bibi,Zona Sul/Oeste,Apartamento,45,1,1,1,2006,20,2023,15380.37,692116.65
SP-002293,SP,São Paulo,Vila Madalena,Zona Oeste,Apartamento,71,2,1,1,2022,4,2024,15139.54,1074907.34
SP-002294,SP,São Paulo,Brooklin,Zona Sul,Casa,113,3,3,2,2008,18,2014,8491.54,959544.02
SP-002295,SP,São Paulo,Vila Madalena,Zona Oeste,Apartamento,33,1,1,0,2012,14,2021,12200.7,402623.1
SP-002296,SP,São Paulo,Vila Mariana,Zona Sul,Apartamento,87,4,2,2,2021,5,2021,11767.53,1023775.11
SP-002297,SP,São Paulo,Vila Madalena,Zona Oeste,Apartamento,33,1,1,0,2025,1,2023,15245.92,503115.36
SP-002298,SP,São Paulo,Ipiranga,Zona Sul,Apartamento,37,1,1,1,2022,4,2021,8908.05,329597.85
SP-002299,SP,São Paulo,Moema,Zona Sul,Apartamento,40,1,1,0,1991,35,2017,9889.15,395566.0
SP-002300,SP,São Paulo,Pinheiros,Zona Oeste,Apartamento,39,1,1,1,2022,4,2026,17379.65,677806.35
SP-002301,SP,São Paulo,Mooca,Zona Leste,Apartamento,51,2,2,2,2014,12,2018,6979.09,355933.59
SP-002302,SP,São Paulo,Pinheiros,Zona Oeste,Apartamento,74,2,2,1,2015,11,2016,11058.01,818292.74
SP-002303,SP,São Paulo,Campo Belo,Zona Sul,Apartamento,42,1,1,1,2005,21,2024,13236.5,555933.0
SP-002304,SP,São Paulo,Bela Vista,Centro/Sul,Apartamento,78,3,1,1,2002,24,2025,9671.94,754411.32
SP-002305,SP,São Paulo,Vila Mariana,Zona Sul,Apartamento,58,2,1,1,1995,31,2016,8015.28,464886.24
SP-002306,SP,São Paulo,Tatuapé,Zona Leste,Apartamento,72,2,2,1,2006,20,2023,9262.51,666900.72
SP-002307,SP,São Paulo,Brooklin,Zona Sul,Apartamento,35,1,1,0,2006,20,2018,9323.64,326327.4
SP-002308,SP,São Paulo,Morumbi,Zona Sul,Apartamento,38,1,1,1,2001,25,2014,5932.83,225447.54
SP-002309,SP,São Paulo,Vila Madalena,Zona Oeste,Apartamento,59,3,1,1,2017,9,2014,10195.97,601562.23
SP-002310,SP,São Paulo,Bela Vista,Centro/Sul,Casa,177,4,3,4,1982,44,2015,6057.66,1072205.82
SP-002311,SP,São Paulo,Morumbi,Zona Sul,Casa,174,3,5,3,2011,15,2026,8123.21,1413438.54
SP-002312,SP,São Paulo,Campo Belo,Zona Sul,Apartamento,42,1,1,0,2017,9,2023,12547.13,526979.46
SP-002313,SP,São Paulo,Morumbi,Zona Sul,Apartamento,53,2,2,1,2015,11,2023,8917.59,472632.27
SP-002314,SP,São Paulo,Ipiranga,Zona Sul,Apartamento,103,3,3,2,2023,3,2017,8141.64,838588.92
SP-002315,SP,São Paulo,Mooca,Zona Leste,Apartamento,41,1,1,1,2013,13,2023,8184.77,335575.57
SP-002316,SP,São Paulo,Campo Belo,Zona Sul,Cobertura,161,4,3,2,2007,19,2024,20318.26,3271239.86
SP-002317,SP,São Paulo,Itaim Bibi,Zona Sul/Oeste,Casa,236,4,4,3,2000,26,2026,15921.91,3757570.76
SP-002318,SP,São Paulo,Ipiranga,Zona Sul,Apartamento,242,4,4,3,2006,20,2015,7302.82,1767282.44
SP-002319,SP,São Paulo,Moema,Zona Sul,Casa,111,3,3,2,2022,4,2024,15680.16,1740497.76
SP-002320,SP,São Paulo,Ipiranga,Zona Sul,Apartamento,48,1,1,1,1992,34,2026,8689.33,417087.84
SP-002321,SP,São Paulo,Vila Madalena,Zona Oeste,Apartamento,32,1,1,0,1994,32,2021,10329.05,330529.6
SP-002322,SP,São Paulo,Morumbi,Zona Sul,Apartamento,61,3,1,1,2013,13,2013,5710.8,348358.8
SP-002323,SP,São Paulo,Moema,Zona Sul,Casa,282,3,5,5,2003,23,2025,16445.95,4637757.9
SP-002324,SP,São Paulo,Santana,Zona Norte,Apartamento,83,2,1,1,1998,28,2014,5411.33,449140.39
SP-002325,SP,São Paulo,Vila Madalena,Zona Oeste,Apartamento,111,3,3,2,1993,33,2019,10340.07,1147747.77
SP-002326,SP,São Paulo,Santana,Zona Norte,Apartamento,59,2,2,1,1987,39,2019,5636.82,332572.38
SP-002327,SP,São Paulo,Perdizes,Zona Oeste,Apartamento,86,2,2,2,2021,5,2017,10982.46,944491.56
SP-002328,SP,São Paulo,Ipiranga,Zona Sul,Apartamento,54,2,2,1,1996,30,2019,7499.02,404947.08
SP-002329,SP,São Paulo,Campo Belo,Zona Sul,Apartamento,59,3,2,2,2005,21,2024,12920.05,762282.95
SP-002330,SP,São Paulo,Itaim Bibi,Zona Sul/Oeste,Apartamento,216,4,3,3,1986,40,2017,12925.2,2791843.2
SP-002331,SP,São Paulo,Moema,Zona Sul,Apartamento,198,5,3,3,2006,20,2014,10433.56,2065844.88
SP-002332,SP,São Paulo,Pinheiros,Zona Oeste,Apartamento,33,2,1,1,2022,4,2022,13216.82,436155.06
SP-002333,SP,São Paulo,Pinheiros,Zona Oeste,Apartamento,49,1,1,0,2012,14,2023,11875.22,581885.78
SP-002334,SP,São Paulo,Saúde,Zona Sul,Apartamento,57,2,2,1,1993,33,2026,8994.5,512686.5
SP-002335,SP,São Paulo,Bela Vista,Centro/Sul,Apartamento,34,1,1,1,1991,35,2018,6827.27,232127.18
SP-002336,SP,São Paulo,Vila Madalena,Zona Oeste,Apartamento,93,3,2,2,2024,2,2021,15786.18,1468114.74
SP-002337,SP,São Paulo,Pinheiros,Zona Oeste,Apartamento,33,2,1,0,1978,48,2021,10194.31,336412.23
SP-002338,SP,São Paulo,Vila Madalena,Zona Oeste,Apartamento,119,3,2,2,2000,26,2015,10450.28,1243583.32
SP-002339,SP,São Paulo,Itaim Bibi,Zona Sul/Oeste,Apartamento,83,2,2,2,2024,2,2013,13860.56,1150426.48
SP-002340,SP,São Paulo,Vila Mariana,Zona Sul,Casa,193,5,3,2,1998,28,2016,7328.01,1414305.93
SP-002341,SP,São Paulo,Vila Mariana,Zona Sul,Apartamento,103,3,3,2,1991,35,2020,9547.49,983391.47
SP-002342,SP,São Paulo,Aclimação,Centro/Sul,Apartamento,48,1,1,0,2024,2,2025,11375.67,546032.16
SP-002343,SP,São Paulo,Vila Mariana,Zona Sul,Apartamento,32,2,1,1,1990,36,2021,10402.86,332891.52
SP-002344,SP,São Paulo,Tatuapé,Zona Leste,Apartamento,98,3,2,2,2023,3,2017,10282.05,1007640.9
SP-002345,SP,São Paulo,Mooca,Zona Leste,Apartamento,51,2,1,1,2016,10,2025,9972.27,508585.77
SP-002346,SP,São Paulo,Aclimação,Centro/Sul,Casa,92,3,3,2,2017,9,2015,7443.22,684776.24
SP-002347,SP,São Paulo,Ipiranga,Zona Sul,Apartamento,117,3,2,2,1998,28,2014,5505.48,644141.16
SP-002348,SP,São Paulo,Moema,Zona Sul,Apartamento,92,3,3,2,1987,39,2014,10603.04,975479.68
SP-002349,SP,São Paulo,Morumbi,Zona Sul,Apartamento,49,2,1,0,2022,4,2020,7739.13,379217.37
SP-002350,SP,São Paulo,Ipiranga,Zona Sul,Apartamento,40,1,1,1,2009,17,2023,8052.04,322081.6
SP-002351,SP,São Paulo,Mooca,Zona Leste,Apartamento,72,3,2,2,1983,43,2020,7533.81,542434.32
SP-002352,SP,São Paulo,Bela Vista,Centro/Sul,Apartamento,65,2,1,2,2020,6,2026,11013.93,715905.45
SP-002353,SP,São Paulo,Moema,Zona Sul,Casa,113,3,2,2,2006,20,2016,10668.63,1205555.19
SP-002354,SP,São Paulo,Mooca,Zona Leste,Apartamento,104,3,3,2,2013,13,2013,6003.03,624315.12
SP-002355,SP,São Paulo,Mooca,Zona Leste,Apartamento,35,1,1,0,2010,16,2022,8068.94,282412.9
SP-002356,SP,São Paulo,Vila Mariana,Zona Sul,Apartamento,52,2,2,1,2013,13,2016,9183.32,477532.64
SP-002357,SP,São Paulo,Ipiranga,Zona Sul,Casa,85,3,2,2,1978,48,2025,6824.04,580043.4
SP-002358,SP,São Paulo,Pinheiros,Zona Oeste,Apartamento,165,4,4,3,2022,4,2016,13908.71,2294937.15
SP-002359,SP,São Paulo,Santana,Zona Norte,Casa,84,2,1,2,1986,40,2019,6041.0,507444.0
SP-002360,SP,São Paulo,Pinheiros,Zona Oeste,Apartamento,61,3,2,1,2002,24,2023,13677.83,834347.63
SP-002361,SP,São Paulo,Morumbi,Zona Sul,Casa,82,2,1,1,1996,30,2014,5240.2,429696.4
SP-002362,SP,São Paulo,Lapa,Zona Oeste,Apartamento,49,1,1,0,1979,47,2021,6985.04,342266.96
SP-002363,SP,São Paulo,Pinheiros,Zona Oeste,Apartamento,39,1,1,0,1988,38,2018,10387.23,405101.97
SP-002364,SP,São Paulo,Perdizes,Zona Oeste,Apartamento,95,3,2,2,2004,22,2015,9077.68,862379.6
SP-002365,SP,São Paulo,Saúde,Zona Sul,Apartamento,87,3,2,3,1998,28,2018,6928.2,602753.4
SP-002366,SP,São Paulo,Campo Belo,Zona Sul,Apartamento,97,3,3,2,2014,12,2019,10438.02,1012487.94
SP-002367,SP,São Paulo,Moema,Zona Sul,Apartamento,41,1,1,0,2023,3,2020,14175.86,581210.26
SP-002368,SP,São Paulo,Saúde,Zona Sul,Apartamento,56,2,2,1,1999,27,2017,6357.8,356036.8
SP-002369,SP,São Paulo,Vila Madalena,Zona Oeste,Apartamento,56,3,2,1,1980,46,2026,10803.17,604977.52
SP-002370,SP,São Paulo,Perdizes,Zona Oeste,Apartamento,32,1,1,0,2010,16,2026,12002.47,384079.04
SP-002371,SP,São Paulo,Jardim Paulista,Zona Oeste,Casa,116,3,3,2,2024,2,2016,14210.42,1648408.72
SP-002372,SP,São Paulo,Santana,Zona Norte,Apartamento,48,1,1,1,2019,7,2019,7826.57,375675.36
SP-002373,SP,São Paulo,Pinheiros,Zona Oeste,Casa,153,4,5,4,2018,8,2016,14017.42,2144665.26
SP-002374,SP,São Paulo,Lapa,Zona Oeste,Apartamento,51,2,2,2,2019,7,2020,9277.04,473129.04
SP-002375,SP,São Paulo,Vila Madalena,Zona Oeste,Apartamento,65,2,2,2,1993,33,2025,12751.61,828854.65
SP-002376,SP,São Paulo,Vila Madalena,Zona Oeste,Apartamento,65,3,2,1,1983,43,2021,10629.0,690885.0
SP-002377,SP,São Paulo,Vila Madalena,Zona Oeste,Casa,154,5,3,3,1992,34,2018,9917.81,1527342.74
SP-002378,SP,São Paulo,Pinheiros,Zona Oeste,Apartamento,43,1,1,0,1996,30,2015,9052.25,389246.75
SP-002379,SP,São Paulo,Mooca,Zona Leste,Cobertura,142,4,4,5,2003,23,2023,16004.33,2272614.86
SP-002380,SP,São Paulo,Itaim Bibi,Zona Sul/Oeste,Apartamento,106,3,3,3,2011,15,2025,18574.51,1968898.06
SP-002381,SP,São Paulo,Lapa,Zona Oeste,Apartamento,53,2,2,1,2025,1,2022,9732.19,515806.07
SP-002382,SP,São Paulo,Pinheiros,Zona Oeste,Apartamento,193,4,3,2,2005,21,2016,10955.66,2114442.38
SP-002383,SP,São Paulo,Santana,Zona Norte,Apartamento,65,2,2,1,1981,45,2019,6459.91,419894.15
SP-002384,SP,São Paulo,Aclimação,Centro/Sul,Apartamento,34,1,1,0,2025,1,2026,11997.72,407922.48
SP-002385,SP,São Paulo,Moema,Zona Sul,Apartamento,100,3,3,1,2010,16,2021,12695.46,1269546.0
SP-002386,SP,São Paulo,Bela Vista,Centro/Sul,Casa,120,3,3,2,1999,27,2014,5507.2,660864.0
SP-002387,SP,São Paulo,Vila Madalena,Zona Oeste,Casa,153,4,3,2,1985,41,2019,9486.66,1451458.98
SP-002388,SP,São Paulo,Ipiranga,Zona Sul,Casa,105,3,3,2,2018,8,2015,6638.49,697041.45
SP-002389,SP,São Paulo,Jardim Paulista,Zona Oeste,Apartamento,40,1,1,0,1999,27,2022,12337.55,493502.0
SP-002390,SP,São Paulo,Perdizes,Zona Oeste,Apartamento,53,3,1,1,2023,3,2024,13696.19,725898.07
SP-002391,SP,São Paulo,Campo Belo,Zona Sul,Apartamento,70,2,2,2,2021,5,2024,14642.16,1024951.2
SP-002392,SP,São Paulo,Saúde,Zona Sul,Casa,110,3,2,2,2012,14,2026,8963.06,985936.6
SP-002393,SP,São Paulo,Santana,Zona Norte,Cobertura,129,3,3,2,2019,7,2017,10560.23,1362269.67
SP-002394,SP,São Paulo,Aclimação,Centro/Sul,Apartamento,132,3,3,2,1995,31,2024,8792.23,1160574.36
SP-002395,SP,São Paulo,Mooca,Zona Leste,Apartamento,81,3,2,1,2023,3,2019,9458.5,766138.5
SP-002396,SP,São Paulo,Brooklin,Zona Sul,Casa,405,4,5,4,2013,13,2020,11596.3,4696501.5
SP-002397,SP,São Paulo,Aclimação,Centro/Sul,Apartamento,38,1,1,1,1998,28,2024,8800.21,334407.98
SP-002398,SP,São Paulo,Itaim Bibi,Zona Sul/Oeste,Cobertura,175,4,4,2,2013,13,2016,19591.04,3428432.0
SP-002399,SP,São Paulo,Jardim Paulista,Zona Oeste,Casa,120,4,3,2,2012,14,2017,11703.52,1404422.4
SP-002400,SP,São Paulo,Moema,Zona Sul,Apartamento,42,2,1,1,2011,15,2021,13270.77,557372.34
SP-002401,SP,São Paulo,Campo Belo,Zona Sul,Apartamento,73,2,1,1,2022,4,2019,11546.43,842889.39
SP-002402,SP,São Paulo,Santana,Zona Norte,Casa,88,3,3,1,2021,5,2017,6373.94,560906.72
SP-002403,SP,São Paulo,Brooklin,Zona Sul,Apartamento,38,2,1,1,2001,25,2023,11429.3,434313.4
SP-002404,SP,São Paulo,Perdizes,Zona Oeste,Apartamento,46,1,1,0,1988,38,2013,6644.37,305641.02
SP-002405,SP,São Paulo,Jardim Paulista,Zona Oeste,Apartamento,69,2,1,1,2007,19,2018,11647.01,803643.69
SP-002406,SP,São Paulo,Saúde,Zona Sul,Apartamento,34,1,1,0,2021,5,2023,9292.53,315946.02
SP-002407,SP,São Paulo,Brooklin,Zona Sul,Apartamento,57,2,2,2,1996,30,2024,13102.88,746864.16
SP-002408,SP,São Paulo,Tatuapé,Zona Leste,Apartamento,56,2,2,1,2024,2,2020,10761.05,602618.8
SP-002409,SP,São Paulo,Morumbi,Zona Sul,Apartamento,89,3,3,2,2001,25,2021,8427.99,750091.11
SP-002410,SP,São Paulo,Saúde,Zona Sul,Casa,121,4,2,2,2001,25,2024,8144.96,985540.16
SP-002411,SP,São Paulo,Perdizes,Zona Oeste,Apartamento,35,1,1,1,2014,12,2018,9346.05,327111.75
SP-002412,SP,São Paulo,Perdizes,Zona Oeste,Apartamento,47,2,1,0,2011,15,2016,7450.38,350167.86
SP-002413,SP,São Paulo,Jardim Paulista,Zona Oeste,Apartamento,46,1,1,0,2001,25,2020,12398.88,570348.48
SP-002414,SP,São Paulo,Saúde,Zona Sul,Casa,217,5,4,3,2019,7,2013,6790.8,1473603.6
SP-002415,SP,São Paulo,Campo Belo,Zona Sul,Apartamento,49,2,1,1,1990,36,2024,10961.8,537128.2
SP-002416,SP,São Paulo,Brooklin,Zona Sul,Apartamento,61,2,1,1,1981,45,2022,9009.04,549551.44
SP-002417,SP,São Paulo,Jardim Paulista,Zona Oeste,Apartamento,73,2,1,2,2020,6,2023,18477.26,1348839.98
SP-002418,SP,São Paulo,Morumbi,Zona Sul,Apartamento,43,2,1,0,2019,7,2024,8904.07,382875.01
SP-002419,SP,São Paulo,Saúde,Zona Sul,Apartamento,80,2,2,1,2024,2,2025,10796.63,863730.4
SP-002420,SP,São Paulo,Santana,Zona Norte,Apartamento,65,2,1,2,1997,29,2017,6087.41,395681.65
SP-002421,SP,São Paulo,Saúde,Zona Sul,Apartamento,85,4,3,1,2000,26,2024,8130.9,691126.5
SP-002422,SP,São Paulo,Vila Mariana,Zona Sul,Casa,250,4,3,2,1989,37,2020,9259.27,2314817.5
SP-002423,SP,São Paulo,Aclimação,Centro/Sul,Apartamento,81,2,1,1,1993,33,2017,7725.2,625741.2
SP-002424,SP,São Paulo,Itaim Bibi,Zona Sul/Oeste,Apartamento,108,2,2,2,2012,14,2022,16869.09,1821861.72
SP-002425,SP,São Paulo,Saúde,Zona Sul,Apartamento,69,2,2,1,2015,11,2024,8427.32,581485.08
SP-002426,SP,São Paulo,Campo Belo,Zona Sul,Apartamento,72,2,2,1,2003,23,2016,9467.96,681693.12
SP-002427,SP,São Paulo,Bela Vista,Centro/Sul,Apartamento,69,2,2,1,2003,23,2016,8046.87,555234.03
SP-002428,SP,São Paulo,Campo Belo,Zona Sul,Casa,123,4,2,2,2015,11,2021,10776.8,1325546.4
SP-002429,SP,São Paulo,Campo Belo,Zona Sul,Apartamento,39,2,1,0,2007,19,2020,11213.95,437344.05
SP-002430,SP,São Paulo,Vila Mariana,Zona Sul,Casa,192,4,4,5,2008,18,2022,11893.44,2283540.48
SP-002431,SP,São Paulo,Lapa,Zona Oeste,Cobertura,134,3,3,2,2025,1,2020,14364.77,1924879.18
SP-002432,SP,São Paulo,Perdizes,Zona Oeste,Apartamento,155,5,5,3,2003,23,2014,9071.99,1406158.45
SP-002433,SP,São Paulo,Campo Belo,Zona Sul,Apartamento,74,3,1,1,2025,1,2026,16008.8,1184651.2
SP-002434,SP,São Paulo,Santana,Zona Norte,Apartamento,142,4,4,2,2023,3,2019,8597.56,1220853.52
SP-002435,SP,São Paulo,Mooca,Zona Leste,Apartamento,54,3,1,2,2018,8,2025,10500.44,567023.76
SP-002436,SP,São Paulo,Campo Belo,Zona Sul,Apartamento,33,1,1,1,2018,8,2025,13179.72,434930.76
SP-002437,SP,São Paulo,Saúde,Zona Sul,Apartamento,97,3,3,1,2014,12,2025,9315.79,903631.63
SP-002438,SP,São Paulo,Campo Belo,Zona Sul,Apartamento,37,1,1,0,2017,9,2024,12152.81,449653.97
SP-002439,SP,São Paulo,Vila Madalena,Zona Oeste,Cobertura,198,4,3,3,2012,14,2018,15579.13,3084667.74
SP-002440,SP,São Paulo,Vila Mariana,Zona Sul,Apartamento,38,1,1,0,1983,43,2013,6800.49,258418.62
SP-002441,SP,São Paulo,Brooklin,Zona Sul,Apartamento,172,4,4,4,2008,18,2022,12553.2,2159150.4
SP-002442,SP,São Paulo,Jardim Paulista,Zona Oeste,Apartamento,227,4,5,2,2024,2,2018,16445.08,3733033.16
SP-002443,SP,São Paulo,Santana,Zona Norte,Apartamento,39,1,1,1,2025,1,2015,7448.22,290480.58
SP-002444,SP,São Paulo,Saúde,Zona Sul,Cobertura,122,3,3,2,2019,7,2015,10415.63,1270706.86
SP-002445,SP,São Paulo,Vila Mariana,Zona Sul,Apartamento,48,1,1,0,1986,40,2020,8466.83,406407.84
SP-002446,SP,São Paulo,Pinheiros,Zona Oeste,Apartamento,167,4,4,3,1992,34,2019,13786.25,2302303.75
SP-002447,SP,São Paulo,Morumbi,Zona Sul,Apartamento,47,1,1,0,2007,19,2025,8781.23,412717.81
SP-002448,SP,São Paulo,Brooklin,Zona Sul,Cobertura,185,4,3,4,2014,12,2019,18743.84,3467610.4
SP-002449,SP,São Paulo,Santana,Zona Norte,Casa,246,3,4,3,2011,15,2021,7382.84,1816178.64
SP-002450,SP,São Paulo,Jardim Paulista,Zona Oeste,Apartamento,51,2,1,1,2003,23,2024,15171.01,773721.51
SP-002451,SP,São Paulo,Vila Madalena,Zona Oeste,Casa,125,3,2,1,2020,6,2023,13126.17,1640771.25
SP-002452,SP,São Paulo,Brooklin,Zona Sul,Apartamento,71,2,2,1,1976,50,2025,11026.66,782892.86
SP-002453,SP,São Paulo,Aclimação,Centro/Sul,Casa,81,2,2,1,2016,10,2025,10292.89,833724.09
SP-002454,SP,São Paulo,Vila Madalena,Zona Oeste,Apartamento,100,4,2,2,2000,26,2021,11944.33,1194433.0
SP-002455,SP,São Paulo,Vila Madalena,Zona Oeste,Apartamento,87,3,2,2,2022,4,2023,12818.79,1115234.73
SP-002456,SP,São Paulo,Itaim Bibi,Zona Sul/Oeste,Casa,80,2,1,2,2007,19,2016,11608.42,928673.6
SP-002457,SP,São Paulo,Jardim Paulista,Zona Oeste,Apartamento,82,2,1,1,2000,26,2017,11802.18,967778.76
SP-002458,SP,São Paulo,Tatuapé,Zona Leste,Apartamento,47,2,1,0,2025,1,2017,8556.71,402165.37
SP-002459,SP,São Paulo,Tatuapé,Zona Leste,Apartamento,49,1,1,1,2025,1,2017,8652.07,423951.43
SP-002460,SP,São Paulo,Pinheiros,Zona Oeste,Apartamento,47,2,1,1,1980,46,2017,9000.99,423046.53
SP-002461,SP,São Paulo,Jardim Paulista,Zona Oeste,Casa,133,3,2,2,1990,36,2014,9604.86,1277446.38
SP-002462,SP,São Paulo,Vila Mariana,Zona Sul,Apartamento,50,3,2,1,2022,4,2014,9532.52,476626.0
SP-002463,SP,São Paulo,Pinheiros,Zona Oeste,Apartamento,44,2,1,1,1986,40,2013,8514.69,374646.36
SP-002464,SP,São Paulo,Jardim Paulista,Zona Oeste,Apartamento,92,3,2,2,1977,49,2023,12670.67,1165701.64
SP-002465,SP,São Paulo,Bela Vista,Centro/Sul,Apartamento,124,2,2,3,2014,12,2018,7868.36,975676.64
SP-002466,SP,São Paulo,Jardim Paulista,Zona Oeste,Apartamento,85,3,3,2,2001,25,2024,15554.22,1322108.7
SP-002467,SP,São Paulo,Vila Mariana,Zona Sul,Apartamento,120,4,3,2,2011,15,2019,9806.7,1176804.0
SP-002468,SP,São Paulo,Saúde,Zona Sul,Apartamento,32,1,1,1,2009,17,2025,8935.34,285930.88
SP-002469,SP,São Paulo,Brooklin,Zona Sul,Apartamento,43,2,1,1,2006,20,2016,9156.02,393708.86
SP-002470,SP,São Paulo,Mooca,Zona Leste,Apartamento,33,1,1,0,2004,22,2013,5446.43,179732.19
SP-002471,SP,São Paulo,Vila Madalena,Zona Oeste,Apartamento,32,1,1,0,2009,17,2021,12171.6,389491.2
SP-002472,SP,São Paulo,Lapa,Zona Oeste,Cobertura,226,3,5,2,2018,8,2018,12958.16,2928544.16
SP-002473,SP,São Paulo,Vila Madalena,Zona Oeste,Apartamento,232,4,4,3,2021,5,2022,14825.9,3439608.8
SP-002474,SP,São Paulo,Bela Vista,Centro/Sul,Apartamento,163,4,5,3,1986,40,2016,7455.99,1215326.37
SP-002475,SP,São Paulo,Tatuapé,Zona Leste,Apartamento,63,3,2,1,2019,7,2018,8661.88,545698.44
SP-002476,SP,São Paulo,Brooklin,Zona Sul,Casa,117,2,2,2,1999,27,2017,9161.32,1071874.44
SP-002477,SP,São Paulo,Campo Belo,Zona Sul,Casa,171,4,3,3,1985,41,2018,8864.98,1515911.58
SP-002478,SP,São Paulo,Jardim Paulista,Zona Oeste,Apartamento,110,3,3,2,1989,37,2022,15801.3,1738143.0
SP-002479,SP,São Paulo,Tatuapé,Zona Leste,Apartamento,136,2,3,1,2019,7,2022,10658.95,1449617.2
SP-002480,SP,São Paulo,Aclimação,Centro/Sul,Apartamento,39,1,1,0,2020,6,2026,10038.18,391489.02
SP-002481,SP,São Paulo,Santana,Zona Norte,Apartamento,88,4,2,1,1989,37,2021,6826.47,600729.36
SP-002482,SP,São Paulo,Vila Mariana,Zona Sul,Apartamento,115,3,2,2,2016,10,2017,10220.37,1175342.55
SP-002483,SP,São Paulo,Pinheiros,Zona Oeste,Apartamento,61,2,2,1,1994,32,2018,10744.15,655393.15
SP-002484,SP,São Paulo,Perdizes,Zona Oeste,Casa,223,3,3,5,2004,22,2019,11257.05,2510322.15
SP-002485,SP,São Paulo,Perdizes,Zona Oeste,Apartamento,123,3,3,3,2007,19,2014,8858.31,1089572.13
SP-002486,SP,São Paulo,Ipiranga,Zona Sul,Apartamento,32,1,1,0,1998,28,2016,5409.45,173102.4
SP-002487,SP,São Paulo,Morumbi,Zona Sul,Apartamento,76,2,2,1,2000,26,2021,7681.0,583756.0
SP-002488,SP,São Paulo,Brooklin,Zona Sul,Apartamento,57,3,2,1,2025,1,2025,16139.56,919954.92
SP-002489,SP,São Paulo,Campo Belo,Zona Sul,Apartamento,262,5,4,3,2021,5,2025,14096.95,3693400.9
SP-002490,SP,São Paulo,Vila Madalena,Zona Oeste,Apartamento,32,2,1,0,1988,38,2013,8189.0,262048.0
SP-002491,SP,São Paulo,Pinheiros,Zona Oeste,Apartamento,56,2,1,1,2016,10,2026,16699.27,935159.12
SP-002492,SP,São Paulo,Morumbi,Zona Sul,Apartamento,32,1,1,0,2017,9,2026,10633.48,340271.36
SP-002493,SP,São Paulo,Campo Belo,Zona Sul,Apartamento,104,3,3,2,1993,33,2016,9070.38,943319.52
SP-002494,SP,São Paulo,Vila Mariana,Zona Sul,Apartamento,50,3,1,1,2008,18,2023,10196.69,509834.5
SP-002495,SP,São Paulo,Vila Madalena,Zona Oeste,Cobertura,203,4,3,5,1998,28,2015,14512.22,2945980.66
SP-002496,SP,São Paulo,Perdizes,Zona Oeste,Casa,90,3,3,2,1993,33,2014,7735.54,696198.6
SP-002497,SP,São Paulo,Campo Belo,Zona Sul,Apartamento,46,1,1,1,1982,44,2023,10807.7,497154.2
SP-002498,SP,São Paulo,Ipiranga,Zona Sul,Casa,164,5,3,2,2015,11,2014,6168.5,1011634.0
SP-002499,SP,São Paulo,Lapa,Zona Oeste,Apartamento,53,2,2,1,1990,36,2019,7340.04,389022.12
SP-002500,SP,São Paulo,Brooklin,Zona Sul,Apartamento,55,3,1,2,1989,37,2024,12431.2,683716.0
SP-002501,SP,São Paulo,Brooklin,Zona Sul,Apartamento,87,3,3,2,2000,26,2021,11206.14,974934.18
SP-002502,SP,São Paulo,Bela Vista,Centro/Sul,Apartamento,98,3,3,2,2000,26,2023,9191.93,900809.14
SP-002503,SP,São Paulo,Moema,Zona Sul,Apartamento,69,2,2,1,2022,4,2016,12196.41,841552.29
SP-002504,SP,São Paulo,Santana,Zona Norte,Apartamento,56,3,2,1,1986,40,2019,6134.31,343521.36
SP-002505,SP,São Paulo,Saúde,Zona Sul,Apartamento,51,2,1,2,2003,23,2014,7446.95,379794.45
SP-002506,SP,São Paulo,Lapa,Zona Oeste,Casa,82,2,2,1,2021,5,2024,8429.0,691178.0
SP-002507,SP,São Paulo,Saúde,Zona Sul,Apartamento,45,1,1,1,2014,12,2022,8300.68,373530.6
SP-002508,SP,São Paulo,Aclimação,Centro/Sul,Apartamento,40,2,1,1,1977,49,2026,9168.87,366754.8
SP-002509,SP,São Paulo,Campo Belo,Zona Sul,Apartamento,149,4,3,3,2002,24,2013,9513.33,1417486.17
SP-002510,SP,São Paulo,Brooklin,Zona Sul,Apartamento,52,2,2,2,1991,35,2021,9826.72,510989.44
SP-002511,SP,São Paulo,Saúde,Zona Sul,Casa,226,4,4,2,2008,18,2025,8630.53,1950499.78
SP-002512,SP,São Paulo,Brooklin,Zona Sul,Apartamento,34,1,1,1,2012,14,2017,11867.11,403481.74
SP-002513,SP,São Paulo,Mooca,Zona Leste,Apartamento,73,3,1,2,1998,28,2022,7886.94,575746.62
SP-002514,SP,São Paulo,Lapa,Zona Oeste,Apartamento,40,1,1,0,2024,2,2013,7767.42,310696.8
SP-002515,SP,São Paulo,Saúde,Zona Sul,Apartamento,57,2,2,2,2018,8,2020,9261.01,527877.57
SP-002516,SP,São Paulo,Mooca,Zona Leste,Apartamento,37,2,1,1,1987,39,2016,6599.09,244166.33
SP-002517,SP,São Paulo,Saúde,Zona Sul,Casa,194,4,4,4,2025,1,2014,7957.04,1543665.76
SP-002518,SP,São Paulo,Jardim Paulista,Zona Oeste,Apartamento,59,2,2,1,2025,1,2017,13488.96,795848.64
SP-002519,SP,São Paulo,Campo Belo,Zona Sul,Apartamento,43,1,1,1,2024,2,2020,14598.47,627734.21
SP-002520,SP,São Paulo,Saúde,Zona Sul,Apartamento,102,3,2,2,1999,27,2020,7541.51,769234.02
SP-002521,SP,São Paulo,Itaim Bibi,Zona Sul/Oeste,Apartamento,33,1,1,1,2020,6,2019,13973.63,461129.79
SP-002522,SP,São Paulo,Itaim Bibi,Zona Sul/Oeste,Apartamento,55,2,2,1,2011,15,2017,12053.74,662955.7
SP-002523,SP,São Paulo,Pinheiros,Zona Oeste,Apartamento,130,3,3,1,1999,27,2022,11849.83,1540477.9
SP-002524,SP,São Paulo,Saúde,Zona Sul,Apartamento,59,2,1,1,2011,15,2017,6340.86,374110.74
SP-002525,SP,São Paulo,Vila Mariana,Zona Sul,Apartamento,69,2,1,2,2019,7,2016,10351.54,714256.26
SP-002526,SP,São Paulo,Aclimação,Centro/Sul,Apartamento,113,3,2,2,1988,38,2013,6566.04,741962.52
SP-002527,SP,São Paulo,Santana,Zona Norte,Apartamento,66,3,1,1,2006,20,2019,7211.75,475975.5
SP-002528,SP,São Paulo,Santana,Zona Norte,Apartamento,70,3,2,1,2023,3,2020,9144.97,640147.9
SP-002529,SP,São Paulo,Campo Belo,Zona Sul,Apartamento,67,3,1,1,1995,31,2025,10739.81,719567.27
SP-002530,SP,São Paulo,Perdizes,Zona Oeste,Cobertura,185,4,5,4,1993,33,2025,19164.08,3545354.8
SP-002531,SP,São Paulo,Pinheiros,Zona Oeste,Apartamento,67,3,1,1,2001,25,2023,13024.43,872636.81
SP-002532,SP,São Paulo,Santana,Zona Norte,Casa,105,4,2,3,2019,7,2018,7544.56,792178.8
SP-002533,SP,São Paulo,Santana,Zona Norte,Apartamento,112,3,2,1,1993,33,2018,6829.12,764861.44
SP-002534,SP,São Paulo,Aclimação,Centro/Sul,Casa,181,4,3,5,1999,27,2017,8681.82,1571409.42
SP-002535,SP,São Paulo,Mooca,Zona Leste,Apartamento,33,1,1,1,2018,8,2016,7654.57,252600.81
SP-002536,SP,São Paulo,Saúde,Zona Sul,Cobertura,121,3,3,1,2021,5,2022,13659.71,1652824.91
SP-002537,SP,São Paulo,Lapa,Zona Oeste,Apartamento,44,1,1,1,2024,2,2016,8892.28,391260.32
SP-002538,SP,São Paulo,Moema,Zona Sul,Apartamento,43,1,1,1,2024,2,2025,19295.68,829714.24
SP-002539,SP,São Paulo,Vila Madalena,Zona Oeste,Casa,207,4,3,3,2000,26,2020,10087.02,2088013.14
SP-002540,SP,São Paulo,Pinheiros,Zona Oeste,Apartamento,111,3,2,2,2003,23,2023,14210.44,1577358.84
SP-002541,SP,São Paulo,Bela Vista,Centro/Sul,Apartamento,39,2,1,0,1987,39,2013,5908.42,230428.38
SP-002542,SP,São Paulo,Lapa,Zona Oeste,Apartamento,54,2,1,2,2013,13,2022,10097.98,545290.92
SP-002543,SP,São Paulo,Vila Madalena,Zona Oeste,Casa,141,5,4,3,2010,16,2019,12153.54,1713649.14
SP-002544,SP,São Paulo,Jardim Paulista,Zona Oeste,Casa,129,3,2,2,2022,4,2018,13748.19,1773516.51
SP-002545,SP,São Paulo,Morumbi,Zona Sul,Apartamento,46,1,1,0,1997,29,2014,5226.33,240411.18
SP-002546,SP,São Paulo,Tatuapé,Zona Leste,Apartamento,38,1,1,1,2005,21,2020,9043.64,343658.32
SP-002547,SP,São Paulo,Vila Mariana,Zona Sul,Apartamento,40,1,1,1,1997,29,2026,10932.28,437291.2
SP-002548,SP,São Paulo,Brooklin,Zona Sul,Cobertura,136,3,2,1,1984,42,2026,18804.0,2557344.0
SP-002549,SP,São Paulo,Aclimação,Centro/Sul,Apartamento,108,3,2,3,2012,14,2024,12157.4,1312999.2
SP-002550,SP,São Paulo,Moema,Zona Sul,Casa,118,3,3,2,2025,1,2021,16339.08,1928011.44
SP-002551,SP,São Paulo,Vila Madalena,Zona Oeste,Apartamento,93,3,2,2,2021,5,2024,14255.25,1325738.25
SP-002552,SP,São Paulo,Lapa,Zona Oeste,Apartamento,32,1,1,0,2002,24,2014,6531.28,209000.96
SP-002553,SP,São Paulo,Campo Belo,Zona Sul,Apartamento,112,3,2,2,2014,12,2026,13673.57,1531439.84
SP-002554,SP,São Paulo,Perdizes,Zona Oeste,Apartamento,35,1,1,0,2013,13,2013,8331.4,291599.0
SP-002555,SP,São Paulo,Jardim Paulista,Zona Oeste,Apartamento,143,3,5,3,1995,31,2022,13666.01,1954239.43
SP-002556,SP,São Paulo,Saúde,Zona Sul,Casa,125,3,3,2,2017,9,2014,6525.12,815640.0
SP-002557,SP,São Paulo,Vila Mariana,Zona Sul,Apartamento,49,2,1,0,2008,18,2014,7530.02,368970.98
SP-002558,SP,São Paulo,Mooca,Zona Leste,Apartamento,82,2,1,1,2021,5,2024,10675.25,875370.5
SP-002559,SP,São Paulo,Aclimação,Centro/Sul,Apartamento,51,3,1,1,2016,10,2024,11636.17,593444.67
SP-002560,SP,São Paulo,Itaim Bibi,Zona Sul/Oeste,Apartamento,77,2,2,1,2002,24,2019,14032.26,1080484.02
SP-002561,SP,São Paulo,Campo Belo,Zona Sul,Apartamento,56,2,2,1,1999,27,2024,10950.44,613224.64
SP-002562,SP,São Paulo,Mooca,Zona Leste,Apartamento,94,4,2,2,1982,44,2016,5888.48,553517.12
SP-002563,SP,São Paulo,Moema,Zona Sul,Casa,102,3,3,3,2004,22,2026,16012.52,1633277.04
SP-002564,SP,São Paulo,Campo Belo,Zona Sul,Apartamento,40,2,1,0,2017,9,2017,9654.07,386162.8
SP-002565,SP,São Paulo,Campo Belo,Zona Sul,Apartamento,57,3,2,1,2023,3,2021,12944.54,737838.78
SP-002566,SP,São Paulo,Morumbi,Zona Sul,Apartamento,60,2,1,1,2001,25,2024,8559.14,513548.4
SP-002567,SP,São Paulo,Vila Madalena,Zona Oeste,Casa,104,3,2,2,2005,21,2021,11603.46,1206759.84
SP-002568,SP,São Paulo,Vila Madalena,Zona Oeste,Apartamento,41,2,1,0,2003,23,2013,8231.41,337487.81
SP-002569,SP,São Paulo,Mooca,Zona Leste,Apartamento,85,3,3,2,2010,16,2017,6911.97,587517.45
SP-002570,SP,São Paulo,Itaim Bibi,Zona Sul/Oeste,Apartamento,33,1,1,1,2007,19,2017,13734.62,453242.46
SP-002571,SP,São Paulo,Itaim Bibi,Zona Sul/Oeste,Apartamento,56,2,2,1,2002,24,2017,12706.87,711584.72
SP-002572,SP,São Paulo,Moema,Zona Sul,Apartamento,37,1,1,1,2020,6,2013,11560.61,427742.57
SP-002573,SP,São Paulo,Aclimação,Centro/Sul,Casa,100,3,3,2,2016,10,2013,7805.77,780577.0
SP-002574,SP,São Paulo,Pinheiros,Zona Oeste,Casa,97,2,2,2,1976,50,2013,7321.55,710190.35
SP-002575,SP,São Paulo,Vila Madalena,Zona Oeste,Apartamento,90,3,2,1,2011,15,2026,14644.8,1318032.0
SP-002576,SP,São Paulo,Tatuapé,Zona Leste,Apartamento,65,2,2,1,2007,19,2015,7320.33,475821.45
SP-002577,SP,São Paulo,Campo Belo,Zona Sul,Casa,600,4,5,3,1982,44,2014,6722.62,4033572.0
SP-002578,SP,São Paulo,Campo Belo,Zona Sul,Apartamento,60,2,2,2,1994,32,2024,10703.13,642187.8
SP-002579,SP,São Paulo,Santana,Zona Norte,Apartamento,65,2,1,1,1997,29,2017,6461.71,420011.15
SP-002580,SP,São Paulo,Saúde,Zona Sul,Apartamento,40,1,1,0,2014,12,2014,5645.96,225838.4
SP-002581,SP,São Paulo,Aclimação,Centro/Sul,Apartamento,144,4,4,3,2023,3,2018,9969.24,1435570.56
SP-002582,SP,São Paulo,Vila Madalena,Zona Oeste,Casa,124,2,3,2,2020,6,2015,9997.15,1239646.6
SP-002583,SP,São Paulo,Lapa,Zona Oeste,Cobertura,187,5,4,2,2017,9,2023,16481.9,3082115.3
SP-002584,SP,São Paulo,Mooca,Zona Leste,Apartamento,168,3,5,4,1993,33,2017,7217.23,1212494.64
SP-002585,SP,São Paulo,Lapa,Zona Oeste,Apartamento,171,3,5,3,1984,42,2014,5522.97,944427.87
SP-002586,SP,São Paulo,Mooca,Zona Leste,Apartamento,40,1,1,0,2014,12,2014,5997.64,239905.6
SP-002587,SP,São Paulo,Ipiranga,Zona Sul,Apartamento,58,2,1,1,1997,29,2025,8572.23,497189.34
SP-002588,SP,São Paulo,Vila Mariana,Zona Sul,Casa,282,4,4,2,2007,19,2019,9673.73,2727991.86
SP-002589,SP,São Paulo,Moema,Zona Sul,Cobertura,293,3,4,4,1995,31,2013,15204.32,4454865.76
SP-002590,SP,São Paulo,Vila Madalena,Zona Oeste,Apartamento,46,1,1,0,2020,6,2016,9689.9,445735.4
SP-002591,SP,São Paulo,Ipiranga,Zona Sul,Casa,260,4,3,3,2011,15,2018,7398.67,1923654.2
SP-002592,SP,São Paulo,Morumbi,Zona Sul,Apartamento,40,1,1,0,2023,3,2022,10169.85,406794.0
SP-002593,SP,São Paulo,Aclimação,Centro/Sul,Apartamento,97,2,3,2,1996,30,2019,7818.46,758390.62
SP-002594,SP,São Paulo,Itaim Bibi,Zona Sul/Oeste,Apartamento,229,4,5,3,1988,38,2015,12175.14,2788107.06
SP-002595,SP,São Paulo,Mooca,Zona Leste,Cobertura,329,4,4,3,1989,37,2019,12420.39,4086308.31
SP-002596,SP,São Paulo,Santana,Zona Norte,Apartamento,80,2,2,1,2012,14,2015,6118.3,489464.0
SP-002597,SP,São Paulo,Moema,Zona Sul,Casa,174,4,4,4,1993,33,2018,11702.61,2036254.14
SP-002598,SP,São Paulo,Pinheiros,Zona Oeste,Casa,246,4,4,5,2007,19,2015,11263.61,2770848.06
SP-002599,SP,São Paulo,Moema,Zona Sul,Apartamento,84,2,2,1,1980,46,2021,11843.39,994844.76
SP-002600,SP,São Paulo,Vila Mariana,Zona Sul,Casa,117,3,3,2,2012,14,2019,9590.9,1122135.3
SP-002601,SP,São Paulo,Itaim Bibi,Zona Sul/Oeste,Cobertura,270,4,4,5,1982,44,2022,21865.84,5903776.8
SP-002602,SP,São Paulo,Pinheiros,Zona Oeste,Apartamento,38,2,1,1,2025,1,2014,12840.9,487954.2
SP-002603,SP,São Paulo,Bela Vista,Centro/Sul,Apartamento,43,2,1,0,2022,4,2021,8407.46,361520.78
SP-002604,SP,São Paulo,Tatuapé,Zona Leste,Casa,239,4,4,2,2006,20,2025,9225.27,2204839.53
SP-002605,SP,São Paulo,Pinheiros,Zona Oeste,Casa,214,5,3,3,2007,19,2019,11895.03,2545536.42
SP-002606,SP,São Paulo,Ipiranga,Zona Sul,Apartamento,36,2,1,1,1983,43,2015,5496.34,197868.24
SP-002607,SP,São Paulo,Tatuapé,Zona Leste,Casa,87,3,2,2,2013,13,2022,8537.6,742771.2
SP-002608,SP,São Paulo,Morumbi,Zona Sul,Apartamento,155,3,4,4,2019,7,2013,7495.4,1161787.0
SP-002609,SP,São Paulo,Morumbi,Zona Sul,Apartamento,44,1,1,0,2017,9,2016,6389.6,281142.4
SP-002610,SP,São Paulo,Mooca,Zona Leste,Casa,93,3,3,2,2013,13,2017,6842.63,636364.59
SP-002611,SP,São Paulo,Morumbi,Zona Sul,Apartamento,134,3,3,2,2023,3,2014,7612.49,1020073.66
SP-002612,SP,São Paulo,Jardim Paulista,Zona Oeste,Apartamento,54,3,1,1,2006,20,2015,11388.11,614957.94
SP-002613,SP,São Paulo,Perdizes,Zona Oeste,Apartamento,55,2,1,1,2000,26,2014,7549.73,415235.15
SP-002614,SP,São Paulo,Mooca,Zona Leste,Apartamento,35,1,1,0,2012,14,2021,8569.79,299942.65
SP-002615,SP,São Paulo,Jardim Paulista,Zona Oeste,Apartamento,55,2,1,1,2017,9,2017,12588.48,692366.4
SP-002616,SP,São Paulo,Bela Vista,Centro/Sul,Apartamento,43,1,1,0,2000,26,2015,6264.32,269365.76
SP-002617,SP,São Paulo,Moema,Zona Sul,Apartamento,41,1,1,1,2008,18,2013,9187.02,376667.82
SP-002618,SP,São Paulo,Itaim Bibi,Zona Sul/Oeste,Apartamento,61,2,2,2,2019,7,2022,17237.35,1051478.35
SP-002619,SP,São Paulo,Vila Mariana,Zona Sul,Apartamento,103,3,2,1,2006,20,2022,9934.49,1023252.47
SP-002620,SP,São Paulo,Campo Belo,Zona Sul,Apartamento,76,2,1,1,1988,38,2024,10162.39,772341.64
SP-002621,SP,São Paulo,Santana,Zona Norte,Apartamento,35,1,1,0,2018,8,2021,8252.27,288829.45
SP-002622,SP,São Paulo,Vila Madalena,Zona Oeste,Apartamento,93,4,3,1,2019,7,2016,12894.16,1199156.88
SP-002623,SP,São Paulo,Morumbi,Zona Sul,Apartamento,45,1,1,0,2016,10,2017,6521.56,293470.2
SP-002624,SP,São Paulo,Bela Vista,Centro/Sul,Apartamento,63,2,1,1,2010,16,2020,8895.05,560388.15
SP-002625,SP,São Paulo,Vila Madalena,Zona Oeste,Apartamento,42,2,1,0,2014,12,2016,9730.0,408660.0
SP-002626,SP,São Paulo,Aclimação,Centro/Sul,Casa,249,4,4,3,2016,10,2026,12780.4,3182319.6
SP-002627,SP,São Paulo,Santana,Zona Norte,Apartamento,49,2,1,0,2024,2,2013,6487.88,317906.12
SP-002628,SP,São Paulo,Pinheiros,Zona Oeste,Apartamento,66,3,2,1,1987,39,2026,13025.18,859661.88
SP-002629,SP,São Paulo,Ipiranga,Zona Sul,Apartamento,57,2,2,1,2014,12,2013,5961.99,339833.43
SP-002630,SP,São Paulo,Saúde,Zona Sul,Casa,489,4,4,3,2000,26,2013,5657.67,2766600.63
SP-002631,SP,São Paulo,Moema,Zona Sul,Apartamento,110,3,3,2,2000,26,2018,11437.15,1258086.5
SP-002632,SP,São Paulo,Jardim Paulista,Zona Oeste,Apartamento,37,1,1,1,2023,3,2023,19082.77,706062.49
SP-002633,SP,São Paulo,Aclimação,Centro/Sul,Apartamento,102,3,3,2,2025,1,2026,14200.25,1448425.5
SP-002634,SP,São Paulo,Itaim Bibi,Zona Sul/Oeste,Cobertura,234,3,5,3,2014,12,2017,19575.01,4580552.34
SP-002635,SP,São Paulo,Mooca,Zona Leste,Apartamento,106,3,2,1,2017,9,2025,10794.81,1144249.86
SP-002636,SP,São Paulo,Itaim Bibi,Zona Sul/Oeste,Apartamento,63,2,2,2,1988,38,2023,14051.3,885231.9
SP-002637,SP,São Paulo,Lapa,Zona Oeste,Apartamento,208,5,5,2,2023,3,2025,10834.78,2253634.24
SP-002638,SP,São Paulo,Pinheiros,Zona Oeste,Apartamento,34,2,1,0,1997,29,2018,9269.91,315176.94
SP-002639,SP,São Paulo,Morumbi,Zona Sul,Casa,237,5,4,2,2022,4,2022,7979.96,1891250.52
SP-002640,SP,São Paulo,Aclimação,Centro/Sul,Apartamento,176,3,3,4,2012,14,2014,8057.32,1418088.32
SP-002641,SP,São Paulo,Mooca,Zona Leste,Apartamento,151,3,3,3,2022,4,2018,8775.29,1325068.79
SP-002642,SP,São Paulo,Jardim Paulista,Zona Oeste,Apartamento,33,2,1,0,2022,4,2017,12094.73,399126.09
SP-002643,SP,São Paulo,Mooca,Zona Leste,Cobertura,159,3,4,4,1995,31,2020,12386.5,1969453.5
SP-002644,SP,São Paulo,Vila Madalena,Zona Oeste,Apartamento,41,1,1,0,1992,34,2026,11968.85,490722.85
SP-002645,SP,São Paulo,Tatuapé,Zona Leste,Cobertura,146,5,5,3,2013,13,2018,12395.97,1809811.62
SP-002646,SP,São Paulo,Vila Madalena,Zona Oeste,Apartamento,32,2,1,0,1985,41,2021,9587.24,306791.68
SP-002647,SP,São Paulo,Perdizes,Zona Oeste,Apartamento,81,3,1,1,2024,2,2018,10891.6,882219.6
SP-002648,SP,São Paulo,Campo Belo,Zona Sul,Cobertura,124,3,3,2,2012,14,2025,18490.47,2292818.28
SP-002649,SP,São Paulo,Moema,Zona Sul,Apartamento,32,1,1,0,2000,26,2022,12286.81,393177.92
SP-002650,SP,São Paulo,Brooklin,Zona Sul,Cobertura,193,4,3,4,2006,20,2018,17598.58,3396525.94
SP-002651,SP,São Paulo,Moema,Zona Sul,Apartamento,75,2,2,1,1992,34,2017,9915.09,743631.75
SP-002652,SP,São Paulo,Tatuapé,Zona Leste,Apartamento,38,1,1,0,2024,2,2019,8609.75,327170.5
SP-002653,SP,São Paulo,Lapa,Zona Oeste,Apartamento,32,2,1,1,1977,49,2017,6705.68,214581.76
SP-002654,SP,São Paulo,Santana,Zona Norte,Apartamento,73,3,1,1,2024,2,2022,8611.77,628659.21
SP-002655,SP,São Paulo,Moema,Zona Sul,Apartamento,60,2,2,1,1993,33,2017,10335.81,620148.6
SP-002656,SP,São Paulo,Vila Mariana,Zona Sul,Casa,154,3,4,4,2015,11,2018,10600.96,1632547.84
SP-002657,SP,São Paulo,Vila Madalena,Zona Oeste,Casa,88,3,2,2,2025,1,2016,12281.06,1080733.28
SP-002658,SP,São Paulo,Vila Madalena,Zona Oeste,Apartamento,259,4,4,2,2015,11,2024,14416.06,3733759.54
SP-002659,SP,São Paulo,Ipiranga,Zona Sul,Casa,109,3,2,2,2008,18,2020,6746.83,735404.47
SP-002660,SP,São Paulo,Santana,Zona Norte,Casa,85,3,3,2,1984,42,2025,6978.33,593158.05
SP-002661,SP,São Paulo,Saúde,Zona Sul,Casa,146,4,4,3,2005,21,2023,8846.58,1291600.68
SP-002662,SP,São Paulo,Mooca,Zona Leste,Apartamento,59,3,2,2,2008,18,2019,8157.31,481281.29
SP-002663,SP,São Paulo,Campo Belo,Zona Sul,Apartamento,54,2,2,1,2019,7,2024,14437.28,779613.12
SP-002664,SP,São Paulo,Moema,Zona Sul,Apartamento,46,1,1,1,2014,12,2016,11192.46,514853.16
SP-002665,SP,São Paulo,Jardim Paulista,Zona Oeste,Casa,260,5,4,3,2017,9,2017,14354.09,3732063.4
SP-002666,SP,São Paulo,Mooca,Zona Leste,Cobertura,146,4,4,3,2010,16,2017,10914.47,1593512.62
SP-002667,SP,São Paulo,Vila Mariana,Zona Sul,Casa,179,4,4,3,2015,11,2025,13315.65,2383501.35
SP-002668,SP,São Paulo,Mooca,Zona Leste,Apartamento,100,3,2,2,2025,1,2022,10222.68,1022268.0
SP-002669,SP,São Paulo,Itaim Bibi,Zona Sul/Oeste,Casa,97,3,3,2,2020,6,2022,15030.85,1457992.45
SP-002670,SP,São Paulo,Santana,Zona Norte,Cobertura,143,4,4,3,2012,14,2016,9120.58,1304242.94
SP-002671,SP,São Paulo,Mooca,Zona Leste,Apartamento,59,2,2,1,1996,30,2022,7651.65,451447.35
SP-002672,SP,São Paulo,Perdizes,Zona Oeste,Apartamento,72,2,1,1,1984,42,2015,7570.57,545081.04
SP-002673,SP,São Paulo,Mooca,Zona Leste,Apartamento,156,4,4,4,2014,12,2020,8845.77,1379940.12
SP-002674,SP,São Paulo,Ipiranga,Zona Sul,Apartamento,33,1,1,0,1999,27,2017,5635.9,185984.7
SP-002675,SP,São Paulo,Santana,Zona Norte,Apartamento,171,5,3,3,2006,20,2026,9282.35,1587281.85
SP-002676,SP,São Paulo,Tatuapé,Zona Leste,Apartamento,92,3,3,2,2025,1,2015,8496.31,781660.52
SP-002677,SP,São Paulo,Aclimação,Centro/Sul,Apartamento,51,3,2,1,2023,3,2017,8500.66,433533.66
SP-002678,SP,São Paulo,Bela Vista,Centro/Sul,Apartamento,99,4,2,2,2015,11,2013,7232.6,716027.4
SP-002679,SP,São Paulo,Vila Mariana,Zona Sul,Casa,196,4,4,5,2007,19,2023,12053.87,2362558.52
SP-002680,SP,São Paulo,Morumbi,Zona Sul,Apartamento,151,4,5,2,2019,7,2022,9419.95,1422412.45
SP-002681,SP,São Paulo,Campo Belo,Zona Sul,Apartamento,72,2,2,1,2025,1,2020,13436.41,967421.52
SP-002682,SP,São Paulo,Morumbi,Zona Sul,Apartamento,33,2,1,0,2023,3,2020,8348.94,275515.02
SP-002683,SP,São Paulo,Tatuapé,Zona Leste,Apartamento,34,2,1,1,1986,40,2016,6679.13,227090.42
SP-002684,SP,São Paulo,Saúde,Zona Sul,Casa,104,2,3,1,2000,26,2021,6512.54,677304.16
SP-002685,SP,São Paulo,Jardim Paulista,Zona Oeste,Apartamento,64,2,2,2,1979,47,2025,12684.26,811792.64
SP-002686,SP,São Paulo,Perdizes,Zona Oeste,Apartamento,45,2,1,1,2022,4,2021,11353.73,510917.85
SP-002687,SP,São Paulo,Vila Madalena,Zona Oeste,Casa,163,4,5,2,1990,36,2019,10838.42,1766662.46
SP-002688,SP,São Paulo,Santana,Zona Norte,Casa,160,4,4,3,2021,5,2022,9006.8,1441088.0
SP-002689,SP,São Paulo,Saúde,Zona Sul,Casa,184,4,4,5,2002,24,2018,7188.14,1322617.76
SP-002690,SP,São Paulo,Tatuapé,Zona Leste,Apartamento,56,2,2,1,2005,21,2018,7840.58,439072.48
SP-002691,SP,São Paulo,Itaim Bibi,Zona Sul/Oeste,Apartamento,56,2,2,2,1994,32,2013,10372.99,580887.44
SP-002692,SP,São Paulo,Mooca,Zona Leste,Casa,160,5,4,3,2007,19,2024,9017.36,1442777.6
SP-002693,SP,São Paulo,Moema,Zona Sul,Apartamento,39,1,1,1,2019,7,2017,13497.33,526395.87
SP-002694,SP,São Paulo,Brooklin,Zona Sul,Apartamento,60,2,1,2,1990,36,2013,8386.8,503208.0
SP-002695,SP,São Paulo,Itaim Bibi,Zona Sul/Oeste,Casa,136,3,2,2,2013,13,2013,10088.63,1372053.68
SP-002696,SP,São Paulo,Saúde,Zona Sul,Apartamento,60,2,1,1,2017,9,2019,8150.06,489003.6
SP-002697,SP,São Paulo,Morumbi,Zona Sul,Casa,193,4,3,3,2013,13,2017,6888.32,1329445.76
SP-002698,SP,São Paulo,Vila Madalena,Zona Oeste,Apartamento,105,3,2,2,1993,33,2014,8683.1,911725.5
SP-002699,SP,São Paulo,Mooca,Zona Leste,Apartamento,49,1,1,1,1992,34,2023,8741.9,428353.1
SP-002700,SP,São Paulo,Ipiranga,Zona Sul,Casa,163,4,4,2,2013,13,2024,7527.5,1226982.5
SP-002701,SP,São Paulo,Itaim Bibi,Zona Sul/Oeste,Apartamento,154,3,3,4,2008,18,2021,16531.5,2545851.0
SP-002702,SP,São Paulo,Morumbi,Zona Sul,Apartamento,128,3,2,3,2017,9,2019,9171.51,1173953.28
SP-002703,SP,São Paulo,Santana,Zona Norte,Casa,104,2,3,1,1996,30,2015,5365.73,558035.92
SP-002704,SP,São Paulo,Vila Mariana,Zona Sul,Apartamento,67,2,2,2,2020,6,2016,10481.56,702264.52
SP-002705,SP,São Paulo,Aclimação,Centro/Sul,Apartamento,83,2,2,2,2015,11,2026,12176.04,1010611.32
SP-002706,SP,São Paulo,Santana,Zona Norte,Casa,88,3,3,2,1984,42,2016,5089.55,447880.4
SP-002707,SP,São Paulo,Tatuapé,Zona Leste,Apartamento,56,2,2,1,1984,42,2017,6236.11,349222.16
SP-002708,SP,São Paulo,Tatuapé,Zona Leste,Apartamento,126,3,2,2,2012,14,2020,9367.94,1180360.44
SP-002709,SP,São Paulo,Itaim Bibi,Zona Sul/Oeste,Apartamento,53,2,2,1,2001,25,2022,14736.49,781033.97
SP-002710,SP,São Paulo,Tatuapé,Zona Leste,Casa,105,3,3,2,1997,29,2023,7411.15,778170.75
SP-002711,SP,São Paulo,Morumbi,Zona Sul,Apartamento,45,2,1,0,1987,39,2018,5985.24,269335.8
SP-002712,SP,São Paulo,Ipiranga,Zona Sul,Apartamento,47,1,1,1,2012,14,2018,7051.51,331420.97
SP-002713,SP,São Paulo,Tatuapé,Zona Leste,Apartamento,114,3,2,2,2018,8,2016,9480.03,1080723.42
SP-002714,SP,São Paulo,Ipiranga,Zona Sul,Casa,82,3,2,1,1989,37,2025,6882.93,564400.26
SP-002715,SP,São Paulo,Morumbi,Zona Sul,Casa,99,3,2,2,2018,8,2018,8262.37,817974.63
SP-002716,SP,São Paulo,Morumbi,Zona Sul,Casa,119,4,3,2,2015,11,2024,8240.35,980601.65
SP-002717,SP,São Paulo,Campo Belo,Zona Sul,Apartamento,45,2,1,0,2013,13,2025,12236.16,550627.2
SP-002718,SP,São Paulo,Saúde,Zona Sul,Apartamento,52,2,1,2,2012,14,2023,8320.64,432673.28
SP-002719,SP,São Paulo,Lapa,Zona Oeste,Apartamento,87,3,3,1,1990,36,2016,6044.95,525910.65
SP-002720,SP,São Paulo,Jardim Paulista,Zona Oeste,Apartamento,93,2,2,2,1986,40,2019,11709.53,1088986.29
SP-002721,SP,São Paulo,Bela Vista,Centro/Sul,Apartamento,119,3,3,1,2008,18,2017,7198.28,856595.32
SP-002722,SP,São Paulo,Lapa,Zona Oeste,Apartamento,69,2,1,1,2019,7,2023,9194.87,634446.03
SP-002723,SP,São Paulo,Campo Belo,Zona Sul,Apartamento,66,3,1,2,2014,12,2014,8528.44,562877.04
SP-002724,SP,São Paulo,Campo Belo,Zona Sul,Apartamento,63,2,2,1,2022,4,2013,8931.66,562694.58
SP-002725,SP,São Paulo,Vila Madalena,Zona Oeste,Apartamento,46,1,1,0,2007,19,2024,12956.3,595989.8
SP-002726,SP,São Paulo,Bela Vista,Centro/Sul,Apartamento,60,3,1,1,2017,9,2024,10456.85,627411.0
SP-002727,SP,São Paulo,Aclimação,Centro/Sul,Apartamento,113,4,3,2,2002,24,2023,11231.0,1269103.0
SP-002728,SP,São Paulo,Campo Belo,Zona Sul,Apartamento,78,2,1,2,2021,5,2019,11808.0,921024.0
SP-002729,SP,São Paulo,Jardim Paulista,Zona Oeste,Apartamento,47,1,1,0,2014,12,2020,12605.56,592461.32
SP-002730,SP,São Paulo,Moema,Zona Sul,Apartamento,45,1,1,0,2001,25,2019,10086.96,453913.2
SP-002731,SP,São Paulo,Santana,Zona Norte,Apartamento,45,1,1,1,2025,1,2019,8317.89,374305.05
SP-002732,SP,São Paulo,Saúde,Zona Sul,Casa,144,3,4,3,2022,4,2025,10156.86,1462587.84
SP-002733,SP,São Paulo,Morumbi,Zona Sul,Apartamento,63,2,1,1,2001,25,2016,6471.67,407715.21
SP-002734,SP,São Paulo,Bela Vista,Centro/Sul,Apartamento,156,4,5,2,2023,3,2018,10041.31,1566444.36
SP-002735,SP,São Paulo,Campo Belo,Zona Sul,Casa,97,3,3,2,1998,28,2023,10395.13,1008327.61
SP-002736,SP,São Paulo,Aclimação,Centro/Sul,Apartamento,64,2,2,1,2012,14,2016,8063.77,516081.28
SP-002737,SP,São Paulo,Lapa,Zona Oeste,Casa,124,3,2,2,1978,48,2021,6016.58,746055.92
SP-002738,SP,São Paulo,Jardim Paulista,Zona Oeste,Apartamento,34,1,1,0,2014,12,2015,11052.55,375786.7
SP-002739,SP,São Paulo,Lapa,Zona Oeste,Apartamento,62,2,1,1,2012,14,2020,7184.67,445449.54
SP-002740,SP,São Paulo,Brooklin,Zona Sul,Apartamento,62,2,2,1,1988,38,2020,10711.96,664141.52
SP-002741,SP,São Paulo,Aclimação,Centro/Sul,Apartamento,34,2,1,0,1993,33,2013,5712.48,194224.32
SP-002742,SP,São Paulo,Aclimação,Centro/Sul,Apartamento,47,2,1,1,2009,17,2013,7062.13,331920.11
SP-002743,SP,São Paulo,Jardim Paulista,Zona Oeste,Apartamento,34,2,1,1,2006,20,2020,13230.34,449831.56
SP-002744,SP,São Paulo,Morumbi,Zona Sul,Apartamento,128,4,2,1,1984,42,2022,6720.11,860174.08
SP-002745,SP,São Paulo,Pinheiros,Zona Oeste,Cobertura,171,4,5,3,1988,38,2024,22675.31,3877478.01
SP-002746,SP,São Paulo,Lapa,Zona Oeste,Casa,242,3,4,3,2009,17,2014,6659.99,1611717.58
SP-002747,SP,São Paulo,Jardim Paulista,Zona Oeste,Apartamento,74,2,2,2,2018,8,2021,16392.54,1213047.96
SP-002748,SP,São Paulo,Saúde,Zona Sul,Apartamento,121,3,3,2,2017,9,2022,8858.35,1071860.35
SP-002749,SP,São Paulo,Jardim Paulista,Zona Oeste,Apartamento,53,2,1,1,2014,12,2026,16859.41,893548.73
SP-002750,SP,São Paulo,Jardim Paulista,Zona Oeste,Apartamento,118,4,3,2,2006,20,2015,11119.11,1312054.98
SP-002751,SP,São Paulo,Moema,Zona Sul,Apartamento,92,3,2,2,1987,39,2021,12862.33,1183334.36
SP-002752,SP,São Paulo,Tatuapé,Zona Leste,Apartamento,40,1,1,1,2016,10,2017,9004.6,360184.0
SP-002753,SP,São Paulo,Vila Mariana,Zona Sul,Apartamento,106,2,2,2,2005,21,2013,8193.0,868458.0
SP-002754,SP,São Paulo,Santana,Zona Norte,Apartamento,58,2,2,2,2009,17,2023,9053.64,525111.12
SP-002755,SP,São Paulo,Itaim Bibi,Zona Sul/Oeste,Apartamento,59,3,2,1,1996,30,2025,14912.91,879861.69
SP-002756,SP,São Paulo,Morumbi,Zona Sul,Casa,95,2,3,2,1977,49,2016,5403.49,513331.55
SP-002757,SP,São Paulo,Santana,Zona Norte,Apartamento,70,2,1,1,2025,1,2016,7268.08,508765.6
SP-002758,SP,São Paulo,Itaim Bibi,Zona Sul/Oeste,Apartamento,39,1,1,0,2008,18,2015,11137.05,434344.95
SP-002759,SP,São Paulo,Perdizes,Zona Oeste,Apartamento,49,1,1,1,1985,41,2016,7519.92,368476.08
SP-002760,SP,São Paulo,Bela Vista,Centro/Sul,Apartamento,44,2,1,0,2025,1,2013,7498.37,329928.28
SP-002761,SP,São Paulo,Brooklin,Zona Sul,Apartamento,46,1,1,0,2019,7,2019,10365.03,476791.38
SP-002762,SP,São Paulo,Pinheiros,Zona Oeste,Apartamento,109,3,2,2,2008,18,2025,15117.07,1647760.63
SP-002763,SP,São Paulo,Itaim Bibi,Zona Sul/Oeste,Casa,91,3,3,3,2007,19,2014,12553.76,1142392.16
SP-002764,SP,São Paulo,Jardim Paulista,Zona Oeste,Apartamento,69,2,1,1,2016,10,2013,11995.9,827717.1
SP-002765,SP,São Paulo,Tatuapé,Zona Leste,Casa,98,3,3,2,2022,4,2021,9235.75,905103.5
SP-002766,SP,São Paulo,Mooca,Zona Leste,Apartamento,61,3,1,2,1989,37,2013,6316.74,385321.14
SP-002767,SP,São Paulo,Campo Belo,Zona Sul,Apartamento,70,2,2,2,2004,22,2019,11622.32,813562.4
SP-002768,SP,São Paulo,Brooklin,Zona Sul,Apartamento,105,3,2,2,2016,10,2026,14282.03,1499613.15
SP-002769,SP,São Paulo,Morumbi,Zona Sul,Apartamento,53,3,1,1,2010,16,2021,8165.5,432771.5
SP-002770,SP,São Paulo,Vila Madalena,Zona Oeste,Apartamento,35,1,1,1,2022,4,2017,11801.76,413061.6
SP-002771,SP,São Paulo,Tatuapé,Zona Leste,Apartamento,47,1,1,0,2012,14,2013,6763.33,317876.51
SP-002772,SP,São Paulo,Bela Vista,Centro/Sul,Apartamento,57,3,1,1,2006,20,2013,6081.87,346666.59
SP-002773,SP,São Paulo,Ipiranga,Zona Sul,Apartamento,100,4,3,2,2020,6,2021,7811.08,781108.0
SP-002774,SP,São Paulo,Mooca,Zona Leste,Casa,251,4,4,3,2022,4,2017,8417.7,2112842.7
SP-002775,SP,São Paulo,Aclimação,Centro/Sul,Apartamento,119,4,2,1,2003,23,2014,8202.61,976110.59
SP-002776,SP,São Paulo,Ipiranga,Zona Sul,Casa,98,4,2,2,2021,5,2016,6605.13,647302.74
SP-002777,SP,São Paulo,Bela Vista,Centro/Sul,Cobertura,137,4,3,3,1975,51,2018,11498.35,1575273.95
SP-002778,SP,São Paulo,Moema,Zona Sul,Apartamento,55,2,2,2,2025,1,2016,12799.02,703946.1
SP-002779,SP,São Paulo,Bela Vista,Centro/Sul,Apartamento,64,2,2,1,1994,32,2022,8523.69,545516.16
SP-002780,SP,São Paulo,Mooca,Zona Leste,Casa,114,3,2,2,2011,15,2017,6815.41,776956.74
SP-002781,SP,São Paulo,Mooca,Zona Leste,Cobertura,268,3,3,4,2007,19,2021,13721.18,3677276.24
SP-002782,SP,São Paulo,Lapa,Zona Oeste,Cobertura,156,3,4,3,2018,8,2025,15628.68,2438074.08
SP-002783,SP,São Paulo,Vila Mariana,Zona Sul,Casa,117,2,2,2,2001,25,2017,9047.39,1058544.63
SP-002784,SP,São Paulo,Ipiranga,Zona Sul,Apartamento,41,2,1,1,1994,32,2021,7699.92,315696.72
SP-002785,SP,São Paulo,Itaim Bibi,Zona Sul/Oeste,Apartamento,84,2,1,1,2008,18,2026,16471.42,1383599.28
SP-002786,SP,São Paulo,Brooklin,Zona Sul,Casa,98,4,2,3,1994,32,2017,8171.46,800803.08
SP-002787,SP,São Paulo,Saúde,Zona Sul,Apartamento,67,2,2,1,2002,24,2023,8590.78,575582.26
SP-002788,SP,São Paulo,Itaim Bibi,Zona Sul/Oeste,Cobertura,156,5,4,3,2012,14,2018,20218.94,3154154.64
SP-002789,SP,São Paulo,Santana,Zona Norte,Apartamento,32,1,1,1,2021,5,2017,7748.65,247956.8
SP-002790,SP,São Paulo,Aclimação,Centro/Sul,Apartamento,85,4,3,2,2001,25,2018,9062.92,770348.2
SP-002791,SP,São Paulo,Campo Belo,Zona Sul,Apartamento,81,2,2,1,2003,23,2013,8371.53,678093.93
SP-002792,SP,São Paulo,Santana,Zona Norte,Apartamento,32,1,1,0,2023,3,2018,8047.39,257516.48
SP-002793,SP,São Paulo,Pinheiros,Zona Oeste,Apartamento,64,3,2,1,2025,1,2025,18634.41,1192602.24
SP-002794,SP,São Paulo,Santana,Zona Norte,Apartamento,96,3,3,2,2001,25,2017,7660.38,735396.48
SP-002795,SP,São Paulo,Tatuapé,Zona Leste,Apartamento,50,2,2,1,2003,23,2024,11263.21,563160.5
SP-002796,SP,São Paulo,Moema,Zona Sul,Apartamento,149,5,3,5,1990,36,2014,11797.27,1757793.23
SP-002797,SP,São Paulo,Moema,Zona Sul,Apartamento,62,2,2,2,2006,20,2017,11665.3,723248.6
SP-002798,SP,São Paulo,Perdizes,Zona Oeste,Apartamento,48,1,1,0,2014,12,2024,11791.04,565969.92
SP-002799,SP,São Paulo,Campo Belo,Zona Sul,Apartamento,133,3,2,2,2020,6,2015,10822.04,1439331.32
SP-002800,SP,São Paulo,Campo Belo,Zona Sul,Casa,157,4,4,3,2005,21,2021,11542.35,1812148.95
SP-002801,SP,São Paulo,Perdizes,Zona Oeste,Apartamento,49,1,1,1,1993,33,2024,11118.89,544825.61
SP-002802,SP,São Paulo,Vila Mariana,Zona Sul,Apartamento,38,1,1,0,1985,41,2020,8629.17,327908.46
SP-002803,SP,São Paulo,Pinheiros,Zona Oeste,Apartamento,265,3,3,3,2023,3,2019,15652.39,4147883.35
SP-002804,SP,São Paulo,Saúde,Zona Sul,Apartamento,82,2,2,1,1982,44,2017,6418.04,526279.28
SP-002805,SP,São Paulo,Mooca,Zona Leste,Apartamento,113,3,2,3,2020,6,2013,7164.52,809590.76
SP-002806,SP,São Paulo,Santana,Zona Norte,Apartamento,57,2,2,1,2007,19,2016,7074.39,403240.23
SP-002807,SP,São Paulo,Saúde,Zona Sul,Cobertura,238,4,4,3,2024,2,2015,13107.21,3119515.98
SP-002808,SP,São Paulo,Morumbi,Zona Sul,Apartamento,53,2,2,1,2012,14,2017,6112.55,323965.15
SP-002809,SP,São Paulo,Tatuapé,Zona Leste,Apartamento,163,4,4,3,2012,14,2019,8765.22,1428730.86
SP-002810,SP,São Paulo,Brooklin,Zona Sul,Apartamento,111,3,3,2,2018,8,2015,11461.65,1272243.15
SP-002811,SP,São Paulo,Santana,Zona Norte,Apartamento,71,3,1,1,2000,26,2022,7475.04,530727.84
SP-002812,SP,São Paulo,Morumbi,Zona Sul,Apartamento,192,3,3,2,2023,3,2026,10665.76,2047825.92
SP-002813,SP,São Paulo,Moema,Zona Sul,Apartamento,50,2,1,1,2012,14,2018,12639.89,631994.5
SP-002814,SP,São Paulo,Mooca,Zona Leste,Apartamento,38,1,1,0,2019,7,2019,8724.52,331531.76
SP-002815,SP,São Paulo,Mooca,Zona Leste,Apartamento,102,3,3,2,2016,10,2024,11160.18,1138338.36
SP-002816,SP,São Paulo,Tatuapé,Zona Leste,Apartamento,46,1,1,0,2007,19,2019,7429.56,341759.76
SP-002817,SP,São Paulo,Vila Madalena,Zona Oeste,Apartamento,90,3,3,2,1989,37,2021,11422.28,1028005.2
SP-002818,SP,São Paulo,Lapa,Zona Oeste,Apartamento,37,1,1,0,2015,11,2015,6606.19,244429.03
SP-002819,SP,São Paulo,Lapa,Zona Oeste,Cobertura,188,4,5,4,1985,41,2026,13419.71,2522905.48
SP-002820,SP,São Paulo,Campo Belo,Zona Sul,Apartamento,43,1,1,1,2001,25,2018,9514.49,409123.07
SP-002821,SP,São Paulo,Ipiranga,Zona Sul,Apartamento,57,2,2,2,2020,6,2014,6717.88,382919.16
SP-002822,SP,São Paulo,Vila Mariana,Zona Sul,Apartamento,33,1,1,0,2021,5,2018,10487.15,346075.95
SP-002823,SP,São Paulo,Bela Vista,Centro/Sul,Apartamento,103,4,2,1,2001,25,2024,10156.19,1046087.57
SP-002824,SP,São Paulo,Campo Belo,Zona Sul,Apartamento,101,3,2,2,2002,24,2023,12484.45,1260929.45
SP-002825,SP,São Paulo,Jardim Paulista,Zona Oeste,Apartamento,79,2,2,1,2013,13,2025,14393.17,1137060.43
SP-002826,SP,São Paulo,Jardim Paulista,Zona Oeste,Apartamento,114,3,3,3,2015,11,2020,14530.47,1656473.58
SP-002827,SP,São Paulo,Santana,Zona Norte,Apartamento,58,2,1,2,2020,6,2018,7823.27,453749.66
SP-002828,SP,São Paulo,Saúde,Zona Sul,Apartamento,33,1,1,1,1994,32,2014,6134.0,202422.0
SP-002829,SP,São Paulo,Lapa,Zona Oeste,Apartamento,41,2,1,0,2003,23,2019,7322.32,300215.12
SP-002830,SP,São Paulo,Campo Belo,Zona Sul,Casa,154,3,5,3,1988,38,2014,8430.3,1298266.2
SP-002831,SP,São Paulo,Vila Mariana,Zona Sul,Apartamento,57,3,2,2,2007,19,2013,7776.0,443232.0
SP-002832,SP,São Paulo,Aclimação,Centro/Sul,Casa,95,3,2,2,1997,29,2016,6583.48,625430.6
SP-002833,SP,São Paulo,Perdizes,Zona Oeste,Apartamento,42,1,1,0,2010,16,2021,11053.93,464265.06
SP-002834,SP,São Paulo,Tatuapé,Zona Leste,Apartamento,173,4,3,3,2015,11,2022,9442.88,1633618.24
SP-002835,SP,São Paulo,Pinheiros,Zona Oeste,Apartamento,46,1,1,1,2025,1,2015,12375.46,569271.16
SP-002836,SP,São Paulo,Vila Madalena,Zona Oeste,Casa,91,4,3,1,2009,17,2016,10040.0,913640.0
SP-002837,SP,São Paulo,Brooklin,Zona Sul,Apartamento,94,3,3,1,2020,6,2013,9036.27,849409.38
SP-002838,SP,São Paulo,Mooca,Zona Leste,Apartamento,186,3,4,2,1976,50,2017,6635.73,1234245.78
SP-002839,SP,São Paulo,Moema,Zona Sul,Apartamento,45,1,1,0,2023,3,2014,11867.2,534024.0
SP-002840,SP,São Paulo,Itaim Bibi,Zona Sul/Oeste,Casa,177,4,4,3,1988,38,2018,11927.35,2111140.95
SP-002841,SP,São Paulo,Morumbi,Zona Sul,Apartamento,53,3,2,1,2007,19,2023,8306.08,440222.24
SP-002842,SP,São Paulo,Moema,Zona Sul,Apartamento,93,3,3,1,2016,10,2013,11536.29,1072874.97
SP-002843,SP,São Paulo,Perdizes,Zona Oeste,Apartamento,60,3,1,1,2022,4,2019,11445.15,686709.0
SP-002844,SP,São Paulo,Saúde,Zona Sul,Apartamento,100,3,3,2,2000,26,2018,6444.14,644414.0
SP-002845,SP,São Paulo,Vila Madalena,Zona Oeste,Apartamento,236,4,5,2,1978,48,2017,9157.3,2161122.8
SP-002846,SP,São Paulo,Lapa,Zona Oeste,Apartamento,99,3,3,3,2025,1,2014,8728.57,864128.43
SP-002847,SP,São Paulo,Morumbi,Zona Sul,Casa,115,3,2,1,1977,49,2023,6625.24,761902.6
SP-002848,SP,São Paulo,Campo Belo,Zona Sul,Apartamento,96,3,3,1,2017,9,2022,11893.39,1141765.44
SP-002849,SP,São Paulo,Jardim Paulista,Zona Oeste,Apartamento,204,4,3,3,2011,15,2026,18221.3,3717145.2
SP-002850,SP,São Paulo,Aclimação,Centro/Sul,Cobertura,275,5,4,3,1997,29,2023,16349.63,4496148.25
SP-002851,SP,São Paulo,Campo Belo,Zona Sul,Apartamento,34,1,1,1,1985,41,2023,10666.75,362669.5
SP-002852,SP,São Paulo,Campo Belo,Zona Sul,Apartamento,179,4,4,3,2017,9,2014,11611.39,2078438.81
SP-002853,SP,São Paulo,Perdizes,Zona Oeste,Apartamento,39,2,1,1,1990,36,2017,10038.51,391501.89
SP-002854,SP,São Paulo,Bela Vista,Centro/Sul,Cobertura,182,4,5,4,2013,13,2020,13216.29,2405364.78
SP-002855,SP,São Paulo,Morumbi,Zona Sul,Apartamento,40,2,1,1,2000,26,2022,7756.26,310250.4
SP-002856,SP,São Paulo,Perdizes,Zona Oeste,Casa,81,2,1,1,2005,21,2016,8207.77,664829.37
SP-002857,SP,São Paulo,Jardim Paulista,Zona Oeste,Casa,181,4,5,3,2017,9,2025,15695.64,2840910.84
SP-002858,SP,São Paulo,Morumbi,Zona Sul,Casa,132,3,2,2,2005,21,2018,5787.05,763890.6
SP-002859,SP,São Paulo,Moema,Zona Sul,Cobertura,145,3,4,3,2004,22,2016,18072.19,2620467.55
SP-002860,SP,São Paulo,Itaim Bibi,Zona Sul/Oeste,Apartamento,136,3,2,2,2001,25,2019,14853.19,2020033.84
SP-002861,SP,São Paulo,Tatuapé,Zona Leste,Apartamento,117,3,3,1,1991,35,2020,8511.09,995797.53
SP-002862,SP,São Paulo,Brooklin,Zona Sul,Apartamento,56,2,2,1,2007,19,2022,11972.83,670478.48
SP-002863,SP,São Paulo,Saúde,Zona Sul,Apartamento,63,2,2,1,2003,23,2026,10425.13,656783.19
SP-002864,SP,São Paulo,Vila Madalena,Zona Oeste,Apartamento,125,2,3,2,1986,40,2018,10354.9,1294362.5
SP-002865,SP,São Paulo,Santana,Zona Norte,Apartamento,55,2,2,1,1998,28,2018,5976.08,328684.4
SP-002866,SP,São Paulo,Pinheiros,Zona Oeste,Apartamento,155,4,4,3,1988,38,2026,13727.52,2127765.6
SP-002867,SP,São Paulo,Jardim Paulista,Zona Oeste,Apartamento,86,2,3,2,2019,7,2019,14246.45,1225194.7
SP-002868,SP,São Paulo,Jardim Paulista,Zona Oeste,Apartamento,33,2,1,0,2013,13,2020,12413.37,409641.21
SP-002869,SP,São Paulo,Vila Madalena,Zona Oeste,Apartamento,37,1,1,1,2019,7,2017,11987.85,443550.45
SP-002870,SP,São Paulo,Saúde,Zona Sul,Apartamento,57,2,1,1,1992,34,2016,6812.47,388310.79
SP-002871,SP,São Paulo,Vila Madalena,Zona Oeste,Apartamento,103,3,2,2,1997,29,2022,12464.93,1283887.79
SP-002872,SP,São Paulo,Moema,Zona Sul,Apartamento,33,1,1,1,2002,24,2018,12733.13,420193.29
SP-002873,SP,São Paulo,Vila Madalena,Zona Oeste,Apartamento,151,4,4,3,2011,15,2021,13540.65,2044638.15
SP-002874,SP,São Paulo,Vila Mariana,Zona Sul,Apartamento,100,3,3,3,1998,28,2023,11159.86,1115986.0
SP-002875,SP,São Paulo,Perdizes,Zona Oeste,Casa,138,2,2,2,2016,10,2023,12214.85,1685649.3
SP-002876,SP,São Paulo,Brooklin,Zona Sul,Casa,111,3,3,2,1987,39,2023,12505.45,1388104.95
SP-002877,SP,São Paulo,Lapa,Zona Oeste,Cobertura,436,4,4,2,2005,21,2021,12523.03,5460041.08
SP-002878,SP,São Paulo,Aclimação,Centro/Sul,Apartamento,37,1,1,0,2011,15,2015,7077.76,261877.12
SP-002879,SP,São Paulo,Ipiranga,Zona Sul,Apartamento,38,1,1,0,2019,7,2019,7219.28,274332.64
SP-002880,SP,São Paulo,Ipiranga,Zona Sul,Apartamento,206,4,5,2,2010,16,2013,5971.48,1230124.88
SP-002881,SP,São Paulo,Itaim Bibi,Zona Sul/Oeste,Apartamento,78,3,2,1,1997,29,2023,15284.95,1192226.1
SP-002882,SP,São Paulo,Saúde,Zona Sul,Apartamento,111,3,3,2,1999,27,2022,7757.14,861042.54
SP-002883,SP,São Paulo,Itaim Bibi,Zona Sul/Oeste,Apartamento,32,1,1,1,2014,12,2024,14451.5,462448.0
SP-002884,SP,São Paulo,Tatuapé,Zona Leste,Apartamento,86,3,2,2,2016,10,2014,8510.47,731900.42
SP-002885,SP,São Paulo,Jardim Paulista,Zona Oeste,Apartamento,137,3,3,2,2003,23,2020,12022.05,1647020.85
SP-002886,SP,São Paulo,Pinheiros,Zona Oeste,Casa,111,4,3,2,2003,23,2013,9336.91,1036397.01
SP-002887,SP,São Paulo,Campo Belo,Zona Sul,Apartamento,32,1,1,0,2021,5,2019,11259.44,360302.08
SP-002888,SP,São Paulo,Ipiranga,Zona Sul,Casa,162,3,5,3,2002,24,2026,8585.29,1390816.98
SP-002889,SP,São Paulo,Aclimação,Centro/Sul,Cobertura,128,3,3,2,2018,8,2024,18224.7,2332761.6
SP-002890,SP,São Paulo,Pinheiros,Zona Oeste,Apartamento,77,2,2,1,2008,18,2013,8891.26,684627.02
SP-002891,SP,São Paulo,Brooklin,Zona Sul,Apartamento,44,2,1,0,2020,6,2026,14715.31,647473.64
SP-002892,SP,São Paulo,Itaim Bibi,Zona Sul/Oeste,Cobertura,158,4,4,3,2007,19,2019,22934.7,3623682.6
SP-002893,SP,São Paulo,Morumbi,Zona Sul,Apartamento,40,1,1,1,2014,12,2015,6833.47,273338.8
SP-002894,SP,São Paulo,Itaim Bibi,Zona Sul/Oeste,Apartamento,225,5,4,3,2019,7,2017,16040.35,3609078.75
SP-002895,SP,São Paulo,Moema,Zona Sul,Casa,120,3,3,3,2014,12,2023,14344.82,1721378.4
SP-002896,SP,São Paulo,Tatuapé,Zona Leste,Casa,234,4,3,3,2000,26,2014,6659.46,1558313.64
SP-002897,SP,São Paulo,Tatuapé,Zona Leste,Apartamento,38,1,1,1,1984,42,2015,6591.54,250478.52
SP-002898,SP,São Paulo,Bela Vista,Centro/Sul,Casa,300,3,3,3,1986,40,2025,9271.29,2781387.0
SP-002899,SP,São Paulo,Campo Belo,Zona Sul,Apartamento,251,4,3,4,2016,10,2022,12851.66,3225766.66
SP-002900,SP,São Paulo,Morumbi,Zona Sul,Casa,127,2,3,2,2010,16,2021,7154.11,908571.97
SP-002901,SP,São Paulo,Brooklin,Zona Sul,Casa,82,2,1,1,2022,4,2025,12490.3,1024204.6
SP-002902,SP,São Paulo,Campo Belo,Zona Sul,Apartamento,112,3,3,2,2014,12,2022,11239.97,1258876.64
SP-002903,SP,São Paulo,Tatuapé,Zona Leste,Apartamento,50,3,1,1,1983,43,2013,5212.23,260611.5
SP-002904,SP,São Paulo,Mooca,Zona Leste,Apartamento,47,1,1,0,2005,21,2023,8250.58,387777.26
SP-002905,SP,São Paulo,Moema,Zona Sul,Apartamento,33,1,1,0,1993,33,2026,13915.71,459218.43
SP-002906,SP,São Paulo,Saúde,Zona Sul,Casa,94,4,3,1,2017,9,2019,7666.75,720674.5
SP-002907,SP,São Paulo,Ipiranga,Zona Sul,Apartamento,41,1,1,0,2013,13,2022,7807.29,320098.89
SP-002908,SP,São Paulo,Pinheiros,Zona Oeste,Apartamento,53,3,1,1,2025,1,2019,15442.87,818472.11
SP-002909,SP,São Paulo,Bela Vista,Centro/Sul,Apartamento,68,3,1,1,2003,23,2026,10025.3,681720.4
SP-002910,SP,São Paulo,Tatuapé,Zona Leste,Apartamento,214,4,3,3,2016,10,2019,10125.88,2166938.32
SP-002911,SP,São Paulo,Lapa,Zona Oeste,Apartamento,59,3,2,2,1994,32,2021,8337.89,491935.51
SP-002912,SP,São Paulo,Bela Vista,Centro/Sul,Apartamento,69,3,1,2,1990,36,2020,7272.02,501769.38
SP-002913,SP,São Paulo,Vila Mariana,Zona Sul,Cobertura,236,4,4,4,2021,5,2018,19354.9,4567756.4
SP-002914,SP,São Paulo,Ipiranga,Zona Sul,Apartamento,45,1,1,0,1988,38,2013,5160.1,232204.5
SP-002915,SP,São Paulo,Perdizes,Zona Oeste,Apartamento,32,1,1,0,2022,4,2017,8504.47,272143.04
SP-002916,SP,São Paulo,Lapa,Zona Oeste,Apartamento,43,1,1,1,2016,10,2016,7437.84,319827.12
SP-002917,SP,São Paulo,Lapa,Zona Oeste,Apartamento,113,2,3,2,2009,17,2014,6782.89,766466.57
SP-002918,SP,São Paulo,Ipiranga,Zona Sul,Apartamento,95,3,3,1,1999,27,2019,6723.72,638753.4
SP-002919,SP,São Paulo,Vila Madalena,Zona Oeste,Apartamento,71,2,1,1,1996,30,2024,12845.05,911998.55
SP-002920,SP,São Paulo,Itaim Bibi,Zona Sul/Oeste,Apartamento,141,3,4,3,2022,4,2019,17443.28,2459502.48
SP-002921,SP,São Paulo,Santana,Zona Norte,Apartamento,41,1,1,0,2010,16,2019,6696.27,274547.07
SP-002922,SP,São Paulo,Pinheiros,Zona Oeste,Apartamento,91,3,3,2,2022,4,2016,12356.42,1124434.22
SP-002923,SP,São Paulo,Vila Madalena,Zona Oeste,Casa,95,3,3,2,2011,15,2013,8326.35,791003.25
SP-002924,SP,São Paulo,Mooca,Zona Leste,Apartamento,59,2,1,2,1995,31,2022,8819.81,520368.79
SP-002925,SP,São Paulo,Vila Mariana,Zona Sul,Cobertura,271,3,4,4,2015,11,2022,17653.57,4784117.47
SP-002926,SP,São Paulo,Vila Mariana,Zona Sul,Apartamento,35,1,1,0,1997,29,2013,8114.03,283991.05
SP-002927,SP,São Paulo,Lapa,Zona Oeste,Apartamento,118,3,2,2,2022,4,2021,8577.32,1012123.76
SP-002928,SP,São Paulo,Vila Mariana,Zona Sul,Apartamento,93,2,3,2,2000,26,2014,7497.81,697296.33
SP-002929,SP,São Paulo,Vila Madalena,Zona Oeste,Apartamento,123,3,3,1,2020,6,2026,16420.52,2019723.96
SP-002930,SP,São Paulo,Lapa,Zona Oeste,Apartamento,44,2,1,1,1983,43,2013,5572.88,245206.72
SP-002931,SP,São Paulo,Campo Belo,Zona Sul,Apartamento,33,1,1,0,2001,25,2018,11108.05,366565.65
SP-002932,SP,São Paulo,Campo Belo,Zona Sul,Casa,150,3,4,3,1987,39,2015,8848.24,1327236.0
SP-002933,SP,São Paulo,Perdizes,Zona Oeste,Apartamento,51,2,2,1,1999,27,2018,9182.43,468303.93
SP-002934,SP,São Paulo,Mooca,Zona Leste,Apartamento,64,2,1,1,1983,43,2018,6945.81,444531.84
SP-002935,SP,São Paulo,Mooca,Zona Leste,Apartamento,50,3,1,1,1990,36,2022,8569.31,428465.5
SP-002936,SP,São Paulo,Aclimação,Centro/Sul,Apartamento,38,1,1,0,1986,40,2015,6801.49,258456.62
SP-002937,SP,São Paulo,Tatuapé,Zona Leste,Apartamento,104,3,2,1,2016,10,2020,9554.19,993635.76
SP-002938,SP,São Paulo,Campo Belo,Zona Sul,Apartamento,44,1,1,0,2003,23,2026,12427.07,546791.08
SP-002939,SP,São Paulo,Itaim Bibi,Zona Sul/Oeste,Apartamento,62,2,2,1,2007,19,2019,13846.08,858456.96
SP-002940,SP,São Paulo,Morumbi,Zona Sul,Apartamento,66,2,1,1,2025,1,2025,10555.34,696652.44
SP-002941,SP,São Paulo,Vila Mariana,Zona Sul,Apartamento,83,3,2,2,2011,15,2017,10102.0,838466.0
SP-002942,SP,São Paulo,Perdizes,Zona Oeste,Apartamento,79,3,2,1,1984,42,2021,9995.26,789625.54
SP-002943,SP,São Paulo,Tatuapé,Zona Leste,Apartamento,53,2,2,2,2023,3,2024,11885.15,629912.95
SP-002944,SP,São Paulo,Itaim Bibi,Zona Sul/Oeste,Apartamento,95,3,3,2,2015,11,2022,16712.97,1587732.15
SP-002945,SP,São Paulo,Jardim Paulista,Zona Oeste,Apartamento,99,3,2,1,2022,4,2017,13396.79,1326282.21
SP-002946,SP,São Paulo,Santana,Zona Norte,Apartamento,53,2,2,1,2021,5,2020,7963.06,422042.18
SP-002947,SP,São Paulo,Ipiranga,Zona Sul,Apartamento,110,3,2,2,2009,17,2013,6041.85,664603.5
SP-002948,SP,São Paulo,Morumbi,Zona Sul,Apartamento,34,1,1,1,2011,15,2026,9419.86,320275.24
SP-002949,SP,São Paulo,Vila Madalena,Zona Oeste,Apartamento,36,1,1,1,2013,13,2015,9723.62,350050.32
SP-002950,SP,São Paulo,Vila Madalena,Zona Oeste,Apartamento,34,2,1,0,2017,9,2022,13422.47,456363.98
SP-002951,SP,São Paulo,Itaim Bibi,Zona Sul/Oeste,Apartamento,71,3,2,2,2011,15,2021,15705.73,1115106.83
SP-002952,SP,São Paulo,Itaim Bibi,Zona Sul/Oeste,Apartamento,33,1,1,1,2005,21,2025,15217.43,502175.19
SP-002953,SP,São Paulo,Tatuapé,Zona Leste,Apartamento,37,2,1,0,2016,10,2024,10088.25,373265.25
SP-002954,SP,São Paulo,Vila Mariana,Zona Sul,Cobertura,150,4,3,2,2013,13,2024,18269.47,2740420.5
SP-002955,SP,São Paulo,Vila Mariana,Zona Sul,Apartamento,32,2,1,0,2001,25,2024,11109.26,355496.32
SP-002956,SP,São Paulo,Brooklin,Zona Sul,Apartamento,89,3,3,2,2006,20,2020,12571.42,1118856.38
SP-002957,SP,São Paulo,Pinheiros,Zona Oeste,Casa,103,3,3,2,2021,5,2022,14128.5,1455235.5
SP-002958,SP,São Paulo,Santana,Zona Norte,Apartamento,167,3,4,3,2002,24,2016,6801.9,1135917.3
SP-002959,SP,São Paulo,Brooklin,Zona Sul,Apartamento,124,3,3,1,2018,8,2013,9080.33,1125960.92
SP-002960,SP,São Paulo,Tatuapé,Zona Leste,Apartamento,62,3,1,1,2007,19,2015,7485.95,464128.9
SP-002961,SP,São Paulo,Morumbi,Zona Sul,Apartamento,163,4,4,4,2023,3,2022,11060.58,1802874.54
SP-002962,SP,São Paulo,Morumbi,Zona Sul,Apartamento,51,2,1,2,2011,15,2014,6619.31,337584.81
SP-002963,SP,São Paulo,Campo Belo,Zona Sul,Apartamento,126,3,3,1,1992,34,2019,10198.12,1284963.12
SP-002964,SP,São Paulo,Perdizes,Zona Oeste,Casa,102,3,2,2,2005,21,2014,8154.44,831752.88
SP-002965,SP,São Paulo,Saúde,Zona Sul,Apartamento,44,2,1,0,1988,38,2018,6305.96,277462.24
SP-002966,SP,São Paulo,Morumbi,Zona Sul,Apartamento,49,1,1,1,2013,13,2018,7387.92,362008.08
SP-002967,SP,São Paulo,Mooca,Zona Leste,Casa,157,4,5,2,1991,35,2025,9167.3,1439266.1
SP-002968,SP,São Paulo,Lapa,Zona Oeste,Apartamento,82,2,1,2,2023,3,2020,9737.79,798498.78
SP-002969,SP,São Paulo,Itaim Bibi,Zona Sul/Oeste,Apartamento,41,1,1,0,2020,6,2024,16968.3,695700.3
SP-002970,SP,São Paulo,Santana,Zona Norte,Apartamento,40,1,1,0,2013,13,2023,7793.68,311747.2
SP-002971,SP,São Paulo,Jardim Paulista,Zona Oeste,Apartamento,90,3,3,2,2021,5,2019,15093.19,1358387.1
SP-002972,SP,São Paulo,Campo Belo,Zona Sul,Apartamento,62,2,2,2,2011,15,2021,11694.26,725044.12
SP-002973,SP,São Paulo,Tatuapé,Zona Leste,Apartamento,42,1,1,1,1979,47,2024,8725.89,366487.38
SP-002974,SP,São Paulo,Itaim Bibi,Zona Sul/Oeste,Apartamento,50,2,2,1,2002,24,2018,13857.75,692887.5
SP-002975,SP,São Paulo,Tatuapé,Zona Leste,Apartamento,35,1,1,1,2003,23,2018,7587.56,265564.6
SP-002976,SP,São Paulo,Tatuapé,Zona Leste,Apartamento,48,2,1,0,2018,8,2019,9259.74,444467.52
SP-002977,SP,São Paulo,Morumbi,Zona Sul,Apartamento,97,3,3,2,1993,33,2016,6269.61,608152.17
SP-002978,SP,São Paulo,Itaim Bibi,Zona Sul/Oeste,Casa,148,3,4,4,2013,13,2019,13410.78,1984795.44
SP-002979,SP,São Paulo,Mooca,Zona Leste,Apartamento,36,1,1,0,1987,39,2025,7381.01,265716.36
SP-002980,SP,São Paulo,Jardim Paulista,Zona Oeste,Apartamento,49,1,1,0,2011,15,2014,10517.48,515356.52
SP-002981,SP,São Paulo,Moema,Zona Sul,Apartamento,34,1,1,0,2024,2,2026,16621.26,565122.84
SP-002982,SP,São Paulo,Saúde,Zona Sul,Apartamento,69,2,1,1,2019,7,2013,6276.86,433103.34
SP-002983,SP,São Paulo,Lapa,Zona Oeste,Casa,153,4,5,3,1995,31,2013,5476.98,837977.94
SP-002984,SP,São Paulo,Perdizes,Zona Oeste,Apartamento,45,1,1,0,2007,19,2013,8146.13,366575.85
SP-002985,SP,São Paulo,Bela Vista,Centro/Sul,Apartamento,44,2,1,1,2005,21,2022,8452.38,371904.72
SP-002986,SP,São Paulo,Santana,Zona Norte,Casa,156,4,4,4,2015,11,2024,8212.89,1281210.84
SP-002987,SP,São Paulo,Ipiranga,Zona Sul,Apartamento,75,3,2,1,1997,29,2015,5675.15,425636.25
SP-002988,SP,São Paulo,Morumbi,Zona Sul,Apartamento,41,1,1,0,2003,23,2021,7491.2,307139.2
SP-002989,SP,São Paulo,Tatuapé,Zona Leste,Apartamento,48,1,1,0,1995,31,2021,7961.97,382174.56
SP-002990,SP,São Paulo,Brooklin,Zona Sul,Apartamento,66,2,2,2,1981,45,2015,7977.36,526505.76
SP-002991,SP,São Paulo,Ipiranga,Zona Sul,Casa,271,4,5,3,2006,20,2024,8205.68,2223739.28
SP-002992,SP,São Paulo,Lapa,Zona Oeste,Apartamento,50,2,2,1,2017,9,2015,7734.17,386708.5
SP-002993,SP,São Paulo,Saúde,Zona Sul,Casa,93,3,3,2,2010,16,2023,7995.57,743588.01
SP-002994,SP,São Paulo,Vila Madalena,Zona Oeste,Apartamento,91,4,2,2,2019,7,2020,14857.34,1352017.94
SP-002995,SP,São Paulo,Perdizes,Zona Oeste,Apartamento,56,2,1,2,2021,5,2020,12435.39,696381.84
SP-002996,SP,São Paulo,Lapa,Zona Oeste,Apartamento,54,3,1,1,1980,46,2017,6350.8,342943.2
SP-002997,SP,São Paulo,Vila Madalena,Zona Oeste,Apartamento,118,3,2,2,2011,15,2016,10509.99,1240178.82
SP-002998,SP,São Paulo,Vila Mariana,Zona Sul,Cobertura,361,5,4,3,2002,24,2025,19381.95,6996883.95
SP-002999,SP,São Paulo,Ipiranga,Zona Sul,Apartamento,52,2,2,1,2019,7,2024,9139.26,475241.52
SP-003000,SP,São Paulo,Pinheiros,Zona Oeste,Casa,133,3,2,3,2004,22,2015,10552.76,1403517.08
SP-003001,SP,São Paulo,Brooklin,Zona Sul,Casa,157,3,4,3,2023,3,2015,12305.12,1931903.84
SP-003002,SP,São Paulo,Vila Madalena,Zona Oeste,Apartamento,93,2,3,2,2013,13,2018,11897.36,1106454.48
SP-003003,SP,São Paulo,Perdizes,Zona Oeste,Apartamento,55,3,1,1,1995,31,2019,9360.18,514809.9
SP-003004,SP,São Paulo,Moema,Zona Sul,Cobertura,518,4,4,3,2011,15,2023,22691.61,11754253.98
SP-003005,SP,São Paulo,Mooca,Zona Leste,Apartamento,113,4,2,2,1993,33,2023,8067.73,911653.49
SP-003006,SP,São Paulo,Aclimação,Centro/Sul,Apartamento,74,2,2,1,2018,8,2016,8797.85,651040.9
SP-003007,SP,São Paulo,Ipiranga,Zona Sul,Apartamento,41,1,1,0,2010,16,2017,6326.99,259406.59
SP-003008,SP,São Paulo,Jardim Paulista,Zona Oeste,Apartamento,49,1,1,1,1996,30,2016,11036.4,540783.6
SP-003009,SP,São Paulo,Campo Belo,Zona Sul,Apartamento,57,2,2,1,2006,20,2013,8158.36,465026.52
SP-003010,SP,São Paulo,Ipiranga,Zona Sul,Apartamento,49,1,1,0,2019,7,2023,8565.97,419732.53
SP-003011,SP,São Paulo,Ipiranga,Zona Sul,Casa,83,2,2,1,1983,43,2020,6289.32,522013.56
SP-003012,SP,São Paulo,Perdizes,Zona Oeste,Apartamento,58,2,1,1,1993,33,2013,6798.17,394293.86
SP-003013,SP,São Paulo,Perdizes,Zona Oeste,Apartamento,83,2,1,2,2004,22,2020,10580.44,878176.52
SP-003014,SP,São Paulo,Moema,Zona Sul,Apartamento,71,2,2,1,2004,22,2016,10185.03,723137.13
SP-003015,SP,São Paulo,Brooklin,Zona Sul,Apartamento,84,2,2,1,2004,22,2016,9197.61,772599.24
SP-003016,SP,São Paulo,Ipiranga,Zona Sul,Casa,102,3,2,2,2011,15,2022,7250.09,739509.18
SP-003017,SP,São Paulo,Brooklin,Zona Sul,Casa,157,4,3,4,2006,20,2019,11429.45,1794423.65
SP-003018,SP,São Paulo,Perdizes,Zona Oeste,Apartamento,173,5,4,3,2006,20,2021,11679.58,2020567.34
SP-003019,SP,São Paulo,Pinheiros,Zona Oeste,Apartamento,222,5,5,3,1978,48,2014,9640.4,2140168.8
SP-003020,SP,São Paulo,Aclimação,Centro/Sul,Apartamento,43,1,1,0,2015,11,2018,7854.16,337728.88
SP-003021,SP,São Paulo,Morumbi,Zona Sul,Apartamento,100,3,3,3,2005,21,2026,9146.11,914611.0
SP-003022,SP,São Paulo,Santana,Zona Norte,Apartamento,37,2,1,1,1982,44,2023,6810.89,252002.93
SP-003023,SP,São Paulo,Morumbi,Zona Sul,Apartamento,71,3,2,1,2024,2,2014,7227.52,513153.92
SP-003024,SP,São Paulo,Lapa,Zona Oeste,Cobertura,129,2,3,2,2005,21,2014,8657.41,1116805.89
SP-003025,SP,São Paulo,Lapa,Zona Oeste,Apartamento,53,2,1,2,1987,39,2024,9554.69,506398.57
SP-003026,SP,São Paulo,Mooca,Zona Leste,Apartamento,58,2,2,2,1986,40,2024,8604.88,499083.04
SP-003027,SP,São Paulo,Vila Mariana,Zona Sul,Casa,105,4,3,2,1979,47,2020,8777.37,921623.85
SP-003028,SP,São Paulo,Perdizes,Zona Oeste,Apartamento,101,2,3,2,2018,8,2015,9645.0,974145.0
SP-003029,SP,São Paulo,Tatuapé,Zona Leste,Cobertura,149,4,3,3,2009,17,2024,14390.97,2144254.53
SP-003030,SP,São Paulo,Santana,Zona Norte,Apartamento,63,2,2,2,1992,34,2013,4531.34,285474.42
SP-003031,SP,São Paulo,Vila Madalena,Zona Oeste,Apartamento,44,1,1,1,2008,18,2020,11711.22,515293.68
SP-003032,SP,São Paulo,Morumbi,Zona Sul,Apartamento,56,2,1,1,2017,9,2022,8831.08,494540.48
SP-003033,SP,São Paulo,Lapa,Zona Oeste,Apartamento,182,4,3,2,1986,40,2015,6654.17,1211058.94
SP-003034,SP,São Paulo,Moema,Zona Sul,Apartamento,105,3,2,2,2017,9,2017,14964.06,1571226.3
SP-003035,SP,São Paulo,Bela Vista,Centro/Sul,Apartamento,83,2,2,2,2005,21,2017,7477.0,620591.0
SP-003036,SP,São Paulo,Santana,Zona Norte,Casa,188,3,3,3,2019,7,2026,9595.81,1804012.28
SP-003037,SP,São Paulo,Morumbi,Zona Sul,Apartamento,46,1,1,0,1988,38,2017,5976.14,274902.44
SP-003038,SP,São Paulo,Mooca,Zona Leste,Apartamento,51,3,1,1,2011,15,2016,7499.12,382455.12
SP-003039,SP,São Paulo,Itaim Bibi,Zona Sul/Oeste,Apartamento,68,2,2,2,2017,9,2023,18583.38,1263669.84
SP-003040,SP,São Paulo,Perdizes,Zona Oeste,Apartamento,128,3,2,1,2023,3,2022,13636.62,1745487.36
SP-003041,SP,São Paulo,Campo Belo,Zona Sul,Apartamento,58,3,1,1,2012,14,2024,11921.56,691450.48
SP-003042,SP,São Paulo,Aclimação,Centro/Sul,Apartamento,43,1,1,1,2007,19,2020,9258.63,398121.09
SP-003043,SP,São Paulo,Ipiranga,Zona Sul,Apartamento,80,2,2,1,2015,11,2026,8679.09,694327.2
SP-003044,SP,São Paulo,Santana,Zona Norte,Apartamento,62,2,2,1,2001,25,2013,5227.75,324120.5
SP-003045,SP,São Paulo,Vila Mariana,Zona Sul,Apartamento,87,3,2,2,2013,13,2017,9264.73,806031.51
SP-003046,SP,São Paulo,Brooklin,Zona Sul,Apartamento,101,3,3,2,2025,1,2024,15105.91,1525696.91
SP-003047,SP,São Paulo,Vila Mariana,Zona Sul,Apartamento,83,3,1,1,1998,28,2022,10146.21,842135.43
SP-003048,SP,São Paulo,Pinheiros,Zona Oeste,Casa,97,3,2,2,2000,26,2014,8715.12,845366.64
SP-003049,SP,São Paulo,Jardim Paulista,Zona Oeste,Apartamento,54,2,2,1,2010,16,2018,11877.64,641392.56
SP-003050,SP,São Paulo,Aclimação,Centro/Sul,Casa,85,3,3,2,2010,16,2018,8541.02,725986.7
SP-003051,SP,São Paulo,Santana,Zona Norte,Casa,100,3,3,2,1997,29,2019,5836.6,583660.0
SP-003052,SP,São Paulo,Morumbi,Zona Sul,Apartamento,117,3,2,3,2008,18,2022,7676.84,898190.28
SP-003053,SP,São Paulo,Moema,Zona Sul,Casa,193,4,5,3,2005,21,2017,11993.99,2314840.07
SP-003054,SP,São Paulo,Campo Belo,Zona Sul,Casa,182,4,4,3,1980,46,2014,7478.81,1361143.42
SP-003055,SP,São Paulo,Perdizes,Zona Oeste,Apartamento,35,1,1,0,2015,11,2016,7816.2,273567.0
SP-003056,SP,São Paulo,Lapa,Zona Oeste,Apartamento,66,3,1,2,2020,6,2016,8359.72,551741.52
SP-003057,SP,São Paulo,Vila Mariana,Zona Sul,Apartamento,39,1,1,0,1987,39,2016,7453.97,290704.83
SP-003058,SP,São Paulo,Vila Mariana,Zona Sul,Apartamento,42,1,1,0,2021,5,2026,13184.3,553740.6
SP-003059,SP,São Paulo,Saúde,Zona Sul,Apartamento,131,3,3,3,2021,5,2017,7348.1,962601.1
SP-003060,SP,São Paulo,Itaim Bibi,Zona Sul/Oeste,Apartamento,96,2,3,2,1986,40,2018,13739.16,1318959.36
SP-003061,SP,São Paulo,Itaim Bibi,Zona Sul/Oeste,Cobertura,131,3,3,2,1995,31,2024,23170.53,3035339.43
SP-003062,SP,São Paulo,Perdizes,Zona Oeste,Casa,363,5,4,4,2025,1,2019,11890.63,4316298.69
SP-003063,SP,São Paulo,Morumbi,Zona Sul,Casa,118,3,3,2,2007,19,2021,7805.66,921067.88
SP-003064,SP,São Paulo,Jardim Paulista,Zona Oeste,Apartamento,92,3,3,2,2014,12,2019,12601.84,1159369.28
SP-003065,SP,São Paulo,Santana,Zona Norte,Apartamento,144,3,4,5,2023,3,2014,8512.31,1225772.64
SP-003066,SP,São Paulo,Morumbi,Zona Sul,Apartamento,64,3,2,2,1992,34,2018,7147.44,457436.16
SP-003067,SP,São Paulo,Jardim Paulista,Zona Oeste,Apartamento,181,5,4,3,2012,14,2014,11192.54,2025849.74
SP-003068,SP,São Paulo,Bela Vista,Centro/Sul,Casa,292,4,4,4,2024,2,2014,7540.02,2201685.84
SP-003069,SP,São Paulo,Lapa,Zona Oeste,Casa,112,3,3,1,2008,18,2016,6363.31,712690.72
SP-003070,SP,São Paulo,Lapa,Zona Oeste,Apartamento,209,3,5,4,1995,31,2020,8149.81,1703310.29
SP-003071,SP,São Paulo,Vila Madalena,Zona Oeste,Casa,81,2,1,1,2009,17,2019,10133.94,820849.14
SP-003072,SP,São Paulo,Tatuapé,Zona Leste,Casa,83,3,1,2,2013,13,2026,8829.65,732860.95
SP-003073,SP,São Paulo,Lapa,Zona Oeste,Apartamento,36,1,1,0,1986,40,2019,7051.34,253848.24
SP-003074,SP,São Paulo,Perdizes,Zona Oeste,Apartamento,130,3,2,2,2009,17,2016,8896.67,1156567.1
SP-003075,SP,São Paulo,Tatuapé,Zona Leste,Apartamento,48,2,1,0,1984,42,2013,4703.3,225758.4
SP-003076,SP,São Paulo,Jardim Paulista,Zona Oeste,Apartamento,36,1,1,1,2011,15,2021,14495.73,521846.28
SP-003077,SP,São Paulo,Perdizes,Zona Oeste,Apartamento,119,3,2,3,1980,46,2015,7126.41,848042.79
SP-003078,SP,São Paulo,Morumbi,Zona Sul,Apartamento,92,2,3,2,1982,44,2026,8603.17,791491.64
SP-003079,SP,São Paulo,Aclimação,Centro/Sul,Apartamento,47,1,1,0,2024,2,2017,10125.28,475888.16
SP-003080,SP,São Paulo,Moema,Zona Sul,Apartamento,83,2,2,1,2021,5,2022,13576.6,1126857.8
SP-003081,SP,São Paulo,Perdizes,Zona Oeste,Apartamento,115,3,3,2,2016,10,2014,10460.64,1202973.6
SP-003082,SP,São Paulo,Bela Vista,Centro/Sul,Apartamento,40,1,1,0,1989,37,2024,8490.01,339600.4
SP-003083,SP,São Paulo,Vila Madalena,Zona Oeste,Apartamento,32,1,1,0,2019,7,2015,9962.31,318793.92
SP-003084,SP,São Paulo,Mooca,Zona Leste,Apartamento,43,1,1,0,2012,14,2025,8685.32,373468.76
SP-003085,SP,São Paulo,Mooca,Zona Leste,Casa,272,3,3,2,2022,4,2014,6113.12,1662768.64
SP-003086,SP,São Paulo,Aclimação,Centro/Sul,Apartamento,75,2,2,2,1995,31,2019,9054.65,679098.75
SP-003087,SP,São Paulo,Vila Mariana,Zona Sul,Apartamento,56,2,2,1,2010,16,2022,11820.69,661958.64
SP-003088,SP,São Paulo,Ipiranga,Zona Sul,Apartamento,71,3,2,1,1993,33,2020,7038.12,499706.52
SP-003089,SP,São Paulo,Mooca,Zona Leste,Apartamento,73,3,1,1,2006,20,2016,7116.68,519517.64
SP-003090,SP,São Paulo,Bela Vista,Centro/Sul,Casa,190,5,4,2,2008,18,2023,7881.39,1497464.1
SP-003091,SP,São Paulo,Jardim Paulista,Zona Oeste,Apartamento,79,2,2,2,2013,13,2024,16523.88,1305386.52
SP-003092,SP,São Paulo,Vila Mariana,Zona Sul,Apartamento,37,2,1,1,2020,6,2016,10336.43,382447.91
SP-003093,SP,São Paulo,Itaim Bibi,Zona Sul/Oeste,Apartamento,49,1,1,0,2004,22,2018,13916.38,681902.62
SP-003094,SP,São Paulo,Tatuapé,Zona Leste,Apartamento,82,2,1,1,2015,11,2019,8233.78,675169.96
SP-003095,SP,São Paulo,Lapa,Zona Oeste,Apartamento,70,3,1,2,1983,43,2026,8375.83,586308.1
SP-003096,SP,São Paulo,Moema,Zona Sul,Apartamento,46,1,1,0,1995,31,2026,13587.11,625007.06
SP-003097,SP,São Paulo,Aclimação,Centro/Sul,Apartamento,41,1,1,0,2005,21,2015,7014.22,287583.02
SP-003098,SP,São Paulo,Mooca,Zona Leste,Apartamento,51,3,1,1,2022,4,2025,10150.85,517693.35
SP-003099,SP,São Paulo,Vila Madalena,Zona Oeste,Casa,130,3,3,2,2002,24,2022,12228.4,1589692.0
SP-003100,SP,São Paulo,Ipiranga,Zona Sul,Apartamento,168,5,4,2,2008,18,2024,8447.39,1419161.52
SP-003101,SP,São Paulo,Jardim Paulista,Zona Oeste,Apartamento,56,2,2,1,2004,22,2022,13110.97,734214.32
SP-003102,SP,São Paulo,Campo Belo,Zona Sul,Apartamento,83,3,2,1,1987,39,2026,12148.07,1008289.81
SP-003103,SP,São Paulo,Itaim Bibi,Zona Sul/Oeste,Apartamento,57,3,1,1,2000,26,2020,13677.29,779605.53
SP-003104,SP,São Paulo,Aclimação,Centro/Sul,Apartamento,47,2,1,1,2009,17,2021,8461.72,397700.84
SP-003105,SP,São Paulo,Bela Vista,Centro/Sul,Apartamento,94,3,3,2,2015,11,2024,10121.0,951374.0
SP-003106,SP,São Paulo,Vila Mariana,Zona Sul,Apartamento,43,1,1,0,2013,13,2014,8106.34,348572.62
SP-003107,SP,São Paulo,Vila Madalena,Zona Oeste,Apartamento,108,4,2,2,2004,22,2013,9240.05,997925.4
SP-003108,SP,São Paulo,Brooklin,Zona Sul,Casa,129,2,3,2,1994,32,2017,9454.24,1219596.96
SP-003109,SP,São Paulo,Jardim Paulista,Zona Oeste,Casa,114,3,3,1,2017,9,2016,10948.15,1248089.1
SP-003110,SP,São Paulo,Pinheiros,Zona Oeste,Apartamento,54,2,2,2,2020,6,2023,14677.63,792592.02
SP-003111,SP,São Paulo,Lapa,Zona Oeste,Casa,85,3,3,1,1988,38,2023,7362.57,625818.45
SP-003112,SP,São Paulo,Santana,Zona Norte,Apartamento,35,1,1,1,2009,17,2023,7368.05,257881.75
SP-003113,SP,São Paulo,Morumbi,Zona Sul,Apartamento,92,3,2,1,1994,32,2017,6148.71,565681.32
SP-003114,SP,São Paulo,Bela Vista,Centro/Sul,Apartamento,66,2,2,1,2010,16,2014,6683.78,441129.48
SP-003115,SP,São Paulo,Saúde,Zona Sul,Apartamento,57,2,2,1,2000,26,2017,6757.57,385181.49
SP-003116,SP,São Paulo,Ipiranga,Zona Sul,Apartamento,33,1,1,0,1979,47,2024,7545.83,249012.39
SP-003117,SP,São Paulo,Pinheiros,Zona Oeste,Apartamento,44,1,1,0,2011,15,2022,12274.02,540056.88
SP-003118,SP,São Paulo,Vila Mariana,Zona Sul,Apartamento,102,3,3,1,2003,23,2021,10439.23,1064801.46
SP-003119,SP,São Paulo,Ipiranga,Zona Sul,Apartamento,74,3,2,1,2024,2,2023,10198.12,754660.88
SP-003120,SP,São Paulo,Campo Belo,Zona Sul,Casa,302,5,4,2,2013,13,2017,9448.82,2853543.64
SP-003121,SP,São Paulo,Campo Belo,Zona Sul,Apartamento,44,1,1,1,2003,23,2023,12548.73,552144.12
SP-003122,SP,São Paulo,Perdizes,Zona Oeste,Apartamento,64,2,2,2,2008,18,2020,10370.08,663685.12
SP-003123,SP,São Paulo,Saúde,Zona Sul,Casa,116,4,3,2,2001,25,2026,9082.45,1053564.2
SP-003124,SP,São Paulo,Itaim Bibi,Zona Sul/Oeste,Apartamento,62,3,2,1,1999,27,2020,13320.73,825885.26
SP-003125,SP,São Paulo,Tatuapé,Zona Leste,Apartamento,46,2,1,0,1999,27,2013,6447.58,296588.68
SP-003126,SP,São Paulo,Saúde,Zona Sul,Casa,143,5,4,3,2006,20,2014,6152.44,879798.92
SP-003127,SP,São Paulo,Morumbi,Zona Sul,Apartamento,54,3,2,1,2017,9,2019,7321.11,395339.94
SP-003128,SP,São Paulo,Lapa,Zona Oeste,Apartamento,74,2,2,1,1979,47,2024,7890.37,583887.38
SP-003129,SP,São Paulo,Tatuapé,Zona Leste,Apartamento,38,1,1,0,2025,1,2013,7880.2,299447.6
SP-003130,SP,São Paulo,Moema,Zona Sul,Apartamento,87,3,3,2,2012,14,2015,10219.52,889098.24
SP-003131,SP,São Paulo,Vila Mariana,Zona Sul,Apartamento,63,2,2,1,2018,8,2022,12959.61,816455.43
SP-003132,SP,São Paulo,Lapa,Zona Oeste,Apartamento,54,2,2,2,2019,7,2026,10228.54,552341.16
SP-003133,SP,São Paulo,Aclimação,Centro/Sul,Apartamento,102,3,2,1,2014,12,2016,7210.89,735510.78
SP-003134,SP,São Paulo,Pinheiros,Zona Oeste,Casa,161,3,4,3,2018,8,2017,13611.63,2191472.43
SP-003135,SP,São Paulo,Tatuapé,Zona Leste,Apartamento,56,2,2,1,2022,4,2025,11109.25,622118.0
SP-003136,SP,São Paulo,Lapa,Zona Oeste,Cobertura,182,4,4,3,1993,33,2022,12837.61,2336445.02
SP-003137,SP,São Paulo,Vila Madalena,Zona Oeste,Casa,104,3,3,3,2010,16,2014,9773.37,1016430.48
SP-003138,SP,São Paulo,Vila Mariana,Zona Sul,Apartamento,62,2,2,1,2003,23,2024,11040.42,684506.04
SP-003139,SP,São Paulo,Jardim Paulista,Zona Oeste,Apartamento,78,2,2,1,2019,7,2020,14543.62,1134402.36
SP-003140,SP,São Paulo,Lapa,Zona Oeste,Apartamento,35,1,1,1,1999,27,2026,8983.91,314436.85
SP-003141,SP,São Paulo,Mooca,Zona Leste,Apartamento,104,2,3,2,2013,13,2016,7157.0,744328.0
SP-003142,SP,São Paulo,Aclimação,Centro/Sul,Apartamento,47,1,1,1,1987,39,2017,6413.71,301444.37
SP-003143,SP,São Paulo,Itaim Bibi,Zona Sul/Oeste,Apartamento,80,2,1,1,1992,34,2023,16406.28,1312502.4
SP-003144,SP,São Paulo,Ipiranga,Zona Sul,Apartamento,45,2,1,1,2024,2,2020,8984.26,404291.7
SP-003145,SP,São Paulo,Aclimação,Centro/Sul,Casa,124,3,3,2,2012,14,2025,10227.22,1268175.28
SP-003146,SP,São Paulo,Lapa,Zona Oeste,Apartamento,80,2,2,1,2025,1,2019,8908.2,712656.0
SP-003147,SP,São Paulo,Jardim Paulista,Zona Oeste,Apartamento,80,2,2,1,1981,45,2014,7940.14,635211.2
SP-003148,SP,São Paulo,Santana,Zona Norte,Apartamento,51,3,2,1,2011,15,2016,6064.81,309305.31
SP-003149,SP,São Paulo,Ipiranga,Zona Sul,Apartamento,57,2,1,1,2007,19,2023,8255.85,470583.45
SP-003150,SP,São Paulo,Aclimação,Centro/Sul,Apartamento,58,2,1,1,2013,13,2026,10103.98,586030.84
SP-003151,SP,São Paulo,Campo Belo,Zona Sul,Casa,106,3,3,2,2012,14,2022,11370.47,1205269.82
SP-003152,SP,São Paulo,Lapa,Zona Oeste,Apartamento,95,2,3,2,2013,13,2025,9854.7,936196.5
SP-003153,SP,São Paulo,Campo Belo,Zona Sul,Casa,94,3,2,2,1992,34,2018,9286.69,872948.86
SP-003154,SP,São Paulo,Saúde,Zona Sul,Apartamento,34,1,1,0,2007,19,2025,9549.07,324668.38
SP-003155,SP,São Paulo,Santana,Zona Norte,Apartamento,84,2,1,1,2023,3,2015,7362.94,618486.96
SP-003156,SP,São Paulo,Vila Madalena,Zona Oeste,Apartamento,79,2,2,1,2025,1,2021,15983.23,1262675.17
SP-003157,SP,São Paulo,Jardim Paulista,Zona Oeste,Casa,149,4,4,3,2014,12,2020,12329.9,1837155.1
SP-003158,SP,São Paulo,Aclimação,Centro/Sul,Apartamento,80,2,2,2,1975,51,2022,9617.47,769397.6
SP-003159,SP,São Paulo,Itaim Bibi,Zona Sul/Oeste,Casa,134,4,2,2,2021,5,2015,12972.58,1738325.72
SP-003160,SP,São Paulo,Santana,Zona Norte,Apartamento,37,1,1,1,2012,14,2017,7520.37,278253.69
SP-003161,SP,São Paulo,Aclimação,Centro/Sul,Apartamento,36,1,1,0,2022,4,2024,10354.95,372778.2
SP-003162,SP,São Paulo,Pinheiros,Zona Oeste,Cobertura,269,4,4,2,1992,34,2019,15272.06,4108184.14
SP-003163,SP,São Paulo,Santana,Zona Norte,Cobertura,192,4,4,3,1992,34,2018,9917.18,1904098.56
SP-003164,SP,São Paulo,Tatuapé,Zona Leste,Apartamento,46,1,1,1,1997,29,2022,7800.2,358809.2
SP-003165,SP,São Paulo,Moema,Zona Sul,Apartamento,38,1,1,1,1990,36,2014,10315.05,391971.9
SP-003166,SP,São Paulo,Perdizes,Zona Oeste,Apartamento,100,3,2,3,2006,20,2020,11930.3,1193030.0
SP-003167,SP,São Paulo,Tatuapé,Zona Leste,Apartamento,37,1,1,0,1981,45,2025,8013.22,296489.14
SP-003168,SP,São Paulo,Brooklin,Zona Sul,Apartamento,51,3,2,1,2017,9,2024,13179.75,672167.25
SP-003169,SP,São Paulo,Perdizes,Zona Oeste,Casa,169,4,3,4,2012,14,2026,13644.34,2305893.46
SP-003170,SP,São Paulo,Pinheiros,Zona Oeste,Apartamento,93,2,3,1,1994,32,2025,12344.47,1148035.71
SP-003171,SP,São Paulo,Saúde,Zona Sul,Apartamento,48,1,1,0,2014,12,2017,6616.08,317571.84
SP-003172,SP,São Paulo,Vila Mariana,Zona Sul,Apartamento,168,4,5,3,2023,3,2026,17343.87,2913770.16
SP-003173,SP,São Paulo,Campo Belo,Zona Sul,Casa,176,3,3,3,2002,24,2016,9871.44,1737373.44
SP-003174,SP,São Paulo,Pinheiros,Zona Oeste,Apartamento,129,3,3,2,2019,7,2015,10792.48,1392229.92
SP-003175,SP,São Paulo,Vila Madalena,Zona Oeste,Casa,136,2,3,2,2009,17,2015,9104.39,1238197.04
SP-003176,SP,São Paulo,Itaim Bibi,Zona Sul/Oeste,Apartamento,35,1,1,0,2021,5,2017,13717.83,480124.05
SP-003177,SP,São Paulo,Ipiranga,Zona Sul,Apartamento,69,2,1,1,1998,28,2014,5804.36,400500.84
SP-003178,SP,São Paulo,Itaim Bibi,Zona Sul/Oeste,Apartamento,44,1,1,1,2018,8,2013,12405.03,545821.32
SP-003179,SP,São Paulo,Aclimação,Centro/Sul,Apartamento,58,2,1,2,2013,13,2026,11057.06,641309.48
SP-003180,SP,São Paulo,Morumbi,Zona Sul,Apartamento,108,2,2,2,2020,6,2026,10846.94,1171469.52
SP-003181,SP,São Paulo,Moema,Zona Sul,Casa,107,3,3,3,2010,16,2020,12521.94,1339847.58
SP-003182,SP,São Paulo,Jardim Paulista,Zona Oeste,Apartamento,208,4,4,3,2012,14,2026,16493.26,3430598.08
SP-003183,SP,São Paulo,Campo Belo,Zona Sul,Apartamento,47,1,1,1,2013,13,2020,10546.31,495676.57
SP-003184,SP,São Paulo,Perdizes,Zona Oeste,Apartamento,141,4,3,3,1985,41,2015,8365.17,1179488.97
SP-003185,SP,São Paulo,Moema,Zona Sul,Apartamento,33,2,1,0,2002,24,2020,11431.21,377229.93
SP-003186,SP,São Paulo,Moema,Zona Sul,Apartamento,162,3,4,3,2023,3,2020,17072.08,2765676.96
SP-003187,SP,São Paulo,Morumbi,Zona Sul,Casa,307,3,5,3,2004,22,2024,8084.45,2481926.15
SP-003188,SP,São Paulo,Itaim Bibi,Zona Sul/Oeste,Casa,157,5,3,2,1986,40,2022,14160.33,2223171.81
SP-003189,SP,São Paulo,Mooca,Zona Leste,Apartamento,43,1,1,0,1987,39,2020,6801.16,292449.88
SP-003190,SP,São Paulo,Campo Belo,Zona Sul,Casa,170,4,3,3,2015,11,2020,10355.88,1760499.6
SP-003191,SP,São Paulo,Jardim Paulista,Zona Oeste,Apartamento,54,2,2,1,2002,24,2024,14974.08,808600.32
SP-003192,SP,São Paulo,Itaim Bibi,Zona Sul/Oeste,Apartamento,52,2,1,1,1984,42,2015,9370.05,487242.6
SP-003193,SP,São Paulo,Moema,Zona Sul,Apartamento,32,2,1,1,2011,15,2022,14020.68,448661.76
SP-003194,SP,São Paulo,Aclimação,Centro/Sul,Apartamento,73,3,2,1,1997,29,2016,6402.16,467357.68
SP-003195,SP,São Paulo,Moema,Zona Sul,Casa,184,3,3,5,2023,3,2017,15860.07,2918252.88
SP-003196,SP,São Paulo,Mooca,Zona Leste,Apartamento,64,2,1,2,1990,36,2023,8745.03,559681.92
SP-003197,SP,São Paulo,Vila Mariana,Zona Sul,Apartamento,43,2,1,1,1983,43,2021,9326.32,401031.76
SP-003198,SP,São Paulo,Pinheiros,Zona Oeste,Apartamento,157,5,5,3,2020,6,2023,19387.28,3043802.96
SP-003199,SP,São Paulo,Moema,Zona Sul,Apartamento,139,4,3,2,2017,9,2018,13537.04,1881648.56
SP-003200,SP,São Paulo,Aclimação,Centro/Sul,Apartamento,69,2,2,1,1995,31,2024,8737.1,602859.9
SP-003201,SP,São Paulo,Santana,Zona Norte,Apartamento,45,1,1,1,2020,6,2013,6605.31,297238.95
SP-003202,SP,São Paulo,Saúde,Zona Sul,Apartamento,59,2,2,1,2011,15,2025,9682.81,571285.79
SP-003203,SP,São Paulo,Mooca,Zona Leste,Apartamento,52,2,1,1,2022,4,2019,8192.1,425989.2
SP-003204,SP,São Paulo,Saúde,Zona Sul,Casa,88,3,2,2,2025,1,2022,10292.11,905705.68
SP-003205,SP,São Paulo,Mooca,Zona Leste,Casa,131,3,3,2,2016,10,2017,6965.12,912430.72
SP-003206,SP,São Paulo,Brooklin,Zona Sul,Apartamento,166,3,3,4,2013,13,2021,13014.95,2160481.7
SP-003207,SP,São Paulo,Santana,Zona Norte,Apartamento,35,1,1,0,2014,12,2025,7992.86,279750.1
SP-003208,SP,São Paulo,Perdizes,Zona Oeste,Casa,95,3,2,2,2023,3,2023,14148.75,1344131.25
SP-003209,SP,São Paulo,Moema,Zona Sul,Apartamento,55,2,2,1,2019,7,2020,15546.09,855034.95
SP-003210,SP,São Paulo,Vila Madalena,Zona Oeste,Apartamento,102,3,3,2,2005,21,2018,11792.11,1202795.22
SP-003211,SP,São Paulo,Perdizes,Zona Oeste,Cobertura,168,3,4,4,2017,9,2022,19963.91,3353936.88
SP-003212,SP,São Paulo,Aclimação,Centro/Sul,Apartamento,34,1,1,0,2020,6,2019,9446.47,321179.98
SP-003213,SP,São Paulo,Pinheiros,Zona Oeste,Casa,276,4,4,3,2006,20,2019,12332.62,3403803.12
SP-003214,SP,São Paulo,Itaim Bibi,Zona Sul/Oeste,Apartamento,99,3,3,1,2019,7,2013,11269.25,1115655.75
SP-003215,SP,São Paulo,Mooca,Zona Leste,Apartamento,71,2,2,1,2010,16,2022,8749.38,621205.98
SP-003216,SP,São Paulo,Lapa,Zona Oeste,Apartamento,99,3,2,2,1989,37,2015,7086.92,701605.08
SP-003217,SP,São Paulo,Ipiranga,Zona Sul,Cobertura,180,4,4,4,1977,49,2017,9478.54,1706137.2
SP-003218,SP,São Paulo,Moema,Zona Sul,Apartamento,121,2,2,1,2020,6,2021,15980.91,1933690.11
SP-003219,SP,São Paulo,Tatuapé,Zona Leste,Casa,91,3,3,1,1985,41,2018,5695.4,518281.4
SP-003220,SP,São Paulo,Vila Madalena,Zona Oeste,Casa,107,4,3,2,1986,40,2025,12037.66,1288029.62
SP-003221,SP,São Paulo,Jardim Paulista,Zona Oeste,Casa,123,3,3,2,2023,3,2025,17088.94,2101939.62
SP-003222,SP,São Paulo,Ipiranga,Zona Sul,Apartamento,43,1,1,0,2023,3,2023,10280.75,442072.25
SP-003223,SP,São Paulo,Jardim Paulista,Zona Oeste,Apartamento,217,3,5,2,2022,4,2019,13812.8,2997377.6
SP-003224,SP,São Paulo,Santana,Zona Norte,Apartamento,74,2,1,2,2012,14,2026,8831.12,653502.88
SP-003225,SP,São Paulo,Santana,Zona Norte,Casa,111,3,2,2,2011,15,2021,7160.85,794854.35
SP-003226,SP,São Paulo,Moema,Zona Sul,Apartamento,54,3,2,1,2010,16,2021,13034.7,703873.8
SP-003227,SP,São Paulo,Itaim Bibi,Zona Sul/Oeste,Apartamento,120,3,3,2,1983,43,2021,13260.22,1591226.4
SP-003228,SP,São Paulo,Perdizes,Zona Oeste,Apartamento,133,4,3,2,2017,9,2018,11224.84,1492903.72
SP-003229,SP,São Paulo,Lapa,Zona Oeste,Apartamento,37,1,1,0,1984,42,2013,5359.8,198312.6
SP-003230,SP,São Paulo,Itaim Bibi,Zona Sul/Oeste,Apartamento,172,3,4,2,2016,10,2017,15045.58,2587839.76
SP-003231,SP,São Paulo,Aclimação,Centro/Sul,Casa,232,4,4,5,2024,2,2013,9380.78,2176340.96
SP-003232,SP,São Paulo,Vila Madalena,Zona Oeste,Apartamento,38,1,1,0,2011,15,2014,9109.65,346166.7
SP-003233,SP,São Paulo,Ipiranga,Zona Sul,Apartamento,70,2,2,1,1980,46,2016,5618.75,393312.5
SP-003234,SP,São Paulo,Vila Madalena,Zona Oeste,Casa,132,3,2,2,2012,14,2021,12595.3,1662579.6
SP-003235,SP,São Paulo,Santana,Zona Norte,Apartamento,79,2,2,1,1981,45,2023,7263.2,573792.8
SP-003236,SP,São Paulo,Tatuapé,Zona Leste,Apartamento,64,3,2,1,2025,1,2016,8732.75,558896.0
SP-003237,SP,São Paulo,Tatuapé,Zona Leste,Apartamento,32,1,1,0,1998,28,2017,7166.84,229338.88
SP-003238,SP,São Paulo,Vila Madalena,Zona Oeste,Apartamento,63,2,1,2,2018,8,2013,10056.66,633569.58
SP-003239,SP,São Paulo,Lapa,Zona Oeste,Apartamento,85,3,2,2,2000,26,2022,7743.42,658190.7
SP-003240,SP,São Paulo,Vila Madalena,Zona Oeste,Casa,140,3,4,3,2025,1,2021,14905.18,2086725.2
SP-003241,SP,São Paulo,Campo Belo,Zona Sul,Apartamento,37,1,1,0,1999,27,2020,10124.08,374590.96
SP-003242,SP,São Paulo,Vila Madalena,Zona Oeste,Apartamento,39,1,1,0,2019,7,2013,9739.8,379852.2
SP-003243,SP,São Paulo,Vila Mariana,Zona Sul,Apartamento,109,3,2,3,1989,37,2024,11918.2,1299083.8
SP-003244,SP,São Paulo,Ipiranga,Zona Sul,Apartamento,51,2,2,1,2006,20,2019,6128.77,312567.27
SP-003245,SP,São Paulo,Itaim Bibi,Zona Sul/Oeste,Apartamento,71,2,2,1,2022,4,2014,13550.04,962052.84
SP-003246,SP,São Paulo,Saúde,Zona Sul,Casa,119,3,2,2,2009,17,2018,7203.42,857206.98
SP-003247,SP,São Paulo,Itaim Bibi,Zona Sul/Oeste,Apartamento,39,2,1,0,2005,21,2016,11140.6,434483.4
SP-003248,SP,São Paulo,Mooca,Zona Leste,Apartamento,65,2,1,1,2020,6,2022,8078.55,525105.75
SP-003249,SP,São Paulo,Perdizes,Zona Oeste,Apartamento,44,2,1,0,2024,2,2025,13628.6,599658.4
SP-003250,SP,São Paulo,Campo Belo,Zona Sul,Casa,162,3,3,3,2009,17,2026,13097.18,2121743.16
SP-003251,SP,São Paulo,Lapa,Zona Oeste,Apartamento,64,2,2,2,1991,35,2024,8503.19,544204.16
SP-003252,SP,São Paulo,Santana,Zona Norte,Apartamento,200,4,4,2,2023,3,2013,7130.34,1426068.0
SP-003253,SP,São Paulo,Campo Belo,Zona Sul,Apartamento,153,4,4,4,2024,2,2021,15567.61,2381844.33
SP-003254,SP,São Paulo,Jardim Paulista,Zona Oeste,Apartamento,48,1,1,1,2015,11,2021,14124.4,677971.2
SP-003255,SP,São Paulo,Morumbi,Zona Sul,Casa,306,4,3,2,1992,34,2015,5883.0,1800198.0
SP-003256,SP,São Paulo,Moema,Zona Sul,Apartamento,150,5,4,3,2011,15,2026,15789.32,2368398.0
SP-003257,SP,São Paulo,Morumbi,Zona Sul,Apartamento,108,3,3,2,2018,8,2024,9766.12,1054740.96
SP-003258,SP,São Paulo,Tatuapé,Zona Leste,Apartamento,37,1,1,0,1984,42,2019,5828.6,215658.2
SP-003259,SP,São Paulo,Morumbi,Zona Sul,Apartamento,65,2,2,2,1976,50,2024,7460.88,484957.2
SP-003260,SP,São Paulo,Pinheiros,Zona Oeste,Apartamento,53,2,1,1,1996,30,2019,10547.59,559022.27
SP-003261,SP,São Paulo,Ipiranga,Zona Sul,Apartamento,32,2,1,0,1988,38,2013,5056.94,161822.08
SP-003262,SP,São Paulo,Lapa,Zona Oeste,Apartamento,112,3,2,3,1983,43,2022,8043.13,900830.56
SP-003263,SP,São Paulo,Moema,Zona Sul,Apartamento,57,2,2,1,2016,10,2024,15885.64,905481.48
SP-003264,SP,São Paulo,Campo Belo,Zona Sul,Apartamento,48,1,1,0,2015,11,2022,10331.52,495912.96
SP-003265,SP,São Paulo,Lapa,Zona Oeste,Apartamento,52,2,1,1,1998,28,2014,6261.14,325579.28
SP-003266,SP,São Paulo,Campo Belo,Zona Sul,Apartamento,33,1,1,0,2016,10,2013,8702.22,287173.26
SP-003267,SP,São Paulo,Campo Belo,Zona Sul,Apartamento,48,1,1,1,1999,27,2024,11029.24,529403.52
SP-003268,SP,São Paulo,Campo Belo,Zona Sul,Apartamento,108,3,3,2,2015,11,2022,11970.82,1292848.56
SP-003269,SP,São Paulo,Moema,Zona Sul,Casa,585,4,4,5,2020,6,2022,17137.1,10025203.5
SP-003270,SP,São Paulo,Perdizes,Zona Oeste,Apartamento,37,1,1,1,2016,10,2020,12280.12,454364.44
SP-003271,SP,São Paulo,Saúde,Zona Sul,Apartamento,35,1,1,0,2018,8,2022,8378.03,293231.05
SP-003272,SP,São Paulo,Perdizes,Zona Oeste,Apartamento,82,2,2,1,1996,30,2022,9865.44,808966.08
SP-003273,SP,São Paulo,Pinheiros,Zona Oeste,Apartamento,127,3,2,2,2018,8,2024,16506.64,2096343.28
SP-003274,SP,São Paulo,Mooca,Zona Leste,Apartamento,56,2,1,1,1987,39,2019,6999.93,391996.08
SP-003275,SP,São Paulo,Tatuapé,Zona Leste,Apartamento,35,1,1,0,1980,46,2026,8977.72,314220.2
SP-003276,SP,São Paulo,Bela Vista,Centro/Sul,Apartamento,34,1,1,0,2025,1,2018,9126.97,310316.98
SP-003277,SP,São Paulo,Saúde,Zona Sul,Apartamento,53,2,2,1,2015,11,2017,7117.26,377214.78
SP-003278,SP,São Paulo,Perdizes,Zona Oeste,Apartamento,41,1,1,1,2007,19,2013,7784.61,319169.01
SP-003279,SP,São Paulo,Jardim Paulista,Zona Oeste,Casa,124,2,3,1,2009,17,2014,10837.61,1343863.64
SP-003280,SP,São Paulo,Aclimação,Centro/Sul,Apartamento,100,2,2,1,2020,6,2022,11529.49,1152949.0
SP-003281,SP,São Paulo,Morumbi,Zona Sul,Apartamento,40,1,1,0,2024,2,2018,8859.89,354395.6
SP-003282,SP,São Paulo,Lapa,Zona Oeste,Casa,183,4,5,3,2005,21,2025,9298.09,1701550.47
SP-003283,SP,São Paulo,Morumbi,Zona Sul,Casa,121,4,2,3,2013,13,2015,6410.59,775681.39
SP-003284,SP,São Paulo,Santana,Zona Norte,Apartamento,73,2,1,1,1986,40,2020,6863.4,501028.2
SP-003285,SP,São Paulo,Lapa,Zona Oeste,Apartamento,63,2,1,1,2002,24,2018,7251.58,456849.54
SP-003286,SP,São Paulo,Campo Belo,Zona Sul,Apartamento,87,3,3,2,1978,48,2022,10130.84,881383.08
SP-003287,SP,São Paulo,Santana,Zona Norte,Apartamento,130,3,3,2,1984,42,2025,7857.2,1021436.0
SP-003288,SP,São Paulo,Morumbi,Zona Sul,Apartamento,127,2,2,1,1979,47,2013,5166.89,656195.03
SP-003289,SP,São Paulo,Jardim Paulista,Zona Oeste,Cobertura,165,4,5,5,2021,5,2017,22185.65,3660632.25
SP-003290,SP,São Paulo,Vila Mariana,Zona Sul,Casa,103,2,3,2,1993,33,2023,11069.5,1140158.5
SP-003291,SP,São Paulo,Brooklin,Zona Sul,Casa,103,2,2,2,2000,26,2024,11690.38,1204109.14
SP-003292,SP,São Paulo,Pinheiros,Zona Oeste,Apartamento,133,3,2,1,1984,42,2015,9158.06,1218021.98
SP-003293,SP,São Paulo,Vila Mariana,Zona Sul,Apartamento,35,1,1,0,2025,1,2022,12182.83,426399.05
SP-003294,SP,São Paulo,Tatuapé,Zona Leste,Apartamento,42,1,1,1,1978,48,2016,6947.81,291808.02
SP-003295,SP,São Paulo,Vila Mariana,Zona Sul,Cobertura,300,5,4,3,1995,31,2020,16297.44,4889232.0
SP-003296,SP,São Paulo,Brooklin,Zona Sul,Apartamento,34,1,1,1,2020,6,2014,11039.5,375343.0
SP-003297,SP,São Paulo,Campo Belo,Zona Sul,Apartamento,32,1,1,1,2013,13,2024,12504.68,400149.76
SP-003298,SP,São Paulo,Brooklin,Zona Sul,Casa,131,3,2,2,1989,37,2020,9972.99,1306461.69
SP-003299,SP,São Paulo,Saúde,Zona Sul,Apartamento,152,4,4,4,1998,28,2018,7688.03,1168580.56
SP-003300,SP,São Paulo,Itaim Bibi,Zona Sul/Oeste,Apartamento,79,3,2,2,2008,18,2026,17857.39,1410733.81
SP-003301,SP,São Paulo,Tatuapé,Zona Leste,Apartamento,111,4,2,2,2017,9,2024,11231.71,1246719.81
SP-003302,SP,São Paulo,Saúde,Zona Sul,Cobertura,161,4,3,4,2015,11,2022,14097.95,2269769.95
SP-003303,SP,São Paulo,Pinheiros,Zona Oeste,Casa,217,4,4,5,2000,26,2023,14767.3,3204504.1
SP-003304,SP,São Paulo,Vila Mariana,Zona Sul,Casa,101,3,3,2,1995,31,2015,7824.12,790236.12
SP-003305,SP,São Paulo,Itaim Bibi,Zona Sul/Oeste,Apartamento,53,2,2,1,2024,2,2015,14045.04,744387.12
SP-003306,SP,São Paulo,Morumbi,Zona Sul,Apartamento,143,4,4,4,1990,36,2025,9748.97,1394102.71
SP-003307,SP,São Paulo,Moema,Zona Sul,Cobertura,249,3,4,3,1999,27,2015,15760.78,3924434.22
SP-003308,SP,São Paulo,Itaim Bibi,Zona Sul/Oeste,Apartamento,77,2,2,2,1998,28,2017,13426.21,1033818.17
SP-003309,SP,São Paulo,Aclimação,Centro/Sul,Apartamento,32,1,1,0,2017,9,2021,9919.91,317437.12
SP-003310,SP,São Paulo,Moema,Zona Sul,Casa,140,4,4,3,1985,41,2014,8593.13,1203038.2
SP-003311,SP,São Paulo,Mooca,Zona Leste,Casa,107,2,3,2,2008,18,2018,7169.26,767110.82
SP-003312,SP,São Paulo,Mooca,Zona Leste,Casa,128,3,3,1,2009,17,2016,5994.08,767242.24
SP-003313,SP,São Paulo,Tatuapé,Zona Leste,Apartamento,70,2,2,2,2025,1,2016,9849.43,689460.1
SP-003314,SP,São Paulo,Perdizes,Zona Oeste,Apartamento,120,2,2,2,1986,40,2021,10623.34,1274800.8
SP-003315,SP,São Paulo,Mooca,Zona Leste,Apartamento,32,2,1,0,2012,14,2019,8326.42,266445.44
SP-003316,SP,São Paulo,Vila Madalena,Zona Oeste,Apartamento,47,1,1,0,2006,20,2022,11443.07,537824.29
SP-003317,SP,São Paulo,Campo Belo,Zona Sul,Apartamento,69,2,1,2,2015,11,2024,13508.69,932099.61
SP-003318,SP,São Paulo,Saúde,Zona Sul,Apartamento,46,1,1,0,1999,27,2026,8796.57,404642.22
SP-003319,SP,São Paulo,Morumbi,Zona Sul,Apartamento,50,2,2,2,2003,23,2015,6105.44,305272.0
SP-003320,SP,São Paulo,Ipiranga,Zona Sul,Apartamento,34,1,1,0,2001,25,2016,6026.34,204895.56
SP-003321,SP,São Paulo,Morumbi,Zona Sul,Apartamento,38,2,1,0,1981,45,2023,6581.44,250094.72
SP-003322,SP,São Paulo,Campo Belo,Zona Sul,Apartamento,38,1,1,1,2014,12,2014,7645.0,290510.0
SP-003323,SP,São Paulo,Brooklin,Zona Sul,Apartamento,46,1,1,1,2003,23,2014,9057.55,416647.3
SP-003324,SP,São Paulo,Campo Belo,Zona Sul,Casa,81,2,2,2,1983,43,2013,6443.11,521891.91
SP-003325,SP,São Paulo,Vila Mariana,Zona Sul,Apartamento,118,3,2,3,2021,5,2025,14889.71,1756985.78
SP-003326,SP,São Paulo,Perdizes,Zona Oeste,Apartamento,74,2,2,1,2015,11,2013,8234.79,609374.46
SP-003327,SP,São Paulo,Perdizes,Zona Oeste,Cobertura,153,3,3,3,1986,40,2014,12845.36,1965340.08
SP-003328,SP,São Paulo,Tatuapé,Zona Leste,Apartamento,129,3,2,2,1977,49,2015,6391.85,824548.65
SP-003329,SP,São Paulo,Mooca,Zona Leste,Apartamento,78,3,2,2,2025,1,2016,8681.83,677182.74
SP-003330,SP,São Paulo,Lapa,Zona Oeste,Apartamento,78,2,2,1,1990,36,2016,6527.5,509145.0
SP-003331,SP,São Paulo,Lapa,Zona Oeste,Apartamento,39,1,1,0,2013,13,2014,5821.76,227048.64
SP-003332,SP,São Paulo,Itaim Bibi,Zona Sul/Oeste,Apartamento,109,3,3,2,2001,25,2024,17212.86,1876201.74
SP-003333,SP,São Paulo,Tatuapé,Zona Leste,Apartamento,32,1,1,1,2021,5,2015,7652.31,244873.92
SP-003334,SP,São Paulo,Vila Madalena,Zona Oeste,Apartamento,287,5,3,3,1989,37,2026,14649.87,4204512.69
SP-003335,SP,São Paulo,Moema,Zona Sul,Apartamento,49,1,1,1,2001,25,2017,12500.06,612502.94
SP-003336,SP,São Paulo,Campo Belo,Zona Sul,Apartamento,71,3,2,1,2016,10,2013,9128.36,648113.56
SP-003337,SP,São Paulo,Pinheiros,Zona Oeste,Apartamento,64,2,2,1,2000,26,2025,12897.12,825415.68
SP-003338,SP,São Paulo,Pinheiros,Zona Oeste,Apartamento,81,2,2,1,2003,23,2022,12300.21,996317.01
SP-003339,SP,São Paulo,Brooklin,Zona Sul,Apartamento,68,2,1,1,2017,9,2025,13806.08,938813.44
SP-003340,SP,São Paulo,Brooklin,Zona Sul,Casa,175,3,5,3,2001,25,2022,11183.48,1957109.0
SP-003341,SP,São Paulo,Morumbi,Zona Sul,Apartamento,53,3,2,1,1995,31,2025,7288.61,386296.33
SP-003342,SP,São Paulo,Aclimação,Centro/Sul,Casa,113,2,3,2,2023,3,2026,12419.45,1403397.85
SP-003343,SP,São Paulo,Mooca,Zona Leste,Apartamento,38,2,1,1,2012,14,2026,8699.04,330563.52
SP-003344,SP,São Paulo,Pinheiros,Zona Oeste,Apartamento,96,3,2,2,2010,16,2016,11344.37,1089059.52
SP-003345,SP,São Paulo,Moema,Zona Sul,Apartamento,54,2,2,1,2006,20,2026,15741.68,850050.72
SP-003346,SP,São Paulo,Saúde,Zona Sul,Apartamento,112,3,2,1,2005,21,2016,6691.29,749424.48
SP-003347,SP,São Paulo,Brooklin,Zona Sul,Apartamento,77,3,1,1,1999,27,2015,8655.18,666448.86
SP-003348,SP,São Paulo,Perdizes,Zona Oeste,Apartamento,47,1,1,0,2003,23,2016,10044.5,472091.5
SP-003349,SP,São Paulo,Campo Belo,Zona Sul,Casa,185,3,3,3,1979,47,2023,10323.8,1909903.0
SP-003350,SP,São Paulo,Santana,Zona Norte,Apartamento,50,2,2,1,1994,32,2016,5992.81,299640.5
SP-003351,SP,São Paulo,Perdizes,Zona Oeste,Casa,136,4,2,1,2025,1,2015,10924.84,1485778.24
SP-003352,SP,São Paulo,Santana,Zona Norte,Casa,106,4,2,2,2023,3,2020,7540.59,799302.54
SP-003353,SP,São Paulo,Moema,Zona Sul,Apartamento,85,3,3,2,1997,29,2020,12130.4,1031084.0
SP-003354,SP,São Paulo,Jardim Paulista,Zona Oeste,Casa,109,3,2,1,2003,23,2026,14174.0,1544966.0
SP-003355,SP,São Paulo,Santana,Zona Norte,Apartamento,40,1,1,0,2008,18,2020,6991.87,279674.8
SP-003356,SP,São Paulo,Brooklin,Zona Sul,Apartamento,56,2,2,2,1998,28,2016,9835.55,550790.8
SP-003357,SP,São Paulo,Tatuapé,Zona Leste,Apartamento,53,3,2,1,1996,30,2015,6305.06,334168.18
SP-003358,SP,São Paulo,Bela Vista,Centro/Sul,Apartamento,45,1,1,1,2012,14,2021,9263.44,416854.8
SP-003359,SP,São Paulo,Itaim Bibi,Zona Sul/Oeste,Apartamento,36,1,1,1,2007,19,2026,16383.96,589822.56
SP-003360,SP,São Paulo,Saúde,Zona Sul,Apartamento,63,3,2,2,2002,24,2020,7441.25,468798.75
SP-003361,SP,São Paulo,Lapa,Zona Oeste,Apartamento,71,2,2,1,2007,19,2017,6702.97,475910.87
SP-003362,SP,São Paulo,Mooca,Zona Leste,Apartamento,55,2,1,1,2007,19,2026,8833.91,485865.05
SP-003363,SP,São Paulo,Vila Madalena,Zona Oeste,Apartamento,36,1,1,1,2012,14,2017,10215.72,367765.92
SP-003364,SP,São Paulo,Santana,Zona Norte,Casa,101,3,3,2,2012,14,2019,6652.52,671904.52
SP-003365,SP,São Paulo,Itaim Bibi,Zona Sul/Oeste,Apartamento,55,2,1,2,1996,30,2019,13386.7,736268.5
SP-003366,SP,São Paulo,Itaim Bibi,Zona Sul/Oeste,Apartamento,55,3,2,1,2001,25,2015,12169.06,669298.3
SP-003367,SP,São Paulo,Bela Vista,Centro/Sul,Apartamento,62,2,1,1,2004,22,2017,7395.94,458548.28
SP-003368,SP,São Paulo,Pinheiros,Zona Oeste,Apartamento,71,3,2,2,2014,12,2019,12877.35,914291.85
SP-003369,SP,São Paulo,Vila Madalena,Zona Oeste,Casa,139,3,3,2,2024,2,2020,13210.52,1836262.28
SP-003370,SP,São Paulo,Saúde,Zona Sul,Apartamento,79,2,2,2,2003,23,2023,8973.88,708936.52
SP-003371,SP,São Paulo,Itaim Bibi,Zona Sul/Oeste,Casa,114,3,3,2,1995,31,2020,12879.12,1468219.68
SP-003372,SP,São Paulo,Morumbi,Zona Sul,Apartamento,52,2,1,2,1995,31,2019,6840.97,355730.44
SP-003373,SP,São Paulo,Campo Belo,Zona Sul,Cobertura,203,4,4,3,2012,14,2018,16345.78,3318193.34
SP-003374,SP,São Paulo,Santana,Zona Norte,Apartamento,86,4,3,2,2014,12,2021,8251.47,709626.42
SP-003375,SP,São Paulo,Moema,Zona Sul,Casa,215,5,3,4,1994,32,2022,12970.19,2788590.85
SP-003376,SP,São Paulo,Lapa,Zona Oeste,Apartamento,33,1,1,1,2022,4,2020,8897.09,293603.97
SP-003377,SP,São Paulo,Tatuapé,Zona Leste,Apartamento,61,3,2,1,2019,7,2023,10295.49,628024.89
SP-003378,SP,São Paulo,Itaim Bibi,Zona Sul/Oeste,Apartamento,75,3,2,1,2013,13,2013,11183.39,838754.25
SP-003379,SP,São Paulo,Santana,Zona Norte,Casa,148,5,5,3,2014,12,2026,8500.68,1258100.64
SP-003380,SP,São Paulo,Pinheiros,Zona Oeste,Apartamento,35,1,1,0,1983,43,2016,9737.22,340802.7
SP-003381,SP,São Paulo,Vila Mariana,Zona Sul,Apartamento,101,3,3,1,1988,38,2019,9695.92,979287.92
SP-003382,SP,São Paulo,Lapa,Zona Oeste,Apartamento,39,1,1,1,2006,20,2013,6299.76,245690.64
SP-003383,SP,São Paulo,Ipiranga,Zona Sul,Apartamento,34,1,1,0,2012,14,2014,5328.76,181177.84
SP-003384,SP,São Paulo,Bela Vista,Centro/Sul,Apartamento,40,1,1,1,2010,16,2024,10025.59,401023.6
SP-003385,SP,São Paulo,Campo Belo,Zona Sul,Apartamento,58,2,1,1,2009,17,2022,11172.92,648029.36
SP-003386,SP,São Paulo,Pinheiros,Zona Oeste,Apartamento,124,2,3,2,2025,1,2016,12962.49,1607348.76
SP-003387,SP,São Paulo,Saúde,Zona Sul,Casa,205,4,4,4,2012,14,2019,8239.86,1689171.3
SP-003388,SP,São Paulo,Jardim Paulista,Zona Oeste,Apartamento,74,3,2,1,2016,10,2015,11861.32,877737.68
SP-003389,SP,São Paulo,Itaim Bibi,Zona Sul/Oeste,Casa,126,3,2,2,2016,10,2019,15126.39,1905925.14
SP-003390,SP,São Paulo,Saúde,Zona Sul,Apartamento,35,1,1,0,1995,31,2023,7836.39,274273.65
SP-003391,SP,São Paulo,Campo Belo,Zona Sul,Apartamento,67,2,1,1,2011,15,2019,10318.11,691313.37
SP-003392,SP,São Paulo,Mooca,Zona Leste,Apartamento,68,2,2,1,2003,23,2020,8058.32,547965.76
SP-003393,SP,São Paulo,Campo Belo,Zona Sul,Apartamento,70,2,2,2,2008,18,2017,10713.11,749917.7
SP-003394,SP,São Paulo,Vila Mariana,Zona Sul,Apartamento,69,2,2,1,2001,25,2015,8486.4,585561.6
SP-003395,SP,São Paulo,Tatuapé,Zona Leste,Apartamento,92,3,3,2,1997,29,2020,7580.22,697380.24
SP-003396,SP,São Paulo,Morumbi,Zona Sul,Apartamento,77,2,1,1,2009,17,2019,6609.76,508951.52
SP-003397,SP,São Paulo,Vila Mariana,Zona Sul,Apartamento,81,2,1,1,2001,25,2023,9596.86,777345.66
SP-003398,SP,São Paulo,Santana,Zona Norte,Casa,138,3,3,2,2018,8,2018,6773.02,934676.76
SP-003399,SP,São Paulo,Vila Mariana,Zona Sul,Cobertura,121,3,3,2,2017,9,2016,15782.23,1909649.83
SP-003400,SP,São Paulo,Mooca,Zona Leste,Casa,102,3,2,1,1996,30,2016,5401.11,550913.22
SP-003401,SP,São Paulo,Itaim Bibi,Zona Sul/Oeste,Apartamento,69,3,1,2,1995,31,2024,15829.71,1092249.99
SP-003402,SP,São Paulo,Saúde,Zona Sul,Casa,227,4,4,2,2009,17,2021,8067.96,1831426.92
SP-003403,SP,São Paulo,Campo Belo,Zona Sul,Apartamento,72,2,1,2,2007,19,2024,14480.38,1042587.36
SP-003404,SP,São Paulo,Itaim Bibi,Zona Sul/Oeste,Apartamento,132,3,2,2,1999,27,2022,15431.22,2036921.04
SP-003405,SP,São Paulo,Campo Belo,Zona Sul,Apartamento,65,2,2,1,1985,41,2016,7892.59,513018.35
SP-003406,SP,São Paulo,Pinheiros,Zona Oeste,Cobertura,220,3,4,4,2022,4,2014,19601.95,4312429.0
SP-003407,SP,São Paulo,Lapa,Zona Oeste,Casa,115,3,3,2,2012,14,2025,8848.82,1017614.3
SP-003408,SP,São Paulo,Mooca,Zona Leste,Apartamento,94,3,3,2,1999,27,2019,7644.31,718565.14
SP-003409,SP,São Paulo,Aclimação,Centro/Sul,Apartamento,42,1,1,0,2013,13,2019,7075.93,297189.06
SP-003410,SP,São Paulo,Campo Belo,Zona Sul,Casa,315,5,4,3,2015,11,2013,8864.5,2792317.5
SP-003411,SP,São Paulo,Bela Vista,Centro/Sul,Casa,212,4,4,3,2001,25,2025,9556.89,2026060.68
SP-003412,SP,São Paulo,Pinheiros,Zona Oeste,Apartamento,41,1,1,0,2013,13,2020,11769.93,482567.13
SP-003413,SP,São Paulo,Ipiranga,Zona Sul,Apartamento,56,3,1,2,2002,24,2014,6519.57,365095.92
SP-003414,SP,São Paulo,Aclimação,Centro/Sul,Apartamento,152,3,4,3,2008,18,2020,9063.74,1377688.48
SP-003415,SP,São Paulo,Perdizes,Zona Oeste,Apartamento,71,2,2,1,2012,14,2019,9483.29,673313.59
SP-003416,SP,São Paulo,Jardim Paulista,Zona Oeste,Apartamento,102,3,3,1,1982,44,2018,11395.48,1162338.96
SP-003417,SP,São Paulo,Campo Belo,Zona Sul,Casa,110,3,3,3,2013,13,2026,13029.76,1433273.6
SP-003418,SP,São Paulo,Brooklin,Zona Sul,Apartamento,108,2,2,1,2013,13,2015,9183.69,991838.52
SP-003419,SP,São Paulo,Brooklin,Zona Sul,Apartamento,35,1,1,0,2023,3,2021,13613.17,476460.95
SP-003420,SP,São Paulo,Mooca,Zona Leste,Apartamento,54,2,2,2,2006,20,2015,7191.17,388323.18
SP-003421,SP,São Paulo,Perdizes,Zona Oeste,Apartamento,107,2,3,2,1980,46,2026,11204.01,1198829.07
SP-003422,SP,São Paulo,Moema,Zona Sul,Cobertura,174,4,4,2,1977,49,2013,12546.21,2183040.54
SP-003423,SP,São Paulo,Ipiranga,Zona Sul,Apartamento,58,2,1,1,2022,4,2023,8228.79,477269.82
SP-003424,SP,São Paulo,Itaim Bibi,Zona Sul/Oeste,Casa,99,3,3,2,1991,35,2024,14290.41,1414750.59
SP-003425,SP,São Paulo,Tatuapé,Zona Leste,Apartamento,178,4,4,4,2006,20,2021,9681.27,1723266.06
SP-003426,SP,São Paulo,Ipiranga,Zona Sul,Apartamento,66,3,1,1,2005,21,2014,5183.41,342105.06
SP-003427,SP,São Paulo,Lapa,Zona Oeste,Apartamento,34,2,1,1,1994,32,2024,8043.44,273476.96
SP-003428,SP,São Paulo,Bela Vista,Centro/Sul,Casa,82,2,2,1,1993,33,2015,6372.66,522558.12
SP-003429,SP,São Paulo,Bela Vista,Centro/Sul,Apartamento,62,2,2,1,2001,25,2022,9048.96,561035.52
SP-003430,SP,São Paulo,Lapa,Zona Oeste,Casa,146,4,3,3,2021,5,2026,11057.94,1614459.24
SP-003431,SP,São Paulo,Pinheiros,Zona Oeste,Cobertura,127,2,2,2,2003,23,2018,17552.98,2229228.46
SP-003432,SP,São Paulo,Vila Mariana,Zona Sul,Apartamento,42,1,1,0,2007,19,2019,9778.42,410693.64
SP-003433,SP,São Paulo,Ipiranga,Zona Sul,Casa,129,3,3,2,1997,29,2018,6285.09,810776.61
SP-003434,SP,São Paulo,Bela Vista,Centro/Sul,Apartamento,34,1,1,0,2013,13,2026,9516.26,323552.84
SP-003435,SP,São Paulo,Mooca,Zona Leste,Apartamento,108,3,2,2,1990,36,2019,7929.5,856386.0
SP-003436,SP,São Paulo,Tatuapé,Zona Leste,Apartamento,53,3,1,1,2008,18,2020,8185.28,433819.84
SP-003437,SP,São Paulo,Pinheiros,Zona Oeste,Apartamento,68,2,1,2,2022,4,2019,12633.78,859097.04
SP-003438,SP,São Paulo,Ipiranga,Zona Sul,Apartamento,99,3,3,2,2014,12,2020,7533.05,745771.95
SP-003439,SP,São Paulo,Moema,Zona Sul,Cobertura,155,3,4,3,1991,35,2018,16881.62,2616651.1
SP-003440,SP,São Paulo,Tatuapé,Zona Leste,Apartamento,51,2,2,2,2008,18,2020,8707.04,444059.04
SP-003441,SP,São Paulo,Mooca,Zona Leste,Apartamento,69,3,2,1,2012,14,2021,7380.7,509268.3
SP-003442,SP,São Paulo,Vila Mariana,Zona Sul,Apartamento,58,2,1,1,2011,15,2025,11470.15,665268.7
SP-003443,SP,São Paulo,Itaim Bibi,Zona Sul/Oeste,Apartamento,106,2,3,1,1993,33,2024,14153.14,1500232.84
SP-003444,SP,São Paulo,Perdizes,Zona Oeste,Casa,150,4,4,4,2015,11,2013,8508.41,1276261.5
SP-003445,SP,São Paulo,Ipiranga,Zona Sul,Apartamento,50,2,1,2,2024,2,2023,10159.33,507966.5
SP-003446,SP,São Paulo,Mooca,Zona Leste,Apartamento,47,1,1,1,2016,10,2013,7048.71,331289.37
SP-003447,SP,São Paulo,Jardim Paulista,Zona Oeste,Casa,175,4,3,3,2025,1,2024,16597.83,2904620.25
SP-003448,SP,São Paulo,Saúde,Zona Sul,Apartamento,118,3,3,2,1994,32,2021,7590.43,895670.74
SP-003449,SP,São Paulo,Campo Belo,Zona Sul,Apartamento,52,2,2,1,2019,7,2013,8730.77,454000.04
SP-003450,SP,São Paulo,Santana,Zona Norte,Apartamento,46,2,1,1,2009,17,2016,6118.57,281454.22
SP-003451,SP,São Paulo,Aclimação,Centro/Sul,Casa,175,3,4,3,2013,13,2021,9171.38,1604991.5
SP-003452,SP,São Paulo,Campo Belo,Zona Sul,Apartamento,88,3,3,3,2019,7,2015,11340.79,997989.52
SP-003453,SP,São Paulo,Aclimação,Centro/Sul,Cobertura,122,3,2,2,2024,2,2025,18885.22,2303996.84
SP-003454,SP,São Paulo,Mooca,Zona Leste,Apartamento,66,2,2,1,2008,18,2026,10321.01,681186.66
SP-003455,SP,São Paulo,Campo Belo,Zona Sul,Apartamento,67,2,2,1,1998,28,2013,8257.77,553270.59
SP-003456,SP,São Paulo,Itaim Bibi,Zona Sul/Oeste,Casa,82,2,2,1,2021,5,2018,12928.22,1060114.04
SP-003457,SP,São Paulo,Santana,Zona Norte,Apartamento,45,1,1,0,2021,5,2026,9556.48,430041.6
SP-003458,SP,São Paulo,Moema,Zona Sul,Casa,129,3,3,2,2015,11,2013,8396.94,1083205.26
SP-003459,SP,São Paulo,Brooklin,Zona Sul,Apartamento,32,1,1,1,1980,46,2019,8958.52,286672.64
SP-003460,SP,São Paulo,Aclimação,Centro/Sul,Apartamento,80,2,1,1,1980,46,2017,7018.37,561469.6
SP-003461,SP,São Paulo,Mooca,Zona Leste,Apartamento,52,3,2,1,2002,24,2025,9795.14,509347.28
SP-003462,SP,São Paulo,Tatuapé,Zona Leste,Apartamento,42,1,1,0,2020,6,2024,11141.14,467927.88
SP-003463,SP,São Paulo,Vila Madalena,Zona Oeste,Apartamento,64,3,2,1,1983,43,2018,8201.42,524890.88
SP-003464,SP,São Paulo,Morumbi,Zona Sul,Apartamento,93,4,2,2,2006,20,2017,6790.66,631531.38
SP-003465,SP,São Paulo,Mooca,Zona Leste,Apartamento,43,1,1,0,1988,38,2015,6002.46,258105.78
SP-003466,SP,São Paulo,Santana,Zona Norte,Casa,136,3,2,2,1976,50,2017,5740.96,780770.56
SP-003467,SP,São Paulo,Brooklin,Zona Sul,Apartamento,85,3,2,2,2000,26,2021,11103.89,943830.65
SP-003468,SP,São Paulo,Saúde,Zona Sul,Apartamento,52,3,2,1,2024,2,2025,11814.94,614376.88
SP-003469,SP,São Paulo,Morumbi,Zona Sul,Apartamento,51,2,2,1,2007,19,2015,5655.9,288450.9
SP-003470,SP,São Paulo,Mooca,Zona Leste,Apartamento,102,3,3,2,2001,25,2020,8594.37,876625.74
SP-003471,SP,São Paulo,Jardim Paulista,Zona Oeste,Apartamento,48,1,1,1,2005,21,2024,15665.71,751954.08
SP-003472,SP,São Paulo,Moema,Zona Sul,Apartamento,75,2,1,1,2023,3,2019,14656.71,1099253.25
SP-003473,SP,São Paulo,Vila Mariana,Zona Sul,Apartamento,56,2,2,2,2005,21,2022,11146.32,624193.92
SP-003474,SP,São Paulo,Aclimação,Centro/Sul,Apartamento,105,3,3,1,2012,14,2022,9409.51,987998.55
SP-003475,SP,São Paulo,Saúde,Zona Sul,Casa,160,3,4,2,2015,11,2019,7192.45,1150792.0
SP-003476,SP,São Paulo,Jardim Paulista,Zona Oeste,Apartamento,84,2,2,1,1990,36,2022,13089.88,1099549.92
SP-003477,SP,São Paulo,Mooca,Zona Leste,Apartamento,44,1,1,0,2020,6,2018,7920.0,348480.0
SP-003478,SP,São Paulo,Morumbi,Zona Sul,Apartamento,100,4,3,2,2008,18,2026,8581.23,858123.0
SP-003479,SP,São Paulo,Lapa,Zona Oeste,Apartamento,56,2,1,1,2012,14,2016,7167.64,401387.84
SP-003480,SP,São Paulo,Saúde,Zona Sul,Casa,123,3,3,1,1990,36,2015,5776.74,710539.02
SP-003481,SP,São Paulo,Morumbi,Zona Sul,Casa,108,3,3,3,2025,1,2025,10297.51,1112131.08
SP-003482,SP,São Paulo,Lapa,Zona Oeste,Apartamento,62,2,1,2,1999,27,2013,5733.73,355491.26
SP-003483,SP,São Paulo,Ipiranga,Zona Sul,Apartamento,127,2,3,2,2007,19,2023,8784.27,1115602.29
SP-003484,SP,São Paulo,Itaim Bibi,Zona Sul/Oeste,Apartamento,96,3,3,2,2006,20,2025,16392.15,1573646.4
SP-003485,SP,São Paulo,Brooklin,Zona Sul,Apartamento,107,3,3,3,2020,6,2017,12185.56,1303854.92
SP-003486,SP,São Paulo,Vila Mariana,Zona Sul,Apartamento,55,2,1,1,2012,14,2023,12990.7,714488.5
SP-003487,SP,São Paulo,Pinheiros,Zona Oeste,Apartamento,48,1,1,0,2020,6,2020,12237.64,587406.72
SP-003488,SP,São Paulo,Santana,Zona Norte,Casa,138,3,3,2,2006,20,2021,7242.41,999452.58
SP-003489,SP,São Paulo,Itaim Bibi,Zona Sul/Oeste,Apartamento,51,2,2,1,1983,43,2017,11080.92,565126.92
SP-003490,SP,São Paulo,Lapa,Zona Oeste,Apartamento,184,3,5,3,2023,3,2018,9741.39,1792415.76
SP-003491,SP,São Paulo,Bela Vista,Centro/Sul,Apartamento,49,1,1,0,2013,13,2013,5776.02,283024.98
SP-003492,SP,São Paulo,Tatuapé,Zona Leste,Casa,117,3,3,2,2007,19,2022,8208.42,960385.14
SP-003493,SP,São Paulo,Pinheiros,Zona Oeste,Apartamento,86,3,2,2,2010,16,2021,11774.2,1012581.2
SP-003494,SP,São Paulo,Brooklin,Zona Sul,Apartamento,76,3,2,1,2021,5,2025,14775.55,1122941.8
SP-003495,SP,São Paulo,Jardim Paulista,Zona Oeste,Apartamento,102,3,3,2,2022,4,2014,13327.56,1359411.12
SP-003496,SP,São Paulo,Brooklin,Zona Sul,Casa,116,3,2,2,2005,21,2023,10998.57,1275834.12
SP-003497,SP,São Paulo,Ipiranga,Zona Sul,Casa,119,2,3,1,2008,18,2025,8097.96,963657.24
SP-003498,SP,São Paulo,Lapa,Zona Oeste,Casa,201,5,3,3,2008,18,2015,6962.17,1399396.17
SP-003499,SP,São Paulo,Brooklin,Zona Sul,Cobertura,324,4,3,3,2023,3,2023,21657.47,7017020.28
SP-003500,SP,São Paulo,Campo Belo,Zona Sul,Apartamento,71,2,1,1,1989,37,2023,11884.31,843786.01
SP-003501,SP,São Paulo,Mooca,Zona Leste,Casa,162,4,3,3,2009,17,2022,8005.18,1296839.16
SP-003502,SP,São Paulo,Perdizes,Zona Oeste,Casa,86,3,2,2,1999,27,2013,7038.91,605346.26
SP-003503,SP,São Paulo,Campo Belo,Zona Sul,Apartamento,64,2,2,1,2025,1,2023,13650.75,873648.0
SP-003504,SP,São Paulo,Ipiranga,Zona Sul,Apartamento,80,3,1,1,2024,2,2025,10718.18,857454.4
SP-003505,SP,São Paulo,Vila Madalena,Zona Oeste,Casa,83,3,2,2,2017,9,2022,13288.44,1102940.52
SP-003506,SP,São Paulo,Mooca,Zona Leste,Casa,126,4,3,2,2006,20,2022,8148.49,1026709.74
SP-003507,SP,São Paulo,Brooklin,Zona Sul,Apartamento,40,1,1,1,2015,11,2024,12376.7,495068.0
SP-003508,SP,São Paulo,Brooklin,Zona Sul,Apartamento,56,2,2,1,2020,6,2020,12726.42,712679.52
SP-003509,SP,São Paulo,Campo Belo,Zona Sul,Apartamento,43,1,1,0,2015,11,2025,11780.44,506558.92
SP-003510,SP,São Paulo,Perdizes,Zona Oeste,Apartamento,69,3,2,1,2024,2,2018,12404.09,855882.21
SP-003511,SP,São Paulo,Vila Mariana,Zona Sul,Casa,128,3,3,2,2015,11,2022,10661.28,1364643.84
SP-003512,SP,São Paulo,Aclimação,Centro/Sul,Apartamento,62,2,1,2,2025,1,2020,12295.89,762345.18
SP-003513,SP,São Paulo,Moema,Zona Sul,Casa,92,3,3,2,2017,9,2021,14079.73,1295335.16
SP-003514,SP,São Paulo,Tatuapé,Zona Leste,Casa,173,4,4,2,2009,17,2020,8285.07,1433317.11
SP-003515,SP,São Paulo,Ipiranga,Zona Sul,Apartamento,127,3,2,2,2021,5,2013,6483.25,823372.75
SP-003516,SP,São Paulo,Bela Vista,Centro/Sul,Cobertura,157,3,5,3,2000,26,2014,9671.26,1518387.82
SP-003517,SP,São Paulo,Tatuapé,Zona Leste,Apartamento,109,3,3,2,1978,48,2024,7893.74,860417.66
SP-003518,SP,São Paulo,Brooklin,Zona Sul,Casa,97,3,3,2,1984,42,2019,7892.82,765603.54
SP-003519,SP,São Paulo,Perdizes,Zona Oeste,Apartamento,136,2,2,2,2009,17,2016,9405.38,1279131.68
SP-003520,SP,São Paulo,Brooklin,Zona Sul,Apartamento,38,1,1,0,2019,7,2015,10161.38,386132.44
SP-003521,SP,São Paulo,Perdizes,Zona Oeste,Apartamento,49,1,1,0,2006,20,2017,8276.36,405541.64
SP-003522,SP,São Paulo,Ipiranga,Zona Sul,Apartamento,77,2,2,2,1989,37,2019,7260.09,559026.93
SP-003523,SP,São Paulo,Brooklin,Zona Sul,Apartamento,55,3,1,1,2017,9,2026,14468.44,795764.2
SP-003524,SP,São Paulo,Santana,Zona Norte,Cobertura,182,4,4,2,1997,29,2026,11270.13,2051163.66
SP-003525,SP,São Paulo,Perdizes,Zona Oeste,Apartamento,62,2,2,1,1999,27,2013,7717.4,478478.8
SP-003526,SP,São Paulo,Lapa,Zona Oeste,Apartamento,39,1,1,0,1992,34,2019,6802.85,265311.15
SP-003527,SP,São Paulo,Saúde,Zona Sul,Casa,153,4,4,2,2020,6,2021,7692.27,1176917.31
SP-003528,SP,São Paulo,Saúde,Zona Sul,Apartamento,44,1,1,0,2019,7,2014,6788.52,298694.88
SP-003529,SP,São Paulo,Ipiranga,Zona Sul,Apartamento,168,5,4,2,1993,33,2020,7554.48,1269152.64
SP-003530,SP,São Paulo,Vila Madalena,Zona Oeste,Casa,140,5,5,5,2015,11,2018,11748.11,1644735.4
SP-003531,SP,São Paulo,Lapa,Zona Oeste,Apartamento,146,4,4,5,1985,41,2015,6544.44,955488.24
SP-003532,SP,São Paulo,Perdizes,Zona Oeste,Apartamento,85,3,3,2,1978,48,2023,10066.28,855633.8
SP-003533,SP,São Paulo,Morumbi,Zona Sul,Casa,83,2,2,1,2015,11,2013,5221.72,433402.76
SP-003534,SP,São Paulo,Itaim Bibi,Zona Sul/Oeste,Cobertura,333,4,5,3,2002,24,2019,19727.59,6569287.47
SP-003535,SP,São Paulo,Campo Belo,Zona Sul,Apartamento,109,3,2,2,2004,22,2023,13125.96,1430729.64
SP-003536,SP,São Paulo,Vila Madalena,Zona Oeste,Cobertura,145,5,4,2,2011,15,2013,13948.88,2022587.6
SP-003537,SP,São Paulo,Santana,Zona Norte,Casa,123,4,2,2,2024,2,2023,9792.59,1204488.57
SP-003538,SP,São Paulo,Moema,Zona Sul,Apartamento,57,3,2,1,2018,8,2021,15150.29,863566.53
SP-003539,SP,São Paulo,Itaim Bibi,Zona Sul/Oeste,Apartamento,36,1,1,0,2004,22,2018,12427.44,447387.84
SP-003540,SP,São Paulo,Campo Belo,Zona Sul,Apartamento,61,2,2,1,1997,29,2014,8259.33,503819.13
SP-003541,SP,São Paulo,Vila Mariana,Zona Sul,Cobertura,279,4,3,2,2014,12,2026,18994.76,5299538.04
SP-003542,SP,São Paulo,Ipiranga,Zona Sul,Apartamento,63,3,2,2,2009,17,2023,8951.59,563950.17
SP-003543,SP,São Paulo,Santana,Zona Norte,Apartamento,76,2,2,2,2023,3,2020,8927.48,678488.48
SP-003544,SP,São Paulo,Perdizes,Zona Oeste,Apartamento,39,1,1,1,1983,43,2017,8198.47,319740.33
SP-003545,SP,São Paulo,Jardim Paulista,Zona Oeste,Apartamento,37,1,1,0,1998,28,2019,11460.81,424049.97
SP-003546,SP,São Paulo,Aclimação,Centro/Sul,Apartamento,49,1,1,0,1997,29,2019,8119.07,397834.43
SP-003547,SP,São Paulo,Pinheiros,Zona Oeste,Casa,82,2,2,2,2025,1,2024,16540.3,1356304.6
SP-003548,SP,São Paulo,Campo Belo,Zona Sul,Casa,279,4,3,2,2017,9,2026,14509.48,4048144.92
SP-003549,SP,São Paulo,Moema,Zona Sul,Apartamento,61,3,1,2,2018,8,2023,16549.87,1009542.07
SP-003550,SP,São Paulo,Vila Madalena,Zona Oeste,Apartamento,41,1,1,0,1985,41,2022,9641.14,395286.74
SP-003551,SP,São Paulo,Brooklin,Zona Sul,Apartamento,115,4,3,1,1992,34,2026,12116.06,1393346.9
SP-003552,SP,São Paulo,Moema,Zona Sul,Apartamento,131,4,3,2,2020,6,2025,18793.44,2461940.64
SP-003553,SP,São Paulo,Tatuapé,Zona Leste,Casa,85,3,2,2,1998,28,2022,7982.56,678517.6
SP-003554,SP,São Paulo,Vila Madalena,Zona Oeste,Apartamento,118,3,3,2,2017,9,2019,11978.49,1413461.82
SP-003555,SP,São Paulo,Bela Vista,Centro/Sul,Apartamento,120,3,2,2,1997,29,2016,6906.25,828750.0
SP-003556,SP,São Paulo,Aclimação,Centro/Sul,Apartamento,34,1,1,0,1976,50,2020,6545.55,222548.7
SP-003557,SP,São Paulo,Lapa,Zona Oeste,Cobertura,133,3,2,2,2021,5,2021,14334.42,1906477.86
SP-003558,SP,São Paulo,Lapa,Zona Oeste,Apartamento,82,2,2,1,2001,25,2015,6189.81,507564.42
SP-003559,SP,São Paulo,Moema,Zona Sul,Casa,93,2,3,2,1992,34,2023,12155.34,1130446.62
SP-003560,SP,São Paulo,Pinheiros,Zona Oeste,Apartamento,101,4,3,2,1993,33,2015,10993.57,1110350.57
SP-003561,SP,São Paulo,Santana,Zona Norte,Apartamento,140,4,5,3,2002,24,2020,8406.3,1176882.0
SP-003562,SP,São Paulo,Jardim Paulista,Zona Oeste,Apartamento,47,1,1,0,2014,12,2016,11497.17,540366.99
SP-003563,SP,São Paulo,Itaim Bibi,Zona Sul/Oeste,Apartamento,32,1,1,1,1987,39,2020,14654.63,468948.16
SP-003564,SP,São Paulo,Aclimação,Centro/Sul,Apartamento,130,2,2,2,2022,4,2015,8976.06,1166887.8
SP-003565,SP,São Paulo,Pinheiros,Zona Oeste,Apartamento,34,1,1,0,1982,44,2020,10221.67,347536.78
SP-003566,SP,São Paulo,Vila Mariana,Zona Sul,Casa,363,4,5,2,2024,2,2022,12590.83,4570471.29
SP-003567,SP,São Paulo,Perdizes,Zona Oeste,Apartamento,43,1,1,0,2008,18,2021,10460.14,449786.02
SP-003568,SP,São Paulo,Ipiranga,Zona Sul,Casa,154,4,3,3,2020,6,2014,6616.66,1018965.64
SP-003569,SP,São Paulo,Jardim Paulista,Zona Oeste,Apartamento,46,1,1,0,2022,4,2015,11660.84,536398.64
SP-003570,SP,São Paulo,Bela Vista,Centro/Sul,Cobertura,168,3,4,4,2002,24,2020,13673.44,2297137.92
SP-003571,SP,São Paulo,Pinheiros,Zona Oeste,Apartamento,39,1,1,0,2006,20,2021,12558.16,489768.24
SP-003572,SP,São Paulo,Ipiranga,Zona Sul,Apartamento,40,1,1,1,2004,22,2016,6247.51,249900.4
SP-003573,SP,São Paulo,Morumbi,Zona Sul,Apartamento,59,3,1,1,2012,14,2021,8239.54,486132.86
SP-003574,SP,São Paulo,Vila Mariana,Zona Sul,Apartamento,53,2,2,2,1991,35,2022,10189.11,540022.83
SP-003575,SP,São Paulo,Tatuapé,Zona Leste,Apartamento,49,2,1,1,1990,36,2018,7154.34,350562.66
SP-003576,SP,São Paulo,Itaim Bibi,Zona Sul/Oeste,Casa,359,3,3,3,2007,19,2014,10326.07,3707059.13
SP-003577,SP,São Paulo,Vila Mariana,Zona Sul,Casa,85,3,3,2,2020,6,2021,11955.78,1016241.3
SP-003578,SP,São Paulo,Bela Vista,Centro/Sul,Apartamento,47,1,1,0,2018,8,2022,9203.43,432561.21
SP-003579,SP,São Paulo,Santana,Zona Norte,Apartamento,80,3,2,1,2015,11,2020,7563.38,605070.4
SP-003580,SP,São Paulo,Tatuapé,Zona Leste,Apartamento,53,2,1,2,1982,44,2020,7271.99,385415.47
SP-003581,SP,São Paulo,Bela Vista,Centro/Sul,Apartamento,56,3,2,1,2009,17,2026,9335.62,522794.72
SP-003582,SP,São Paulo,Itaim Bibi,Zona Sul/Oeste,Apartamento,40,2,1,1,1997,29,2013,10459.87,418394.8
SP-003583,SP,São Paulo,Saúde,Zona Sul,Apartamento,110,3,3,2,1986,40,2013,5867.31,645404.1
SP-003584,SP,São Paulo,Brooklin,Zona Sul,Casa,206,4,4,5,2021,5,2022,15001.43,3090294.58
SP-003585,SP,São Paulo,Saúde,Zona Sul,Casa,81,2,1,1,2020,6,2014,6116.56,495441.36
SP-003586,SP,São Paulo,Ipiranga,Zona Sul,Apartamento,33,2,1,0,1994,32,2024,7482.49,246922.17
SP-003587,SP,São Paulo,Vila Madalena,Zona Oeste,Apartamento,84,3,2,1,2024,2,2013,11409.29,958380.36
SP-003588,SP,São Paulo,Campo Belo,Zona Sul,Apartamento,62,3,2,2,1983,43,2023,10926.62,677450.44
SP-003589,SP,São Paulo,Itaim Bibi,Zona Sul/Oeste,Casa,88,3,3,3,1995,31,2022,14602.8,1285046.4
SP-003590,SP,São Paulo,Morumbi,Zona Sul,Cobertura,126,3,3,2,2015,11,2020,11404.48,1436964.48
SP-003591,SP,São Paulo,Pinheiros,Zona Oeste,Apartamento,47,1,1,0,1991,35,2015,9240.59,434307.73
SP-003592,SP,São Paulo,Itaim Bibi,Zona Sul/Oeste,Cobertura,175,4,4,3,2003,23,2026,26865.56,4701473.0
SP-003593,SP,São Paulo,Vila Mariana,Zona Sul,Apartamento,67,2,1,1,2008,18,2023,12255.05,821088.35
SP-003594,SP,São Paulo,Perdizes,Zona Oeste,Apartamento,317,4,4,3,1992,34,2024,11961.45,3791779.65
SP-003595,SP,São Paulo,Morumbi,Zona Sul,Apartamento,58,3,2,1,2011,15,2026,8798.45,510310.1
SP-003596,SP,São Paulo,Morumbi,Zona Sul,Apartamento,182,4,3,5,2021,5,2025,10440.27,1900129.14
SP-003597,SP,São Paulo,Moema,Zona Sul,Apartamento,33,1,1,1,1985,41,2017,9467.34,312422.22
SP-003598,SP,São Paulo,Ipiranga,Zona Sul,Apartamento,51,2,2,1,2010,16,2025,8287.74,422674.74
SP-003599,SP,São Paulo,Perdizes,Zona Oeste,Apartamento,104,3,2,2,2012,14,2025,13084.44,1360781.76
SP-003600,SP,São Paulo,Perdizes,Zona Oeste,Apartamento,42,1,1,1,1979,47,2015,7508.18,315343.56
SP-003601,SP,São Paulo,Lapa,Zona Oeste,Casa,156,4,4,5,2014,12,2024,9122.03,1423036.68
SP-003602,SP,São Paulo,Saúde,Zona Sul,Casa,194,4,4,4,2007,19,2024,9914.48,1923409.12
SP-003603,SP,São Paulo,Saúde,Zona Sul,Casa,84,2,2,1,1991,35,2023,7437.79,624774.36
SP-003604,SP,São Paulo,Tatuapé,Zona Leste,Cobertura,230,3,4,2,1980,46,2018,9622.14,2213092.2
SP-003605,SP,São Paulo,Aclimação,Centro/Sul,Apartamento,36,1,1,1,2010,16,2019,8216.47,295792.92
SP-003606,SP,São Paulo,Saúde,Zona Sul,Apartamento,151,4,4,3,2011,15,2026,11153.84,1684229.84
SP-003607,SP,São Paulo,Brooklin,Zona Sul,Apartamento,43,1,1,1,2017,9,2017,10981.11,472187.73
SP-003608,SP,São Paulo,Moema,Zona Sul,Casa,119,3,2,1,2000,26,2022,12634.12,1503460.28
SP-003609,SP,São Paulo,Perdizes,Zona Oeste,Casa,118,2,3,2,2015,11,2015,8815.74,1040257.32
SP-003610,SP,São Paulo,Mooca,Zona Leste,Casa,106,2,2,2,1981,45,2013,4930.55,522638.3
SP-003611,SP,São Paulo,Ipiranga,Zona Sul,Casa,123,3,2,3,1993,33,2021,7439.09,915008.07
SP-003612,SP,São Paulo,Brooklin,Zona Sul,Apartamento,44,1,1,1,2013,13,2026,13907.59,611933.96
SP-003613,SP,São Paulo,Perdizes,Zona Oeste,Apartamento,33,1,1,0,1999,27,2013,7413.51,244645.83
SP-003614,SP,São Paulo,Tatuapé,Zona Leste,Apartamento,35,1,1,0,2006,20,2018,7872.26,275529.1
SP-003615,SP,São Paulo,Tatuapé,Zona Leste,Apartamento,72,2,1,1,1999,27,2019,7399.08,532733.76
SP-003616,SP,São Paulo,Itaim Bibi,Zona Sul/Oeste,Apartamento,112,3,3,1,2024,2,2013,13718.96,1536523.52
SP-003617,SP,São Paulo,Perdizes,Zona Oeste,Apartamento,82,2,2,1,1997,29,2024,11278.4,924828.8
SP-003618,SP,São Paulo,Lapa,Zona Oeste,Apartamento,37,2,1,0,2019,7,2023,9159.54,338902.98
SP-003619,SP,São Paulo,Pinheiros,Zona Oeste,Cobertura,121,3,2,2,2024,2,2024,25976.41,3143145.61
SP-003620,SP,São Paulo,Ipiranga,Zona Sul,Cobertura,125,3,3,3,1988,38,2015,8481.67,1060208.75
SP-003621,SP,São Paulo,Jardim Paulista,Zona Oeste,Apartamento,49,2,1,0,2024,2,2021,15998.01,783902.49
SP-003622,SP,São Paulo,Bela Vista,Centro/Sul,Apartamento,65,3,1,1,2015,11,2020,9034.25,587226.25
SP-003623,SP,São Paulo,Tatuapé,Zona Leste,Casa,97,3,3,2,2010,16,2016,7467.77,724373.69
SP-003624,SP,São Paulo,Saúde,Zona Sul,Apartamento,35,1,1,0,2005,21,2014,5527.02,193445.7
SP-003625,SP,São Paulo,Lapa,Zona Oeste,Apartamento,48,1,1,1,2003,23,2015,6931.81,332726.88
SP-003626,SP,São Paulo,Pinheiros,Zona Oeste,Apartamento,162,3,3,4,2025,1,2020,16680.35,2702216.7
SP-003627,SP,São Paulo,Campo Belo,Zona Sul,Apartamento,63,3,2,2,2009,17,2020,10621.71,669167.73
SP-003628,SP,São Paulo,Pinheiros,Zona Oeste,Apartamento,96,4,2,2,2016,10,2014,11565.48,1110286.08
SP-003629,SP,São Paulo,Vila Mariana,Zona Sul,Apartamento,110,3,3,1,1992,34,2022,9808.07,1078887.7
SP-003630,SP,São Paulo,Itaim Bibi,Zona Sul/Oeste,Apartamento,36,1,1,1,1993,33,2023,15132.63,544774.68
SP-003631,SP,São Paulo,Moema,Zona Sul,Apartamento,102,4,3,2,1992,34,2018,11719.78,1195417.56
SP-003632,SP,São Paulo,Jardim Paulista,Zona Oeste,Apartamento,35,2,1,1,2022,4,2023,17021.94,595767.9
SP-003633,SP,São Paulo,Itaim Bibi,Zona Sul/Oeste,Apartamento,54,2,2,1,1979,47,2023,14051.34,758772.36
SP-003634,SP,São Paulo,Bela Vista,Centro/Sul,Apartamento,36,2,1,0,2017,9,2013,6598.22,237535.92
SP-003635,SP,São Paulo,Vila Mariana,Zona Sul,Apartamento,50,3,1,1,2017,9,2025,13580.54,679027.0
SP-003636,SP,São Paulo,Santana,Zona Norte,Cobertura,355,4,4,5,1994,32,2014,8577.28,3044934.4
SP-003637,SP,São Paulo,Jardim Paulista,Zona Oeste,Apartamento,116,3,3,3,2017,9,2023,17294.4,2006150.4
SP-003638,SP,São Paulo,Itaim Bibi,Zona Sul/Oeste,Apartamento,37,2,1,0,2017,9,2024,15115.82,559285.34
SP-003639,SP,São Paulo,Itaim Bibi,Zona Sul/Oeste,Apartamento,62,2,2,1,2023,3,2021,17356.75,1076118.5
SP-003640,SP,São Paulo,Jardim Paulista,Zona Oeste,Apartamento,66,2,1,1,2007,19,2020,14772.25,974968.5
SP-003641,SP,São Paulo,Saúde,Zona Sul,Apartamento,94,4,2,1,2016,10,2015,6550.53,615749.82
SP-003642,SP,São Paulo,Tatuapé,Zona Leste,Apartamento,43,1,1,0,2009,17,2025,9555.92,410904.56
SP-003643,SP,São Paulo,Itaim Bibi,Zona Sul/Oeste,Apartamento,36,1,1,1,2020,6,2016,13721.2,493963.2
SP-003644,SP,São Paulo,Saúde,Zona Sul,Apartamento,55,2,2,2,2025,1,2018,9760.74,536840.7
SP-003645,SP,São Paulo,Lapa,Zona Oeste,Apartamento,116,3,2,2,1989,37,2015,6144.82,712799.12
SP-003646,SP,São Paulo,Itaim Bibi,Zona Sul/Oeste,Apartamento,132,4,3,2,2017,9,2021,16676.24,2201263.68
SP-003647,SP,São Paulo,Lapa,Zona Oeste,Apartamento,53,2,2,1,2005,21,2022,8652.9,458603.7
SP-003648,SP,São Paulo,Perdizes,Zona Oeste,Apartamento,306,4,4,4,2021,5,2013,11400.63,3488592.78
SP-003649,SP,São Paulo,Campo Belo,Zona Sul,Apartamento,170,5,3,2,2025,1,2015,11136.5,1893205.0
SP-003650,SP,São Paulo,Bela Vista,Centro/Sul,Apartamento,64,3,1,1,2002,24,2023,9139.68,584939.52
SP-003651,SP,São Paulo,Campo Belo,Zona Sul,Apartamento,45,2,1,0,1980,46,2013,7000.89,315040.05
SP-003652,SP,São Paulo,Perdizes,Zona Oeste,Apartamento,79,3,2,1,2014,12,2015,9392.22,741985.38
SP-003653,SP,São Paulo,Lapa,Zona Oeste,Apartamento,35,1,1,1,2020,6,2018,8428.14,294984.9
SP-003654,SP,São Paulo,Morumbi,Zona Sul,Apartamento,97,2,2,3,1991,35,2021,8424.85,817210.45
SP-003655,SP,São Paulo,Bela Vista,Centro/Sul,Apartamento,59,2,2,2,2017,9,2022,10258.19,605233.21
SP-003656,SP,São Paulo,Aclimação,Centro/Sul,Apartamento,55,3,1,1,2023,3,2022,12106.34,665848.7
SP-003657,SP,São Paulo,Moema,Zona Sul,Casa,83,3,1,1,2019,7,2016,11659.9,967771.7
SP-003658,SP,São Paulo,Saúde,Zona Sul,Casa,107,3,3,2,1985,41,2016,5962.52,637989.64
SP-003659,SP,São Paulo,Bela Vista,Centro/Sul,Apartamento,78,2,1,1,1979,47,2022,7665.33,597895.74
SP-003660,SP,São Paulo,Tatuapé,Zona Leste,Apartamento,66,3,1,1,2002,24,2025,9466.91,624816.06
SP-003661,SP,São Paulo,Jardim Paulista,Zona Oeste,Apartamento,141,4,4,3,2014,12,2013,12435.14,1753354.74
SP-003662,SP,São Paulo,Morumbi,Zona Sul,Apartamento,41,2,1,0,1998,28,2019,5555.8,227787.8
SP-003663,SP,São Paulo,Vila Mariana,Zona Sul,Casa,84,2,2,1,2003,23,2017,8765.3,736285.2
SP-003664,SP,São Paulo,Mooca,Zona Leste,Apartamento,45,1,1,0,2025,1,2014,7293.68,328215.6
SP-003665,SP,São Paulo,Jardim Paulista,Zona Oeste,Apartamento,39,2,1,1,2024,2,2023,18564.48,724014.72
SP-003666,SP,São Paulo,Vila Madalena,Zona Oeste,Apartamento,55,2,2,1,2008,18,2020,10821.32,595172.6
SP-003667,SP,São Paulo,Pinheiros,Zona Oeste,Apartamento,88,3,3,2,2005,21,2026,15704.02,1381953.76
SP-003668,SP,São Paulo,Bela Vista,Centro/Sul,Casa,151,4,3,3,2025,1,2021,9723.48,1468245.48
SP-003669,SP,São Paulo,Vila Mariana,Zona Sul,Apartamento,41,2,1,0,2006,20,2026,11192.93,458910.13
SP-003670,SP,São Paulo,Mooca,Zona Leste,Apartamento,137,3,3,3,1994,32,2022,8668.81,1187626.97
SP-003671,SP,São Paulo,Saúde,Zona Sul,Apartamento,43,2,1,0,1990,36,2015,5606.19,241066.17
SP-003672,SP,São Paulo,Vila Mariana,Zona Sul,Apartamento,64,2,2,2,1995,31,2025,11726.1,750470.4
SP-003673,SP,São Paulo,Saúde,Zona Sul,Apartamento,107,3,3,3,2014,12,2019,8244.28,882137.96
SP-003674,SP,São Paulo,Morumbi,Zona Sul,Apartamento,85,3,3,2,2025,1,2021,9818.33,834558.05
SP-003675,SP,São Paulo,Campo Belo,Zona Sul,Apartamento,62,2,2,2,1986,40,2014,8441.03,523343.86
SP-003676,SP,São Paulo,Aclimação,Centro/Sul,Casa,102,3,2,1,2016,10,2024,9423.23,961169.46
SP-003677,SP,São Paulo,Perdizes,Zona Oeste,Apartamento,43,1,1,1,2023,3,2019,12902.02,554786.86
SP-003678,SP,São Paulo,Pinheiros,Zona Oeste,Apartamento,63,3,1,2,1981,45,2024,12307.7,775385.1
SP-003679,SP,São Paulo,Aclimação,Centro/Sul,Apartamento,88,3,3,2,1986,40,2021,8670.82,763032.16
SP-003680,SP,São Paulo,Itaim Bibi,Zona Sul/Oeste,Casa,204,3,5,3,2004,22,2025,16950.07,3457814.28
SP-003681,SP,São Paulo,Itaim Bibi,Zona Sul/Oeste,Casa,162,4,4,2,2014,12,2023,13435.4,2176534.8
SP-003682,SP,São Paulo,Jardim Paulista,Zona Oeste,Apartamento,100,3,3,2,1984,42,2023,14520.17,1452017.0
SP-003683,SP,São Paulo,Itaim Bibi,Zona Sul/Oeste,Apartamento,37,1,1,0,2015,11,2024,13548.91,501309.67
SP-003684,SP,São Paulo,Saúde,Zona Sul,Apartamento,137,3,3,1,1992,34,2013,5273.91,722525.67
SP-003685,SP,São Paulo,Mooca,Zona Leste,Cobertura,164,4,4,2,2001,25,2016,10373.39,1701235.96
SP-003686,SP,São Paulo,Saúde,Zona Sul,Apartamento,75,2,2,1,2001,25,2024,9037.21,677790.75
SP-003687,SP,São Paulo,Aclimação,Centro/Sul,Casa,168,3,3,2,1996,30,2025,8811.07,1480259.76
SP-003688,SP,São Paulo,Vila Mariana,Zona Sul,Apartamento,35,1,1,1,1984,42,2014,6916.94,242092.9
SP-003689,SP,São Paulo,Tatuapé,Zona Leste,Casa,293,4,4,3,1999,27,2024,9039.92,2648696.56
SP-003690,SP,São Paulo,Vila Mariana,Zona Sul,Apartamento,91,3,3,2,1994,32,2024,10640.18,968256.38
SP-003691,SP,São Paulo,Vila Madalena,Zona Oeste,Casa,98,3,3,2,1991,35,2024,12035.16,1179445.68
SP-003692,SP,São Paulo,Aclimação,Centro/Sul,Apartamento,121,4,3,1,1985,41,2014,6006.15,726744.15
SP-003693,SP,São Paulo,Perdizes,Zona Oeste,Apartamento,53,2,1,2,1992,34,2017,9907.5,525097.5
SP-003694,SP,São Paulo,Perdizes,Zona Oeste,Casa,120,3,3,2,1982,44,2016,7838.36,940603.2
SP-003695,SP,São Paulo,Moema,Zona Sul,Apartamento,34,1,1,0,1996,30,2018,10109.96,343738.64
SP-003696,SP,São Paulo,Mooca,Zona Leste,Apartamento,39,2,1,0,2021,5,2024,9800.05,382201.95
SP-003697,SP,São Paulo,Saúde,Zona Sul,Apartamento,37,1,1,1,2022,4,2024,9015.37,333568.69
SP-003698,SP,São Paulo,Tatuapé,Zona Leste,Apartamento,60,3,1,2,2008,18,2021,9292.31,557538.6
SP-003699,SP,São Paulo,Itaim Bibi,Zona Sul/Oeste,Apartamento,255,4,4,4,2016,10,2018,15652.98,3991509.9
SP-003700,SP,São Paulo,Itaim Bibi,Zona Sul/Oeste,Casa,174,3,5,3,1996,30,2021,13984.85,2433363.9
SP-003701,SP,São Paulo,Saúde,Zona Sul,Cobertura,132,3,3,2,1998,28,2019,10863.11,1433930.52
SP-003702,SP,São Paulo,Ipiranga,Zona Sul,Apartamento,71,2,1,1,1987,39,2017,6610.71,469360.41
SP-003703,SP,São Paulo,Mooca,Zona Leste,Apartamento,101,2,2,3,2023,3,2025,12231.92,1235423.92
SP-003704,SP,São Paulo,Aclimação,Centro/Sul,Cobertura,217,3,3,4,2007,19,2026,17586.75,3816324.75
SP-003705,SP,São Paulo,Saúde,Zona Sul,Apartamento,74,2,1,2,1992,34,2020,7396.99,547377.26
SP-003706,SP,São Paulo,Pinheiros,Zona Oeste,Apartamento,33,2,1,0,2013,13,2018,11881.74,392097.42
SP-003707,SP,São Paulo,Bela Vista,Centro/Sul,Apartamento,63,2,2,1,2022,4,2015,7775.1,489831.3
SP-003708,SP,São Paulo,Moema,Zona Sul,Apartamento,105,3,3,2,2011,15,2023,16511.53,1733710.65
SP-003709,SP,São Paulo,Campo Belo,Zona Sul,Cobertura,122,3,2,1,2000,26,2014,11414.3,1392544.6
SP-003710,SP,São Paulo,Vila Madalena,Zona Oeste,Apartamento,41,1,1,0,2012,14,2015,8216.71,336885.11
SP-003711,SP,São Paulo,Mooca,Zona Leste,Apartamento,116,4,3,2,2022,4,2013,7001.09,812126.44
SP-003712,SP,São Paulo,Perdizes,Zona Oeste,Apartamento,33,1,1,1,2017,9,2020,12073.39,398421.87
SP-003713,SP,São Paulo,Brooklin,Zona Sul,Apartamento,126,3,3,2,2005,21,2026,14405.4,1815080.4
SP-003714,SP,São Paulo,Jardim Paulista,Zona Oeste,Apartamento,163,4,3,2,2016,10,2020,14745.65,2403540.95
SP-003715,SP,São Paulo,Vila Madalena,Zona Oeste,Apartamento,63,2,1,1,2012,14,2016,10767.44,678348.72
SP-003716,SP,São Paulo,Vila Mariana,Zona Sul,Apartamento,46,1,1,1,2020,6,2016,10107.86,464961.56
SP-003717,SP,São Paulo,Pinheiros,Zona Oeste,Apartamento,61,2,2,2,2024,2,2020,16391.85,999902.85
SP-003718,SP,São Paulo,Bela Vista,Centro/Sul,Casa,124,2,3,1,2012,14,2026,10503.98,1302493.52
SP-003719,SP,São Paulo,Perdizes,Zona Oeste,Apartamento,38,1,1,1,2014,12,2015,8913.98,338731.24
SP-003720,SP,São Paulo,Campo Belo,Zona Sul,Apartamento,67,2,2,2,2021,5,2014,10525.54,705211.18
SP-003721,SP,São Paulo,Tatuapé,Zona Leste,Apartamento,50,2,1,1,2019,7,2013,7251.63,362581.5
SP-003722,SP,São Paulo,Mooca,Zona Leste,Casa,91,2,3,2,1993,33,2026,7874.66,716594.06
SP-003723,SP,São Paulo,Lapa,Zona Oeste,Apartamento,59,2,1,1,1982,44,2015,5636.05,332526.95
SP-003724,SP,São Paulo,Jardim Paulista,Zona Oeste,Apartamento,118,3,3,1,2015,11,2022,13853.7,1634736.6
SP-003725,SP,São Paulo,Moema,Zona Sul,Apartamento,101,3,2,2,2010,16,2024,15055.86,1520641.86
SP-003726,SP,São Paulo,Tatuapé,Zona Leste,Apartamento,122,3,3,3,1999,27,2013,6948.45,847710.9
SP-003727,SP,São Paulo,Campo Belo,Zona Sul,Apartamento,121,3,2,2,2011,15,2020,12380.09,1497990.89
SP-003728,SP,São Paulo,Morumbi,Zona Sul,Apartamento,98,4,3,2,2000,26,2023,8231.24,806661.52
SP-003729,SP,São Paulo,Mooca,Zona Leste,Apartamento,81,2,1,1,2017,9,2022,8527.09,690694.29
SP-003730,SP,São Paulo,Moema,Zona Sul,Apartamento,72,2,1,1,2013,13,2025,14815.84,1066740.48
SP-003731,SP,São Paulo,Jardim Paulista,Zona Oeste,Apartamento,78,2,2,1,2019,7,2014,12352.54,963498.12
SP-003732,SP,São Paulo,Morumbi,Zona Sul,Apartamento,49,2,1,0,2020,6,2018,7060.4,345959.6
SP-003733,SP,São Paulo,Tatuapé,Zona Leste,Apartamento,78,2,2,1,1993,33,2022,9293.22,724871.16
SP-003734,SP,São Paulo,Vila Mariana,Zona Sul,Casa,109,2,3,1,2018,8,2024,11921.24,1299415.16
SP-003735,SP,São Paulo,Saúde,Zona Sul,Casa,130,4,3,3,2022,4,2018,7876.82,1023986.6
SP-003736,SP,São Paulo,Lapa,Zona Oeste,Apartamento,170,3,4,2,2009,17,2014,6760.52,1149288.4
SP-003737,SP,São Paulo,Tatuapé,Zona Leste,Casa,98,2,2,2,2003,23,2017,7662.24,750899.52
SP-003738,SP,São Paulo,Pinheiros,Zona Oeste,Apartamento,50,3,1,2,2015,11,2017,11488.64,574432.0
SP-003739,SP,São Paulo,Pinheiros,Zona Oeste,Apartamento,32,2,1,1,1994,32,2015,9371.63,299892.16
SP-003740,SP,São Paulo,Pinheiros,Zona Oeste,Apartamento,90,3,3,2,2001,25,2022,12949.35,1165441.5
SP-003741,SP,São Paulo,Ipiranga,Zona Sul,Apartamento,37,2,1,1,1988,38,2024,7932.44,293500.28
SP-003742,SP,São Paulo,Brooklin,Zona Sul,Apartamento,45,2,1,1,1992,34,2025,11539.87,519294.15
SP-003743,SP,São Paulo,Mooca,Zona Leste,Apartamento,37,1,1,1,1988,38,2018,7109.6,263055.2
SP-003744,SP,São Paulo,Perdizes,Zona Oeste,Casa,117,2,3,3,2018,8,2019,10964.36,1282830.12
SP-003745,SP,São Paulo,Mooca,Zona Leste,Apartamento,107,2,2,2,2007,19,2018,6977.38,746579.66
SP-003746,SP,São Paulo,Moema,Zona Sul,Apartamento,46,2,1,1,2012,14,2023,13309.31,612228.26
SP-003747,SP,São Paulo,Santana,Zona Norte,Apartamento,87,3,3,1,2015,11,2018,6332.53,550930.11
SP-003748,SP,São Paulo,Tatuapé,Zona Leste,Apartamento,41,1,1,0,2011,15,2016,7248.26,297178.66
SP-003749,SP,São Paulo,Ipiranga,Zona Sul,Apartamento,86,3,2,2,2015,11,2021,8399.67,722371.62
SP-003750,SP,São Paulo,Santana,Zona Norte,Apartamento,40,1,1,1,2010,16,2017,7031.24,281249.6
SP-003751,SP,São Paulo,Vila Madalena,Zona Oeste,Apartamento,62,2,2,1,1987,39,2021,12700.33,787420.46
SP-003752,SP,São Paulo,Saúde,Zona Sul,Apartamento,62,2,2,2,2000,26,2021,8058.77,499643.74
SP-003753,SP,São Paulo,Perdizes,Zona Oeste,Casa,234,4,3,3,1993,33,2026,10989.63,2571573.42
SP-003754,SP,São Paulo,Campo Belo,Zona Sul,Casa,187,4,4,3,2000,26,2026,12003.29,2244615.23
SP-003755,SP,São Paulo,Itaim Bibi,Zona Sul/Oeste,Apartamento,103,3,3,2,2015,11,2024,15696.16,1616704.48
SP-003756,SP,São Paulo,Mooca,Zona Leste,Cobertura,274,3,3,3,2000,26,2021,10883.77,2982152.98
SP-003757,SP,São Paulo,Vila Madalena,Zona Oeste,Apartamento,34,2,1,0,2023,3,2016,11459.02,389606.68
SP-003758,SP,São Paulo,Perdizes,Zona Oeste,Apartamento,65,2,2,1,1999,27,2016,8770.55,570085.75
SP-003759,SP,São Paulo,Bela Vista,Centro/Sul,Apartamento,36,2,1,0,2008,18,2021,8336.86,300126.96
SP-003760,SP,São Paulo,Tatuapé,Zona Leste,Casa,180,3,4,2,1978,48,2021,7500.92,1350165.6
SP-003761,SP,São Paulo,Aclimação,Centro/Sul,Apartamento,35,1,1,0,1986,40,2024,8208.81,287308.35
SP-003762,SP,São Paulo,Saúde,Zona Sul,Apartamento,72,2,1,1,1992,34,2019,6566.95,472820.4
SP-003763,SP,São Paulo,Morumbi,Zona Sul,Apartamento,90,2,3,2,1990,36,2026,8301.48,747133.2
SP-003764,SP,São Paulo,Jardim Paulista,Zona Oeste,Apartamento,56,2,2,2,2004,22,2020,14911.84,835063.04
SP-003765,SP,São Paulo,Perdizes,Zona Oeste,Casa,93,2,2,1,2022,4,2016,8671.58,806456.94
SP-003766,SP,São Paulo,Ipiranga,Zona Sul,Apartamento,98,4,3,1,2014,12,2017,6572.98,644152.04
SP-003767,SP,São Paulo,Tatuapé,Zona Leste,Apartamento,50,2,2,2,2022,4,2017,8561.27,428063.5
SP-003768,SP,São Paulo,Jardim Paulista,Zona Oeste,Apartamento,100,3,3,1,1999,27,2025,14439.58,1443958.0
SP-003769,SP,São Paulo,Itaim Bibi,Zona Sul/Oeste,Apartamento,58,3,2,1,1989,37,2015,11011.41,638661.78
SP-003770,SP,São Paulo,Saúde,Zona Sul,Apartamento,95,3,3,2,1981,45,2013,5243.91,498171.45
SP-003771,SP,São Paulo,Santana,Zona Norte,Apartamento,59,3,1,1,2017,9,2020,9010.13,531597.67
SP-003772,SP,São Paulo,Perdizes,Zona Oeste,Apartamento,210,5,4,3,1986,40,2014,8928.38,1874959.8
SP-003773,SP,São Paulo,Vila Mariana,Zona Sul,Casa,200,4,4,3,2015,11,2016,9956.12,1991224.0
SP-003774,SP,São Paulo,Brooklin,Zona Sul,Apartamento,51,2,1,1,2011,15,2022,12601.63,642683.13
SP-003775,SP,São Paulo,Brooklin,Zona Sul,Casa,83,2,2,1,2004,22,2023,10504.58,871880.14
SP-003776,SP,São Paulo,Moema,Zona Sul,Apartamento,37,1,1,0,2025,1,2017,13847.8,512368.6
SP-003777,SP,São Paulo,Tatuapé,Zona Leste,Apartamento,34,1,1,1,2007,19,2026,10108.12,343676.08
SP-003778,SP,São Paulo,Ipiranga,Zona Sul,Apartamento,45,1,1,0,2005,21,2025,8508.53,382883.85
SP-003779,SP,São Paulo,Tatuapé,Zona Leste,Casa,158,4,5,3,2009,17,2016,7696.98,1216122.84
SP-003780,SP,São Paulo,Saúde,Zona Sul,Casa,117,3,2,2,2021,5,2016,7311.52,855447.84
SP-003781,SP,São Paulo,Campo Belo,Zona Sul,Casa,118,2,3,2,1979,47,2023,9936.16,1172466.88
SP-003782,SP,São Paulo,Campo Belo,Zona Sul,Apartamento,46,1,1,0,2002,24,2024,10821.8,497802.8
SP-003783,SP,São Paulo,Perdizes,Zona Oeste,Cobertura,254,4,4,3,1999,27,2013,13297.88,3377661.52
SP-003784,SP,São Paulo,Saúde,Zona Sul,Apartamento,73,3,2,1,2005,21,2015,6104.94,445660.62
SP-003785,SP,São Paulo,Ipiranga,Zona Sul,Casa,94,3,2,2,2023,3,2021,8562.94,804916.36
SP-003786,SP,São Paulo,Tatuapé,Zona Leste,Apartamento,60,2,2,1,1980,46,2020,7266.62,435997.2
SP-003787,SP,São Paulo,Morumbi,Zona Sul,Apartamento,55,2,1,1,2014,12,2014,5886.93,323781.15
SP-003788,SP,São Paulo,Brooklin,Zona Sul,Apartamento,32,1,1,1,2020,6,2024,13695.56,438257.92
SP-003789,SP,São Paulo,Saúde,Zona Sul,Casa,147,3,3,3,2014,12,2015,6315.14,928325.58
SP-003790,SP,São Paulo,Bela Vista,Centro/Sul,Apartamento,83,2,1,1,2011,15,2023,8402.4,697399.2
SP-003791,SP,São Paulo,Aclimação,Centro/Sul,Apartamento,171,5,4,2,2018,8,2024,12798.26,2188502.46
SP-003792,SP,São Paulo,Lapa,Zona Oeste,Apartamento,191,4,3,3,2001,25,2025,9838.67,1879185.97
SP-003793,SP,São Paulo,Jardim Paulista,Zona Oeste,Apartamento,36,1,1,1,2019,7,2013,11119.28,400294.08
SP-003794,SP,São Paulo,Campo Belo,Zona Sul,Apartamento,75,2,2,1,2020,6,2019,11614.19,871064.25
SP-003795,SP,São Paulo,Lapa,Zona Oeste,Apartamento,50,2,2,1,2022,4,2019,8004.42,400221.0
SP-003796,SP,São Paulo,Jardim Paulista,Zona Oeste,Apartamento,52,2,1,1,1997,29,2025,13977.12,726810.24
SP-003797,SP,São Paulo,Jardim Paulista,Zona Oeste,Apartamento,54,3,1,1,2013,13,2015,11962.03,645949.62
SP-003798,SP,São Paulo,Ipiranga,Zona Sul,Apartamento,114,4,3,2,2021,5,2017,7668.5,874209.0
SP-003799,SP,São Paulo,Lapa,Zona Oeste,Apartamento,71,3,1,1,2005,21,2014,6647.9,472000.9
SP-003800,SP,São Paulo,Jardim Paulista,Zona Oeste,Apartamento,63,2,1,1,2009,17,2021,14679.33,924797.79
SP-003801,SP,São Paulo,Tatuapé,Zona Leste,Apartamento,82,2,1,1,2005,21,2019,8150.21,668317.22
SP-003802,SP,São Paulo,Itaim Bibi,Zona Sul/Oeste,Casa,125,2,3,1,2005,21,2017,11478.49,1434811.25
SP-003803,SP,São Paulo,Santana,Zona Norte,Apartamento,115,4,2,2,2000,26,2015,5940.66,683175.9
SP-003804,SP,São Paulo,Morumbi,Zona Sul,Apartamento,62,2,1,2,2002,24,2015,6717.14,416462.68
SP-003805,SP,São Paulo,Lapa,Zona Oeste,Apartamento,189,3,4,2,2020,6,2026,10073.6,1903910.4
SP-003806,SP,São Paulo,Pinheiros,Zona Oeste,Apartamento,67,2,1,1,1983,43,2015,9615.4,644231.8
SP-003807,SP,São Paulo,Pinheiros,Zona Oeste,Apartamento,32,1,1,0,2010,16,2014,9393.08,300578.56
SP-003808,SP,São Paulo,Pinheiros,Zona Oeste,Apartamento,46,2,1,1,2009,17,2013,10657.07,490225.22
SP-003809,SP,São Paulo,Campo Belo,Zona Sul,Apartamento,88,3,3,2,2007,19,2026,14242.66,1253354.08
SP-003810,SP,São Paulo,Tatuapé,Zona Leste,Apartamento,119,4,2,2,1988,38,2024,8588.69,1022054.11
SP-003811,SP,São Paulo,Ipiranga,Zona Sul,Apartamento,45,1,1,0,1979,47,2023,6590.16,296557.2
SP-003812,SP,São Paulo,Tatuapé,Zona Leste,Casa,85,3,3,3,1995,31,2016,7044.74,598802.9
SP-003813,SP,São Paulo,Itaim Bibi,Zona Sul/Oeste,Apartamento,116,4,3,2,1999,27,2014,9994.26,1159334.16
SP-003814,SP,São Paulo,Santana,Zona Norte,Apartamento,50,2,2,1,1992,34,2023,7314.36,365718.0
SP-003815,SP,São Paulo,Tatuapé,Zona Leste,Casa,241,3,4,3,1993,33,2015,6742.09,1624843.69
SP-003816,SP,São Paulo,Vila Madalena,Zona Oeste,Apartamento,51,3,2,1,2003,23,2015,10040.65,512073.15
SP-003817,SP,São Paulo,Brooklin,Zona Sul,Apartamento,71,2,2,1,2014,12,2021,11484.25,815381.75
SP-003818,SP,São Paulo,Lapa,Zona Oeste,Apartamento,44,1,1,0,2005,21,2023,8392.26,369259.44
SP-003819,SP,São Paulo,Lapa,Zona Oeste,Apartamento,40,1,1,0,2016,10,2021,8977.18,359087.2
SP-003820,SP,São Paulo,Aclimação,Centro/Sul,Apartamento,165,3,5,3,2016,10,2025,13001.96,2145323.4
SP-003821,SP,São Paulo,Aclimação,Centro/Sul,Casa,157,3,5,3,1995,31,2020,8049.91,1263835.87
SP-003822,SP,São Paulo,Ipiranga,Zona Sul,Cobertura,152,4,4,3,2013,13,2018,11686.67,1776373.84
SP-003823,SP,São Paulo,Pinheiros,Zona Oeste,Apartamento,35,1,1,0,2021,5,2025,14431.72,505110.2
SP-003824,SP,São Paulo,Perdizes,Zona Oeste,Casa,420,4,5,4,1988,38,2021,11018.18,4627635.6
SP-003825,SP,São Paulo,Itaim Bibi,Zona Sul/Oeste,Apartamento,77,2,2,1,2000,26,2024,13832.9,1065133.3
SP-003826,SP,São Paulo,Vila Mariana,Zona Sul,Cobertura,199,5,3,3,2024,2,2021,19155.12,3811868.88
SP-003827,SP,São Paulo,Vila Mariana,Zona Sul,Casa,109,3,3,1,1996,30,2024,9798.59,1068046.31
SP-003828,SP,São Paulo,Campo Belo,Zona Sul,Apartamento,116,3,2,2,1976,50,2026,11833.53,1372689.48
SP-003829,SP,São Paulo,Tatuapé,Zona Leste,Apartamento,61,3,2,1,2003,23,2014,6551.97,399670.17
SP-003830,SP,São Paulo,Perdizes,Zona Oeste,Apartamento,44,2,1,0,1988,38,2020,8752.15,385094.6
SP-003831,SP,São Paulo,Vila Madalena,Zona Oeste,Apartamento,64,2,2,1,2025,1,2021,14676.13,939272.32
SP-003832,SP,São Paulo,Mooca,Zona Leste,Cobertura,149,4,3,4,1997,29,2018,12438.53,1853340.97
SP-003833,SP,São Paulo,Lapa,Zona Oeste,Apartamento,113,3,2,2,1998,28,2022,7175.49,810830.37
SP-003834,SP,São Paulo,Jardim Paulista,Zona Oeste,Apartamento,96,3,2,2,2013,13,2018,13366.33,1283167.68
SP-003835,SP,São Paulo,Moema,Zona Sul,Apartamento,88,3,3,2,1983,43,2018,10126.72,891151.36
SP-003836,SP,São Paulo,Perdizes,Zona Oeste,Apartamento,44,2,1,0,1978,48,2020,9604.35,422591.4
SP-003837,SP,São Paulo,Santana,Zona Norte,Apartamento,78,2,2,2,2021,5,2025,9999.41,779953.98
SP-003838,SP,São Paulo,Saúde,Zona Sul,Casa,160,3,3,2,2018,8,2015,7662.21,1225953.6
SP-003839,SP,São Paulo,Mooca,Zona Leste,Casa,135,2,3,1,2023,3,2017,7745.75,1045676.25
SP-003840,SP,São Paulo,Perdizes,Zona Oeste,Apartamento,151,4,4,4,2025,1,2024,17494.52,2641672.52
SP-003841,SP,São Paulo,Vila Madalena,Zona Oeste,Cobertura,200,3,3,4,2024,2,2016,19905.7,3981140.0
SP-003842,SP,São Paulo,Brooklin,Zona Sul,Apartamento,38,1,1,0,2021,5,2020,12354.59,469474.42
SP-003843,SP,São Paulo,Jardim Paulista,Zona Oeste,Apartamento,135,3,3,1,2008,18,2017,12559.14,1695483.9
SP-003844,SP,São Paulo,Ipiranga,Zona Sul,Apartamento,63,2,2,1,2008,18,2024,7243.22,456322.86
SP-003845,SP,São Paulo,Perdizes,Zona Oeste,Casa,200,4,3,3,2025,1,2017,11268.32,2253664.0
SP-003846,SP,São Paulo,Moema,Zona Sul,Apartamento,201,4,4,2,2015,11,2016,10791.99,2169189.99
SP-003847,SP,São Paulo,Morumbi,Zona Sul,Casa,109,4,2,2,2021,5,2019,7502.49,817771.41
SP-003848,SP,São Paulo,Itaim Bibi,Zona Sul/Oeste,Casa,223,5,4,3,2023,3,2024,19322.58,4308935.34
SP-003849,SP,São Paulo,Campo Belo,Zona Sul,Apartamento,34,2,1,0,2001,25,2026,13485.89,458520.26
SP-003850,SP,São Paulo,Lapa,Zona Oeste,Casa,227,3,5,3,2007,19,2013,6700.34,1520977.18
SP-003851,SP,São Paulo,Bela Vista,Centro/Sul,Apartamento,60,2,2,1,2015,11,2021,8975.99,538559.4
SP-003852,SP,São Paulo,Bela Vista,Centro/Sul,Apartamento,181,3,3,3,2005,21,2025,10367.01,1876428.81
SP-003853,SP,São Paulo,Itaim Bibi,Zona Sul/Oeste,Apartamento,78,3,1,1,2017,9,2025,18139.48,1414879.44
SP-003854,SP,São Paulo,Perdizes,Zona Oeste,Apartamento,45,1,1,1,2004,22,2019,9611.17,432502.65
SP-003855,SP,São Paulo,Jardim Paulista,Zona Oeste,Apartamento,41,1,1,0,2017,9,2018,13799.59,565783.19
SP-003856,SP,São Paulo,Santana,Zona Norte,Apartamento,56,3,2,2,2012,14,2025,9027.22,505524.32
SP-003857,SP,São Paulo,Campo Belo,Zona Sul,Apartamento,70,2,1,1,1996,30,2015,9101.73,637121.1
SP-003858,SP,São Paulo,Mooca,Zona Leste,Apartamento,167,5,3,3,2021,5,2013,7315.56,1221698.52
SP-003859,SP,São Paulo,Vila Mariana,Zona Sul,Apartamento,45,1,1,0,2013,13,2022,10547.09,474619.05
SP-003860,SP,São Paulo,Vila Madalena,Zona Oeste,Apartamento,35,1,1,0,2022,4,2013,9051.76,316811.6
SP-003861,SP,São Paulo,Santana,Zona Norte,Apartamento,32,1,1,0,1999,27,2014,5398.8,172761.6
SP-003862,SP,São Paulo,Pinheiros,Zona Oeste,Casa,113,3,3,2,2025,1,2019,15549.41,1757083.33
SP-003863,SP,São Paulo,Aclimação,Centro/Sul,Apartamento,55,2,2,1,2009,17,2022,9334.61,513403.55
SP-003864,SP,São Paulo,Vila Mariana,Zona Sul,Apartamento,134,3,3,1,1998,28,2021,10135.25,1358123.5
SP-003865,SP,São Paulo,Itaim Bibi,Zona Sul/Oeste,Apartamento,83,2,2,1,2005,21,2020,13376.03,1110210.49
SP-003866,SP,São Paulo,Itaim Bibi,Zona Sul/Oeste,Cobertura,126,3,3,2,2023,3,2024,32047.41,4037973.66
SP-003867,SP,São Paulo,Pinheiros,Zona Oeste,Apartamento,149,4,4,5,2006,20,2013,12922.61,1925468.89
SP-003868,SP,São Paulo,Santana,Zona Norte,Casa,148,4,4,3,2001,25,2014,5700.54,843679.92
SP-003869,SP,São Paulo,Mooca,Zona Leste,Apartamento,37,2,1,1,1999,27,2014,5953.64,220284.68
SP-003870,SP,São Paulo,Mooca,Zona Leste,Apartamento,53,2,1,1,2005,21,2016,7139.18,378376.54
SP-003871,SP,São Paulo,Saúde,Zona Sul,Apartamento,103,3,2,1,2011,15,2022,9307.87,958710.61
SP-003872,SP,São Paulo,Pinheiros,Zona Oeste,Apartamento,38,1,1,1,1999,27,2022,13063.15,496399.7
SP-003873,SP,São Paulo,Tatuapé,Zona Leste,Apartamento,32,2,1,0,2005,21,2018,7898.79,252761.28
SP-003874,SP,São Paulo,Jardim Paulista,Zona Oeste,Apartamento,114,2,3,2,2003,23,2017,12813.21,1460705.94
SP-003875,SP,São Paulo,Lapa,Zona Oeste,Apartamento,36,1,1,1,1987,39,2023,8534.41,307238.76
SP-003876,SP,São Paulo,Jardim Paulista,Zona Oeste,Apartamento,34,1,1,0,1980,46,2018,10572.39,359461.26
SP-003877,SP,São Paulo,Perdizes,Zona Oeste,Casa,109,3,3,1,2024,2,2017,10413.55,1135076.95
SP-003878,SP,São Paulo,Moema,Zona Sul,Apartamento,108,3,3,1,2004,22,2016,10924.7,1179867.6
SP-003879,SP,São Paulo,Brooklin,Zona Sul,Casa,176,5,4,3,2011,15,2020,9947.42,1750745.92
SP-003880,SP,São Paulo,Jardim Paulista,Zona Oeste,Casa,96,3,3,2,2002,24,2025,14942.91,1434519.36
SP-003881,SP,São Paulo,Morumbi,Zona Sul,Apartamento,231,3,4,4,2004,22,2026,10213.44,2359304.64
SP-003882,SP,São Paulo,Moema,Zona Sul,Apartamento,51,2,2,1,2015,11,2015,10764.32,548980.32
SP-003883,SP,São Paulo,Mooca,Zona Leste,Apartamento,53,3,2,1,2006,20,2025,9025.01,478325.53
SP-003884,SP,São Paulo,Pinheiros,Zona Oeste,Apartamento,36,1,1,0,1997,29,2014,9811.91,353228.76
SP-003885,SP,São Paulo,Moema,Zona Sul,Casa,154,4,3,3,2016,10,2025,15380.71,2368629.34
SP-003886,SP,São Paulo,Mooca,Zona Leste,Apartamento,88,3,3,3,1990,36,2016,6673.34,587253.92
SP-003887,SP,São Paulo,Santana,Zona Norte,Casa,128,3,3,2,2021,5,2017,7343.61,939982.08
SP-003888,SP,São Paulo,Santana,Zona Norte,Apartamento,83,2,2,2,2006,20,2014,6386.85,530108.55
SP-003889,SP,São Paulo,Campo Belo,Zona Sul,Casa,200,4,5,3,2013,13,2021,11555.56,2311112.0
SP-003890,SP,São Paulo,Vila Madalena,Zona Oeste,Apartamento,85,3,2,2,2024,2,2020,15102.06,1283675.1
SP-003891,SP,São Paulo,Tatuapé,Zona Leste,Apartamento,35,2,1,1,2012,14,2015,7882.56,275889.6
SP-003892,SP,São Paulo,Pinheiros,Zona Oeste,Apartamento,41,1,1,0,2014,12,2021,12545.25,514355.25
SP-003893,SP,São Paulo,Aclimação,Centro/Sul,Apartamento,60,2,2,2,2010,16,2023,9884.17,593050.2
SP-003894,SP,São Paulo,Brooklin,Zona Sul,Apartamento,64,2,2,1,1994,32,2026,12217.42,781914.88
SP-003895,SP,São Paulo,Lapa,Zona Oeste,Cobertura,258,3,3,4,2001,25,2015,9729.4,2510185.2
SP-003896,SP,São Paulo,Pinheiros,Zona Oeste,Apartamento,45,1,1,0,2019,7,2024,13614.89,612670.05
SP-003897,SP,São Paulo,Morumbi,Zona Sul,Apartamento,45,1,1,1,2011,15,2016,5742.58,258416.1
SP-003898,SP,São Paulo,Vila Mariana,Zona Sul,Apartamento,180,4,4,4,2017,9,2013,9744.21,1753957.8
SP-003899,SP,São Paulo,Lapa,Zona Oeste,Apartamento,142,3,4,4,1995,31,2015,7186.95,1020546.9
SP-003900,SP,São Paulo,Morumbi,Zona Sul,Apartamento,32,1,1,0,1990,36,2013,5488.84,175642.88
SP-003901,SP,São Paulo,Vila Madalena,Zona Oeste,Casa,89,3,3,1,2018,8,2024,10829.02,963782.78
SP-003902,SP,São Paulo,Aclimação,Centro/Sul,Cobertura,198,4,3,3,2014,12,2024,15672.85,3103224.3
SP-003903,SP,São Paulo,Lapa,Zona Oeste,Casa,93,3,3,1,1979,47,2023,7133.9,663452.7
SP-003904,SP,São Paulo,Campo Belo,Zona Sul,Apartamento,90,3,3,2,2012,14,2024,11973.14,1077582.6
SP-003905,SP,São Paulo,Ipiranga,Zona Sul,Apartamento,38,1,1,0,1988,38,2021,6967.4,264761.2
SP-003906,SP,São Paulo,Campo Belo,Zona Sul,Apartamento,49,1,1,1,2018,8,2017,9487.95,464909.55
SP-003907,SP,São Paulo,Aclimação,Centro/Sul,Apartamento,40,1,1,1,1980,46,2024,8489.55,339582.0
SP-003908,SP,São Paulo,Ipiranga,Zona Sul,Apartamento,51,2,2,1,1988,38,2016,6332.26,322945.26
SP-003909,SP,São Paulo,Santana,Zona Norte,Apartamento,36,2,1,0,2011,15,2018,6112.79,220060.44
SP-003910,SP,São Paulo,Santana,Zona Norte,Apartamento,99,2,2,2,2014,12,2021,8222.04,813981.96
SP-003911,SP,São Paulo,Lapa,Zona Oeste,Apartamento,47,1,1,0,2019,7,2024,9642.92,453217.24
SP-003912,SP,São Paulo,Saúde,Zona Sul,Casa,90,3,3,3,1995,31,2013,5564.22,500779.8
SP-003913,SP,São Paulo,Perdizes,Zona Oeste,Apartamento,34,1,1,1,2011,15,2021,11030.79,375046.86
SP-003914,SP,São Paulo,Ipiranga,Zona Sul,Apartamento,33,2,1,0,1989,37,2025,7743.25,255527.25
SP-003915,SP,São Paulo,Lapa,Zona Oeste,Apartamento,41,1,1,0,1977,49,2020,6279.12,257443.92
SP-003916,SP,São Paulo,Pinheiros,Zona Oeste,Apartamento,69,2,2,1,2002,24,2024,13302.13,917846.97
SP-003917,SP,São Paulo,Jardim Paulista,Zona Oeste,Apartamento,75,2,1,1,2018,8,2021,14810.93,1110819.75
SP-003918,SP,São Paulo,Lapa,Zona Oeste,Apartamento,32,1,1,1,2010,16,2016,7635.27,244328.64
SP-003919,SP,São Paulo,Aclimação,Centro/Sul,Apartamento,36,1,1,0,2025,1,2025,11419.51,411102.36
SP-003920,SP,São Paulo,Mooca,Zona Leste,Apartamento,72,2,2,1,2009,17,2021,8282.88,596367.36
SP-003921,SP,São Paulo,Itaim Bibi,Zona Sul/Oeste,Casa,134,3,2,1,2006,20,2026,16854.07,2258445.38
SP-003922,SP,São Paulo,Itaim Bibi,Zona Sul/Oeste,Apartamento,47,1,1,0,1993,33,2014,11024.28,518141.16
SP-003923,SP,São Paulo,Campo Belo,Zona Sul,Casa,115,3,3,2,2001,25,2021,11655.66,1340400.9
SP-003924,SP,São Paulo,Jardim Paulista,Zona Oeste,Apartamento,42,1,1,1,2016,10,2016,14569.16,611904.72
SP-003925,SP,São Paulo,Jardim Paulista,Zona Oeste,Casa,219,3,3,3,2005,21,2026,16426.51,3597405.69
SP-003926,SP,São Paulo,Brooklin,Zona Sul,Apartamento,143,4,5,2,2017,9,2022,13304.77,1902582.11
SP-003927,SP,São Paulo,Morumbi,Zona Sul,Apartamento,126,2,3,2,2022,4,2022,9459.41,1191885.66
SP-003928,SP,São Paulo,Lapa,Zona Oeste,Apartamento,156,4,3,2,1990,36,2015,6437.0,1004172.0
SP-003929,SP,São Paulo,Aclimação,Centro/Sul,Casa,116,3,3,2,2005,21,2017,8120.98,942033.68
SP-003930,SP,São Paulo,Vila Mariana,Zona Sul,Apartamento,33,1,1,0,2025,1,2013,8381.47,276588.51
SP-003931,SP,São Paulo,Tatuapé,Zona Leste,Apartamento,71,3,2,1,2000,26,2021,8313.02,590224.42
SP-003932,SP,São Paulo,Saúde,Zona Sul,Apartamento,68,2,2,2,2000,26,2018,7049.83,479388.44
SP-003933,SP,São Paulo,Vila Madalena,Zona Oeste,Apartamento,61,3,2,1,1990,36,2022,11738.01,716018.61
SP-003934,SP,São Paulo,Itaim Bibi,Zona Sul/Oeste,Apartamento,107,2,3,2,2000,26,2021,12827.7,1372563.9
SP-003935,SP,São Paulo,Mooca,Zona Leste,Cobertura,209,3,5,4,2007,19,2020,13263.48,2772067.32
SP-003936,SP,São Paulo,Campo Belo,Zona Sul,Apartamento,188,4,5,3,2017,9,2020,12438.45,2338428.6
SP-003937,SP,São Paulo,Pinheiros,Zona Oeste,Casa,136,2,3,2,2022,4,2017,11374.89,1546985.04
SP-003938,SP,São Paulo,Lapa,Zona Oeste,Cobertura,259,3,3,2,2022,4,2024,15947.28,4130345.52
SP-003939,SP,São Paulo,Saúde,Zona Sul,Apartamento,45,2,1,1,2023,3,2023,10484.91,471820.95
SP-003940,SP,São Paulo,Pinheiros,Zona Oeste,Casa,210,5,3,2,1998,28,2020,10598.47,2225678.7
SP-003941,SP,São Paulo,Perdizes,Zona Oeste,Apartamento,56,2,2,1,2024,2,2022,12624.26,706958.56
SP-003942,SP,São Paulo,Campo Belo,Zona Sul,Apartamento,63,3,2,1,2015,11,2015,9308.03,586405.89
SP-003943,SP,São Paulo,Ipiranga,Zona Sul,Apartamento,65,2,2,1,2022,4,2018,8894.76,578159.4
SP-003944,SP,São Paulo,Vila Mariana,Zona Sul,Apartamento,69,2,2,1,2009,17,2013,7680.63,529963.47
SP-003945,SP,São Paulo,Perdizes,Zona Oeste,Apartamento,36,1,1,0,2005,21,2022,11659.68,419748.48
SP-003946,SP,São Paulo,Campo Belo,Zona Sul,Apartamento,121,3,3,1,2014,12,2015,9503.04,1149867.84
SP-003947,SP,São Paulo,Aclimação,Centro/Sul,Apartamento,68,2,2,1,2021,5,2017,9348.54,635700.72
SP-003948,SP,São Paulo,Jardim Paulista,Zona Oeste,Cobertura,162,4,3,4,2011,15,2022,24865.47,4028206.14
SP-003949,SP,São Paulo,Santana,Zona Norte,Apartamento,35,1,1,0,1990,36,2023,6012.55,210439.25
SP-003950,SP,São Paulo,Itaim Bibi,Zona Sul/Oeste,Casa,126,3,2,2,2014,12,2018,11561.33,1456727.58
SP-003951,SP,São Paulo,Itaim Bibi,Zona Sul/Oeste,Apartamento,98,3,3,3,2024,2,2021,19254.87,1886977.26
SP-003952,SP,São Paulo,Vila Mariana,Zona Sul,Casa,116,3,3,2,1995,31,2020,8757.68,1015890.88
SP-003953,SP,São Paulo,Saúde,Zona Sul,Apartamento,74,2,2,2,1986,40,2016,6105.77,451826.98
SP-003954,SP,São Paulo,Aclimação,Centro/Sul,Cobertura,161,4,4,3,2007,19,2014,10863.15,1748967.15
SP-003955,SP,São Paulo,Ipiranga,Zona Sul,Apartamento,102,3,2,3,1981,45,2015,5001.04,510106.08
SP-003956,SP,São Paulo,Saúde,Zona Sul,Casa,112,3,3,2,2017,9,2021,8316.71,931471.52
SP-003957,SP,São Paulo,Perdizes,Zona Oeste,Apartamento,36,1,1,1,1994,32,2024,10974.41,395078.76
SP-003958,SP,São Paulo,Jardim Paulista,Zona Oeste,Apartamento,69,3,1,1,2002,24,2022,12839.69,885938.61
SP-003959,SP,São Paulo,Aclimação,Centro/Sul,Apartamento,106,2,3,2,2011,15,2014,7192.14,762366.84
SP-003960,SP,São Paulo,Brooklin,Zona Sul,Apartamento,45,1,1,1,1992,34,2015,9382.86,422228.7
SP-003961,SP,São Paulo,Saúde,Zona Sul,Casa,135,3,2,1,2015,11,2021,7172.03,968224.05
SP-003962,SP,São Paulo,Santana,Zona Norte,Cobertura,193,3,4,5,1991,35,2021,12065.91,2328720.63
SP-003963,SP,São Paulo,Vila Madalena,Zona Oeste,Apartamento,42,1,1,0,1999,27,2022,11580.66,486387.72
SP-003964,SP,São Paulo,Mooca,Zona Leste,Apartamento,58,2,1,2,2006,20,2019,8210.13,476187.54
SP-003965,SP,São Paulo,Vila Madalena,Zona Oeste,Casa,130,3,2,2,2010,16,2015,9839.31,1279110.3
SP-003966,SP,São Paulo,Tatuapé,Zona Leste,Apartamento,38,1,1,0,1996,30,2025,8608.71,327130.98
SP-003967,SP,São Paulo,Vila Mariana,Zona Sul,Apartamento,81,2,2,1,2005,21,2014,8047.35,651835.35
SP-003968,SP,São Paulo,Mooca,Zona Leste,Apartamento,67,2,2,2,2017,9,2022,10029.88,672001.96
SP-003969,SP,São Paulo,Moema,Zona Sul,Casa,149,4,3,2,2016,10,2021,14157.7,2109497.3
SP-003970,SP,São Paulo,Santana,Zona Norte,Casa,94,3,3,3,2023,3,2022,9266.21,871023.74
SP-003971,SP,São Paulo,Vila Mariana,Zona Sul,Casa,123,3,2,2,1989,37,2015,7662.94,942541.62
SP-003972,SP,São Paulo,Tatuapé,Zona Leste,Apartamento,94,3,3,2,2012,14,2024,9795.64,920790.16
SP-003973,SP,São Paulo,Vila Mariana,Zona Sul,Apartamento,89,3,3,3,1994,32,2023,10092.6,898241.4
SP-003974,SP,São Paulo,Bela Vista,Centro/Sul,Casa,86,3,2,2,2018,8,2023,9784.88,841499.68
SP-003975,SP,São Paulo,Vila Madalena,Zona Oeste,Casa,92,4,3,3,1991,35,2021,11431.83,1051728.36
SP-003976,SP,São Paulo,Jardim Paulista,Zona Oeste,Casa,186,3,3,3,2008,18,2021,14566.04,2709283.44
SP-003977,SP,São Paulo,Morumbi,Zona Sul,Apartamento,92,2,3,1,2006,20,2017,7267.78,668635.76
SP-003978,SP,São Paulo,Campo Belo,Zona Sul,Apartamento,71,3,2,1,2006,20,2016,8652.76,614345.96
SP-003979,SP,São Paulo,Jardim Paulista,Zona Oeste,Apartamento,130,2,3,1,2017,9,2020,15271.83,1985337.9
SP-003980,SP,São Paulo,Vila Mariana,Zona Sul,Apartamento,48,1,1,1,2024,2,2025,14570.05,699362.4
SP-003981,SP,São Paulo,Itaim Bibi,Zona Sul/Oeste,Apartamento,282,4,3,3,2025,1,2021,18188.63,5129193.66
SP-003982,SP,São Paulo,Jardim Paulista,Zona Oeste,Apartamento,69,2,1,1,2016,10,2017,13517.44,932703.36
SP-003983,SP,São Paulo,Vila Mariana,Zona Sul,Apartamento,40,1,1,1,1976,50,2018,7817.13,312685.2
SP-003984,SP,São Paulo,Santana,Zona Norte,Apartamento,62,3,1,2,2009,17,2021,8087.78,501442.36
SP-003985,SP,São Paulo,Vila Mariana,Zona Sul,Casa,113,2,3,1,2025,1,2014,8993.14,1016224.82
SP-003986,SP,São Paulo,Brooklin,Zona Sul,Apartamento,41,1,1,0,2011,15,2024,11871.47,486730.27
SP-003987,SP,São Paulo,Itaim Bibi,Zona Sul/Oeste,Apartamento,80,2,2,1,2013,13,2025,17512.59,1401007.2
SP-003988,SP,São Paulo,Moema,Zona Sul,Apartamento,111,3,2,2,2009,17,2013,10206.86,1132961.46
SP-003989,SP,São Paulo,Santana,Zona Norte,Apartamento,58,3,2,1,2014,12,2023,7719.82,447749.56
SP-003990,SP,São Paulo,Itaim Bibi,Zona Sul/Oeste,Casa,93,3,3,2,1989,37,2023,13670.02,1271311.86
SP-003991,SP,São Paulo,Santana,Zona Norte,Apartamento,70,3,1,1,2016,10,2021,8666.1,606627.0
SP-003992,SP,São Paulo,Morumbi,Zona Sul,Apartamento,37,1,1,1,2001,25,2021,7965.34,294717.58
SP-003993,SP,São Paulo,Lapa,Zona Oeste,Apartamento,42,1,1,1,1976,50,2023,6923.17,290773.14
SP-003994,SP,São Paulo,Moema,Zona Sul,Apartamento,102,3,3,2,1979,47,2014,8780.64,895625.28
SP-003995,SP,São Paulo,Bela Vista,Centro/Sul,Apartamento,42,1,1,1,1993,33,2026,8304.26,348778.92
SP-003996,SP,São Paulo,Santana,Zona Norte,Casa,216,5,4,4,1981,45,2024,7327.7,1582783.2
SP-003997,SP,São Paulo,Pinheiros,Zona Oeste,Apartamento,54,2,2,1,2011,15,2021,14164.87,764902.98
SP-003998,SP,São Paulo,Bela Vista,Centro/Sul,Apartamento,48,2,1,0,2000,26,2020,7740.1,371524.8
SP-003999,SP,São Paulo,Pinheiros,Zona Oeste,Apartamento,78,3,2,1,2016,10,2023,14899.12,1162131.36
SP-004000,SP,São Paulo,Moema,Zona Sul,Apartamento,74,3,1,1,2024,2,2025,16362.35,1210813.9
SP-004001,SP,São Paulo,Moema,Zona Sul,Apartamento,46,1,1,0,2020,6,2019,14419.91,663315.86
SP-004002,SP,São Paulo,Tatuapé,Zona Leste,Apartamento,47,2,1,0,2023,3,2019,9806.44,460902.68
SP-004003,SP,São Paulo,Saúde,Zona Sul,Apartamento,49,1,1,0,2025,1,2025,10126.74,496210.26
SP-004004,SP,São Paulo,Tatuapé,Zona Leste,Apartamento,43,2,1,0,2007,19,2013,6108.83,262679.69
SP-004005,SP,São Paulo,Saúde,Zona Sul,Apartamento,88,4,2,2,1998,28,2024,8328.91,732944.08
SP-004006,SP,São Paulo,Lapa,Zona Oeste,Apartamento,56,2,1,1,1993,33,2026,8271.79,463220.24
SP-004007,SP,São Paulo,Brooklin,Zona Sul,Apartamento,61,2,2,2,1981,45,2025,11355.22,692668.42
SP-004008,SP,São Paulo,Santana,Zona Norte,Apartamento,126,4,2,2,1986,40,2025,8024.61,1011100.86
SP-004009,SP,São Paulo,Vila Madalena,Zona Oeste,Apartamento,63,3,1,2,1993,33,2025,12209.69,769210.47
SP-004010,SP,São Paulo,Morumbi,Zona Sul,Casa,177,4,4,4,2017,9,2025,9227.11,1633198.47
SP-004011,SP,São Paulo,Pinheiros,Zona Oeste,Apartamento,108,3,3,2,2021,5,2025,17521.25,1892295.0
SP-004012,SP,São Paulo,Saúde,Zona Sul,Apartamento,80,2,2,1,2010,16,2022,7797.0,623760.0
SP-004013,SP,São Paulo,Morumbi,Zona Sul,Casa,108,3,2,2,2022,4,2015,6518.45,703992.6
SP-004014,SP,São Paulo,Vila Madalena,Zona Oeste,Apartamento,32,1,1,0,2005,21,2014,9130.36,292171.52
SP-004015,SP,São Paulo,Pinheiros,Zona Oeste,Apartamento,94,3,2,1,2004,22,2019,11761.63,1105593.22
SP-004016,SP,São Paulo,Santana,Zona Norte,Apartamento,37,2,1,0,2011,15,2021,7877.89,291481.93
SP-004017,SP,São Paulo,Tatuapé,Zona Leste,Apartamento,103,3,2,2,2016,10,2019,9008.35,927860.05
SP-004018,SP,São Paulo,Santana,Zona Norte,Apartamento,101,2,3,3,2023,3,2016,8478.15,856293.15
SP-004019,SP,São Paulo,Vila Mariana,Zona Sul,Apartamento,143,3,4,2,1997,29,2026,14163.1,2025323.3
SP-004020,SP,São Paulo,Bela Vista,Centro/Sul,Apartamento,49,1,1,1,2010,16,2014,6551.47,321022.03
SP-004021,SP,São Paulo,Morumbi,Zona Sul,Apartamento,69,2,2,1,2009,17,2024,7763.13,535655.97
SP-004022,SP,São Paulo,Saúde,Zona Sul,Apartamento,65,3,1,1,2008,18,2023,8498.35,552392.75
SP-004023,SP,São Paulo,Morumbi,Zona Sul,Casa,80,2,1,1,2012,14,2023,8451.27,676101.6
SP-004024,SP,São Paulo,Tatuapé,Zona Leste,Apartamento,43,1,1,1,2024,2,2020,10348.14,444970.02
SP-004025,SP,São Paulo,Vila Mariana,Zona Sul,Apartamento,39,1,1,1,2000,26,2019,8173.82,318778.98
SP-004026,SP,São Paulo,Lapa,Zona Oeste,Apartamento,58,3,2,1,2014,12,2023,8925.4,517673.2
SP-004027,SP,São Paulo,Mooca,Zona Leste,Apartamento,107,4,2,2,1995,31,2021,6843.96,732303.72
SP-004028,SP,São Paulo,Aclimação,Centro/Sul,Apartamento,48,1,1,0,1983,43,2014,6124.79,293989.92
SP-004029,SP,São Paulo,Lapa,Zona Oeste,Apartamento,41,2,1,0,2001,25,2024,8592.39,352287.99
SP-004030,SP,São Paulo,Saúde,Zona Sul,Casa,95,3,3,2,2012,14,2015,6281.2,596714.0
SP-004031,SP,São Paulo,Lapa,Zona Oeste,Apartamento,58,2,2,1,2007,19,2022,9527.42,552590.36
SP-004032,SP,São Paulo,Brooklin,Zona Sul,Apartamento,71,3,1,1,2021,5,2013,9314.53,661331.63
SP-004033,SP,São Paulo,Santana,Zona Norte,Apartamento,85,3,2,3,2024,2,2016,8271.27,703057.95
SP-004034,SP,São Paulo,Mooca,Zona Leste,Apartamento,131,3,2,2,2023,3,2022,10263.53,1344522.43
SP-004035,SP,São Paulo,Brooklin,Zona Sul,Apartamento,39,1,1,0,2023,3,2021,14182.46,553115.94
SP-004036,SP,São Paulo,Campo Belo,Zona Sul,Apartamento,53,2,1,2,2023,3,2024,15692.78,831717.34
SP-004037,SP,São Paulo,Itaim Bibi,Zona Sul/Oeste,Casa,132,3,2,3,2011,15,2023,15082.64,1990908.48
SP-004038,SP,São Paulo,Bela Vista,Centro/Sul,Apartamento,142,3,5,4,2018,8,2013,8065.58,1145312.36
SP-004039,SP,São Paulo,Moema,Zona Sul,Apartamento,32,1,1,1,2004,22,2019,12400.36,396811.52
SP-004040,SP,São Paulo,Tatuapé,Zona Leste,Apartamento,58,2,1,1,2014,12,2016,6468.66,375182.28
SP-004041,SP,São Paulo,Santana,Zona Norte,Apartamento,44,2,1,1,1990,36,2019,6317.35,277963.4
SP-004042,SP,São Paulo,Vila Madalena,Zona Oeste,Apartamento,34,1,1,0,1978,48,2013,7822.38,265960.92
SP-004043,SP,São Paulo,Morumbi,Zona Sul,Apartamento,38,2,1,1,1996,30,2017,6035.94,229365.72
SP-004044,SP,São Paulo,Campo Belo,Zona Sul,Casa,96,3,3,2,1992,34,2022,9895.08,949927.68
SP-004045,SP,São Paulo,Mooca,Zona Leste,Casa,239,5,3,2,2012,14,2022,8204.55,1960887.45
SP-004046,SP,São Paulo,Mooca,Zona Leste,Apartamento,106,3,3,2,2002,24,2018,7635.63,809376.78
SP-004047,SP,São Paulo,Lapa,Zona Oeste,Apartamento,127,3,2,1,1978,48,2020,6686.68,849208.36
SP-004048,SP,São Paulo,Campo Belo,Zona Sul,Apartamento,33,1,1,1,2017,9,2022,12753.96,420880.68
SP-004049,SP,São Paulo,Mooca,Zona Leste,Apartamento,48,1,1,1,1988,38,2025,8305.15,398647.2
SP-004050,SP,São Paulo,Jardim Paulista,Zona Oeste,Casa,143,4,5,3,2019,7,2022,17729.46,2535312.78
SP-004051,SP,São Paulo,Moema,Zona Sul,Casa,93,4,3,3,1982,44,2013,8721.49,811098.57
SP-004052,SP,São Paulo,Ipiranga,Zona Sul,Apartamento,34,1,1,1,1994,32,2014,4666.61,158664.74
SP-004053,SP,São Paulo,Brooklin,Zona Sul,Apartamento,94,3,3,2,1975,51,2014,7132.97,670499.18
SP-004054,SP,São Paulo,Bela Vista,Centro/Sul,Apartamento,169,4,4,3,1984,42,2018,7131.89,1205289.41
SP-004055,SP,São Paulo,Tatuapé,Zona Leste,Casa,84,2,1,1,2022,4,2022,10002.63,840220.92
SP-004056,SP,São Paulo,Itaim Bibi,Zona Sul/Oeste,Apartamento,81,2,2,1,1982,44,2013,8896.43,720610.83
SP-004057,SP,São Paulo,Santana,Zona Norte,Apartamento,35,1,1,1,2021,5,2017,7571.23,264993.05
SP-004058,SP,São Paulo,Vila Madalena,Zona Oeste,Apartamento,179,4,4,3,1996,30,2022,12820.26,2294826.54
SP-004059,SP,São Paulo,Jardim Paulista,Zona Oeste,Apartamento,72,2,2,1,1985,41,2026,14966.46,1077585.12
SP-004060,SP,São Paulo,Aclimação,Centro/Sul,Apartamento,97,4,3,2,2003,23,2014,8004.5,776436.5
SP-004061,SP,São Paulo,Campo Belo,Zona Sul,Casa,97,3,3,2,2000,26,2018,8996.2,872631.4
SP-004062,SP,São Paulo,Campo Belo,Zona Sul,Apartamento,62,3,1,1,1978,48,2019,8922.09,553169.58
SP-004063,SP,São Paulo,Saúde,Zona Sul,Apartamento,72,2,2,1,2023,3,2026,10525.9,757864.8
SP-004064,SP,São Paulo,Bela Vista,Centro/Sul,Apartamento,68,2,1,1,1992,34,2020,7534.98,512378.64
SP-004065,SP,São Paulo,Vila Madalena,Zona Oeste,Apartamento,35,1,1,1,1987,39,2016,8356.91,292491.85
SP-004066,SP,São Paulo,Saúde,Zona Sul,Casa,103,3,3,2,2016,10,2017,7477.46,770178.38
SP-004067,SP,São Paulo,Jardim Paulista,Zona Oeste,Cobertura,205,3,4,3,1994,32,2017,17513.23,3590212.15
SP-004068,SP,São Paulo,Saúde,Zona Sul,Casa,109,3,2,2,2018,8,2022,8531.97,929984.73
SP-004069,SP,São Paulo,Santana,Zona Norte,Apartamento,34,1,1,0,1987,39,2022,6703.8,227929.2
SP-004070,SP,São Paulo,Pinheiros,Zona Oeste,Apartamento,59,2,2,1,1999,27,2021,11652.17,687478.03
SP-004071,SP,São Paulo,Santana,Zona Norte,Casa,108,3,3,2,2014,12,2019,7204.62,778098.96
SP-004072,SP,São Paulo,Bela Vista,Centro/Sul,Apartamento,115,2,2,2,2016,10,2016,8155.53,937885.95
SP-004073,SP,São Paulo,Santana,Zona Norte,Apartamento,51,2,2,1,1992,34,2014,5565.81,283856.31
SP-004074,SP,São Paulo,Brooklin,Zona Sul,Cobertura,127,4,2,2,2004,22,2024,18647.92,2368285.84
SP-004075,SP,São Paulo,Moema,Zona Sul,Casa,114,4,2,2,2003,23,2014,9234.41,1052722.74
SP-004076,SP,São Paulo,Morumbi,Zona Sul,Apartamento,94,4,3,2,1990,36,2023,7529.29,707753.26
SP-004077,SP,São Paulo,Perdizes,Zona Oeste,Apartamento,50,2,2,2,2019,7,2025,14851.76,742588.0
SP-004078,SP,São Paulo,Morumbi,Zona Sul,Apartamento,72,2,1,1,2000,26,2013,5430.86,391021.92
SP-004079,SP,São Paulo,Brooklin,Zona Sul,Apartamento,98,2,2,2,1997,29,2016,8831.52,865488.96
SP-004080,SP,São Paulo,Jardim Paulista,Zona Oeste,Apartamento,84,3,2,2,2014,12,2019,13185.39,1107572.76
SP-004081,SP,São Paulo,Bela Vista,Centro/Sul,Casa,227,4,4,2,1996,30,2026,8387.25,1903905.75
SP-004082,SP,São Paulo,Moema,Zona Sul,Apartamento,96,4,3,2,2015,11,2019,13351.39,1281733.44
SP-004083,SP,São Paulo,Aclimação,Centro/Sul,Apartamento,49,2,1,1,2021,5,2020,9718.71,476216.79
SP-004084,SP,São Paulo,Itaim Bibi,Zona Sul/Oeste,Apartamento,115,3,3,2,2022,4,2014,13541.25,1557243.75
SP-004085,SP,São Paulo,Moema,Zona Sul,Apartamento,52,2,2,1,1980,46,2015,9695.09,504144.68
SP-004086,SP,São Paulo,Itaim Bibi,Zona Sul/Oeste,Casa,135,3,2,2,1998,28,2023,13031.33,1759229.55
SP-004087,SP,São Paulo,Perdizes,Zona Oeste,Apartamento,170,5,5,3,2011,15,2017,10718.98,1822226.6
SP-004088,SP,São Paulo,Saúde,Zona Sul,Apartamento,53,3,2,2,1998,28,2019,7065.69,374481.57
SP-004089,SP,São Paulo,Campo Belo,Zona Sul,Casa,84,2,1,2,1990,36,2024,11868.93,996990.12
SP-004090,SP,São Paulo,Itaim Bibi,Zona Sul/Oeste,Apartamento,99,3,3,2,1985,41,2018,12111.13,1199001.87
SP-004091,SP,São Paulo,Pinheiros,Zona Oeste,Apartamento,184,5,4,4,2002,24,2026,17176.95,3160558.8
SP-004092,SP,São Paulo,Bela Vista,Centro/Sul,Apartamento,56,3,2,1,2010,16,2023,9414.64,527219.84
SP-004093,SP,São Paulo,Perdizes,Zona Oeste,Apartamento,74,2,1,1,2017,9,2016,8559.89,633431.86
SP-004094,SP,São Paulo,Itaim Bibi,Zona Sul/Oeste,Casa,148,4,5,3,2012,14,2017,13726.3,2031492.4
SP-004095,SP,São Paulo,Vila Mariana,Zona Sul,Apartamento,102,3,3,3,2017,9,2017,9991.74,1019157.48
SP-004096,SP,São Paulo,Moema,Zona Sul,Apartamento,224,4,4,4,2012,14,2016,14102.16,3158883.84
SP-004097,SP,São Paulo,Vila Mariana,Zona Sul,Apartamento,50,3,2,1,2023,3,2022,12805.77,640288.5
SP-004098,SP,São Paulo,Ipiranga,Zona Sul,Apartamento,98,4,2,2,2018,8,2024,9835.93,963921.14
SP-004099,SP,São Paulo,Saúde,Zona Sul,Apartamento,111,3,3,2,2019,7,2016,7881.35,874829.85
SP-004100,SP,São Paulo,Jardim Paulista,Zona Oeste,Apartamento,96,3,2,2,1995,31,2015,10858.79,1042443.84
SP-004101,SP,São Paulo,Vila Mariana,Zona Sul,Apartamento,33,1,1,0,1995,31,2013,6851.13,226087.29
SP-004102,SP,São Paulo,Santana,Zona Norte,Apartamento,227,3,3,3,1988,38,2022,7752.63,1759847.01
SP-004103,SP,São Paulo,Pinheiros,Zona Oeste,Apartamento,57,3,2,1,2012,14,2024,12570.67,716528.19
SP-004104,SP,São Paulo,Moema,Zona Sul,Apartamento,32,1,1,1,2025,1,2019,15005.31,480169.92
SP-004105,SP,São Paulo,Tatuapé,Zona Leste,Apartamento,98,3,3,1,2003,23,2020,8566.78,839544.44
SP-004106,SP,São Paulo,Vila Mariana,Zona Sul,Apartamento,65,2,2,2,1995,31,2026,13052.48,848411.2
SP-004107,SP,São Paulo,Jardim Paulista,Zona Oeste,Apartamento,155,4,4,4,2013,13,2026,17321.93,2684899.15
SP-004108,SP,São Paulo,Ipiranga,Zona Sul,Apartamento,116,3,2,1,1993,33,2022,7412.6,859861.6
SP-004109,SP,São Paulo,Perdizes,Zona Oeste,Casa,96,2,3,1,2013,13,2018,8917.63,856092.48
SP-004110,SP,São Paulo,Vila Mariana,Zona Sul,Apartamento,42,2,1,0,2015,11,2021,9824.98,412649.16
SP-004111,SP,São Paulo,Lapa,Zona Oeste,Casa,288,3,3,5,2003,23,2025,10484.04,3019403.52
SP-004112,SP,São Paulo,Vila Mariana,Zona Sul,Apartamento,60,3,1,1,1992,34,2018,8542.76,512565.6
SP-004113,SP,São Paulo,Pinheiros,Zona Oeste,Apartamento,125,4,3,2,1998,28,2021,13532.49,1691561.25
SP-004114,SP,São Paulo,Mooca,Zona Leste,Apartamento,40,1,1,0,2002,24,2013,6001.96,240078.4
SP-004115,SP,São Paulo,Santana,Zona Norte,Apartamento,61,2,1,2,2015,11,2024,7990.3,487408.3
SP-004116,SP,São Paulo,Lapa,Zona Oeste,Cobertura,134,3,2,2,1994,32,2020,10416.57,1395820.38
SP-004117,SP,São Paulo,Brooklin,Zona Sul,Apartamento,75,2,2,1,2006,20,2018,10504.69,787851.75
SP-004118,SP,São Paulo,Mooca,Zona Leste,Apartamento,42,2,1,0,2015,11,2018,7060.7,296549.4
SP-004119,SP,São Paulo,Vila Mariana,Zona Sul,Apartamento,40,2,1,1,2014,12,2020,10479.91,419196.4
SP-004120,SP,São Paulo,Santana,Zona Norte,Cobertura,209,4,4,4,2021,5,2017,12677.85,2649670.65
SP-004121,SP,São Paulo,Vila Madalena,Zona Oeste,Apartamento,57,3,2,1,1995,31,2025,12292.28,700659.96
SP-004122,SP,São Paulo,Tatuapé,Zona Leste,Apartamento,37,1,1,0,1997,29,2022,7075.94,261809.78
SP-004123,SP,São Paulo,Mooca,Zona Leste,Apartamento,154,4,4,2,2007,19,2015,7338.44,1130119.76
SP-004124,SP,São Paulo,Campo Belo,Zona Sul,Casa,117,3,3,2,2024,2,2013,10262.19,1200676.23
SP-004125,SP,São Paulo,Morumbi,Zona Sul,Apartamento,216,3,3,4,2023,3,2025,11808.48,2550631.68
SP-004126,SP,São Paulo,Tatuapé,Zona Leste,Cobertura,157,4,3,4,1994,32,2022,12915.31,2027703.67
SP-004127,SP,São Paulo,Aclimação,Centro/Sul,Casa,132,4,3,2,2008,18,2016,7470.45,986099.4
SP-004128,SP,São Paulo,Campo Belo,Zona Sul,Apartamento,113,4,3,2,2019,7,2018,11262.66,1272680.58
SP-004129,SP,São Paulo,Moema,Zona Sul,Apartamento,57,2,2,1,1981,45,2015,9407.16,536208.12
SP-004130,SP,São Paulo,Mooca,Zona Leste,Apartamento,59,2,1,1,2015,11,2015,6198.12,365689.08
SP-004131,SP,São Paulo,Bela Vista,Centro/Sul,Apartamento,110,2,3,2,2024,2,2023,11468.01,1261481.1
SP-004132,SP,São Paulo,Tatuapé,Zona Leste,Apartamento,59,3,2,2,2020,6,2019,8731.06,515132.54
SP-004133,SP,São Paulo,Moema,Zona Sul,Apartamento,42,1,1,0,1983,43,2021,10254.1,430672.2
SP-004134,SP,São Paulo,Tatuapé,Zona Leste,Apartamento,99,3,3,1,1988,38,2021,8394.88,831093.12
SP-004135,SP,São Paulo,Campo Belo,Zona Sul,Apartamento,51,3,1,2,1997,29,2022,11025.33,562291.83
SP-004136,SP,São Paulo,Campo Belo,Zona Sul,Apartamento,38,1,1,0,2000,26,2015,7763.43,295010.34
SP-004137,SP,São Paulo,Itaim Bibi,Zona Sul/Oeste,Apartamento,32,1,1,0,2019,7,2014,11558.94,369886.08
SP-004138,SP,São Paulo,Vila Mariana,Zona Sul,Apartamento,43,1,1,0,1982,44,2022,9078.6,390379.8
SP-004139,SP,São Paulo,Tatuapé,Zona Leste,Apartamento,70,2,2,1,1991,35,2018,6985.83,489008.1
SP-004140,SP,São Paulo,Pinheiros,Zona Oeste,Apartamento,52,2,2,2,2021,5,2019,12872.66,669378.32
SP-004141,SP,São Paulo,Santana,Zona Norte,Apartamento,123,3,2,2,1989,37,2014,5902.28,725980.44
SP-004142,SP,São Paulo,Campo Belo,Zona Sul,Apartamento,89,3,3,1,1998,28,2020,9670.42,860667.38
SP-004143,SP,São Paulo,Lapa,Zona Oeste,Apartamento,40,1,1,1,2018,8,2015,6881.16,275246.4
SP-004144,SP,São Paulo,Moema,Zona Sul,Apartamento,50,2,2,2,2012,14,2018,13735.34,686767.0
SP-004145,SP,São Paulo,Lapa,Zona Oeste,Casa,214,4,4,3,2017,9,2018,8965.96,1918715.44
SP-004146,SP,São Paulo,Vila Mariana,Zona Sul,Casa,128,3,3,3,2009,17,2016,9144.89,1170545.92
SP-004147,SP,São Paulo,Vila Madalena,Zona Oeste,Casa,107,3,3,3,1977,49,2019,8656.65,926261.55
SP-004148,SP,São Paulo,Campo Belo,Zona Sul,Apartamento,58,2,1,1,2020,6,2014,9890.92,573673.36
SP-004149,SP,São Paulo,Ipiranga,Zona Sul,Apartamento,105,3,3,1,1996,30,2021,6539.79,686677.95
SP-004150,SP,São Paulo,Perdizes,Zona Oeste,Apartamento,149,4,4,3,1988,38,2020,10091.44,1503624.56
SP-004151,SP,São Paulo,Brooklin,Zona Sul,Apartamento,46,2,1,0,1998,28,2017,9603.25,441749.5
SP-004152,SP,São Paulo,Itaim Bibi,Zona Sul/Oeste,Apartamento,55,2,2,1,2006,20,2023,15401.41,847077.55
SP-004153,SP,São Paulo,Santana,Zona Norte,Casa,154,3,5,3,2011,15,2015,6182.73,952140.42
SP-004154,SP,São Paulo,Itaim Bibi,Zona Sul/Oeste,Apartamento,69,2,1,2,1992,34,2025,16349.67,1128127.23
SP-004155,SP,São Paulo,Ipiranga,Zona Sul,Casa,256,4,4,3,2009,17,2022,9156.87,2344158.72
SP-004156,SP,São Paulo,Jardim Paulista,Zona Oeste,Cobertura,144,3,3,3,2016,10,2014,18041.81,2598020.64
SP-004157,SP,São Paulo,Vila Madalena,Zona Oeste,Casa,133,3,3,2,2013,13,2015,9442.43,1255843.19
SP-004158,SP,São Paulo,Ipiranga,Zona Sul,Apartamento,77,3,2,1,2023,3,2021,9365.77,721164.29
SP-004159,SP,São Paulo,Aclimação,Centro/Sul,Cobertura,172,4,3,3,2021,5,2014,11528.98,1982984.56
SP-004160,SP,São Paulo,Ipiranga,Zona Sul,Apartamento,65,3,2,1,1979,47,2020,6229.85,404940.25
SP-004161,SP,São Paulo,Ipiranga,Zona Sul,Apartamento,150,3,4,5,2018,8,2018,8853.93,1328089.5
SP-004162,SP,São Paulo,Jardim Paulista,Zona Oeste,Apartamento,50,2,2,1,1997,29,2016,11034.22,551711.0
SP-004163,SP,São Paulo,Aclimação,Centro/Sul,Apartamento,82,2,2,1,1977,49,2024,8908.85,730525.7
SP-004164,SP,São Paulo,Lapa,Zona Oeste,Apartamento,102,2,2,1,2022,4,2024,10237.41,1044215.82
SP-004165,SP,São Paulo,Jardim Paulista,Zona Oeste,Apartamento,64,2,1,1,2004,22,2021,14758.56,944547.84
SP-004166,SP,São Paulo,Aclimação,Centro/Sul,Apartamento,78,3,1,1,2000,26,2026,9499.9,740992.2
SP-004167,SP,São Paulo,Vila Mariana,Zona Sul,Apartamento,57,3,2,1,2007,19,2025,12275.93,699728.01
SP-004168,SP,São Paulo,Vila Mariana,Zona Sul,Apartamento,61,2,2,1,2022,4,2018,11133.7,679155.7
SP-004169,SP,São Paulo,Brooklin,Zona Sul,Apartamento,75,3,1,1,2012,14,2020,10774.02,808051.5
SP-004170,SP,São Paulo,Pinheiros,Zona Oeste,Apartamento,93,3,3,2,2019,7,2015,10630.81,988665.33
SP-004171,SP,São Paulo,Tatuapé,Zona Leste,Apartamento,56,3,1,2,1993,33,2014,6566.27,367711.12
SP-004172,SP,São Paulo,Santana,Zona Norte,Apartamento,34,1,1,1,1985,41,2020,6176.07,209986.38
SP-004173,SP,São Paulo,Jardim Paulista,Zona Oeste,Apartamento,68,2,1,1,2007,19,2026,16424.38,1116857.84
SP-004174,SP,São Paulo,Saúde,Zona Sul,Apartamento,85,3,2,1,2007,19,2015,6660.37,566131.45
SP-004175,SP,São Paulo,Vila Mariana,Zona Sul,Casa,240,3,4,5,2007,19,2024,12850.73,3084175.2
SP-004176,SP,São Paulo,Aclimação,Centro/Sul,Apartamento,119,3,2,2,2014,12,2018,8244.86,981138.34
SP-004177,SP,São Paulo,Vila Mariana,Zona Sul,Apartamento,84,2,2,1,1996,30,2016,7507.78,630653.52
SP-004178,SP,São Paulo,Morumbi,Zona Sul,Apartamento,50,2,1,1,2007,19,2015,6633.72,331686.0
SP-004179,SP,São Paulo,Vila Madalena,Zona Oeste,Casa,105,3,3,3,2021,5,2016,12167.14,1277549.7
SP-004180,SP,São Paulo,Brooklin,Zona Sul,Casa,101,4,3,1,2025,1,2019,10326.75,1043001.75
SP-004181,SP,São Paulo,Brooklin,Zona Sul,Apartamento,39,2,1,0,1975,51,2025,11758.72,458590.08
SP-004182,SP,São Paulo,Pinheiros,Zona Oeste,Apartamento,61,2,2,1,2022,4,2022,15171.17,925441.37
SP-004183,SP,São Paulo,Moema,Zona Sul,Apartamento,32,1,1,1,2006,20,2013,9523.79,304761.28
SP-004184,SP,São Paulo,Mooca,Zona Leste,Apartamento,37,1,1,0,2016,10,2026,10326.09,382065.33
SP-004185,SP,São Paulo,Moema,Zona Sul,Apartamento,99,3,3,1,2015,11,2019,11758.8,1164121.2
SP-004186,SP,São Paulo,Morumbi,Zona Sul,Apartamento,69,3,2,1,2004,22,2025,8914.27,615084.63
SP-004187,SP,São Paulo,Jardim Paulista,Zona Oeste,Apartamento,52,3,1,1,1988,38,2013,10441.54,542960.08
SP-004188,SP,São Paulo,Morumbi,Zona Sul,Apartamento,99,3,3,2,2025,1,2018,8281.77,819895.23
SP-004189,SP,São Paulo,Santana,Zona Norte,Cobertura,311,4,4,3,2006,20,2014,8988.16,2795317.76
SP-004190,SP,São Paulo,Aclimação,Centro/Sul,Apartamento,34,1,1,1,2012,14,2021,9245.35,314341.9
SP-004191,SP,São Paulo,Ipiranga,Zona Sul,Apartamento,52,3,2,2,2005,21,2024,8818.4,458556.8
SP-004192,SP,São Paulo,Vila Mariana,Zona Sul,Apartamento,47,1,1,0,1988,38,2015,7251.03,340798.41
SP-004193,SP,São Paulo,Lapa,Zona Oeste,Apartamento,107,3,3,2,2024,2,2021,10037.87,1074052.09
SP-004194,SP,São Paulo,Tatuapé,Zona Leste,Apartamento,68,2,2,1,1991,35,2016,7470.38,507985.84
SP-004195,SP,São Paulo,Aclimação,Centro/Sul,Apartamento,82,3,1,1,1989,37,2018,7416.94,608189.08
SP-004196,SP,São Paulo,Perdizes,Zona Oeste,Apartamento,39,1,1,0,2007,19,2018,8944.11,348820.29
SP-004197,SP,São Paulo,Ipiranga,Zona Sul,Apartamento,44,2,1,0,1985,41,2023,7011.53,308507.32
SP-004198,SP,São Paulo,Vila Mariana,Zona Sul,Apartamento,162,3,3,4,1995,31,2025,12776.45,2069784.9
SP-004199,SP,São Paulo,Tatuapé,Zona Leste,Apartamento,83,2,2,1,1996,30,2014,6270.47,520449.01
SP-004200,SP,São Paulo,Bela Vista,Centro/Sul,Apartamento,41,1,1,0,2016,10,2015,7473.8,306425.8
SP-004201,SP,São Paulo,Jardim Paulista,Zona Oeste,Apartamento,75,2,2,1,2004,22,2022,13325.82,999436.5
SP-004202,SP,São Paulo,Tatuapé,Zona Leste,Apartamento,104,3,2,3,2023,3,2025,13051.51,1357357.04
SP-004203,SP,São Paulo,Pinheiros,Zona Oeste,Casa,85,3,2,2,2005,21,2022,13242.2,1125587.0
SP-004204,SP,São Paulo,Lapa,Zona Oeste,Apartamento,41,1,1,0,2021,5,2023,9876.76,404947.16
SP-004205,SP,São Paulo,Tatuapé,Zona Leste,Casa,90,3,3,2,2010,16,2014,6504.73,585425.7
SP-004206,SP,São Paulo,Mooca,Zona Leste,Apartamento,102,4,3,2,2006,20,2021,8521.39,869181.78
SP-004207,SP,São Paulo,Moema,Zona Sul,Casa,234,5,5,2,2025,1,2024,16716.09,3911565.06
SP-004208,SP,São Paulo,Mooca,Zona Leste,Apartamento,88,3,2,1,2024,2,2015,7503.02,660265.76
SP-004209,SP,São Paulo,Saúde,Zona Sul,Cobertura,145,5,4,2,2001,25,2025,13362.99,1937633.55
SP-004210,SP,São Paulo,Aclimação,Centro/Sul,Apartamento,40,1,1,0,2005,21,2017,7989.51,319580.4
SP-004211,SP,São Paulo,Morumbi,Zona Sul,Apartamento,86,3,2,2,2006,20,2016,6464.03,555906.58
SP-004212,SP,São Paulo,Moema,Zona Sul,Apartamento,143,5,3,2,2024,2,2015,13591.62,1943601.66
SP-004213,SP,São Paulo,Campo Belo,Zona Sul,Apartamento,57,2,2,1,2020,6,2013,9923.33,565629.81
SP-004214,SP,São Paulo,Jardim Paulista,Zona Oeste,Apartamento,35,1,1,0,2005,21,2024,14865.96,520308.6
SP-004215,SP,São Paulo,Ipiranga,Zona Sul,Apartamento,87,3,3,2,2006,20,2024,9259.23,805553.01
SP-004216,SP,São Paulo,Morumbi,Zona Sul,Apartamento,54,2,1,1,2016,10,2024,8843.99,477575.46
SP-004217,SP,São Paulo,Ipiranga,Zona Sul,Apartamento,38,1,1,0,2009,17,2018,7043.35,267647.3
SP-004218,SP,São Paulo,Santana,Zona Norte,Casa,87,3,3,3,1983,43,2013,4669.42,406239.54
SP-004219,SP,São Paulo,Vila Madalena,Zona Oeste,Apartamento,83,2,1,1,2014,12,2021,11628.72,965183.76
SP-004220,SP,São Paulo,Ipiranga,Zona Sul,Apartamento,63,3,2,1,2021,5,2016,6596.5,415579.5
SP-004221,SP,São Paulo,Brooklin,Zona Sul,Casa,215,5,4,5,2007,19,2015,10870.36,2337127.4
SP-004222,SP,São Paulo,Moema,Zona Sul,Apartamento,72,3,1,2,2014,12,2025,14274.47,1027761.84
SP-004223,SP,São Paulo,Pinheiros,Zona Oeste,Casa,100,3,2,2,1987,39,2024,12237.46,1223746.0
SP-004224,SP,São Paulo,Pinheiros,Zona Oeste,Apartamento,45,1,1,0,1984,42,2021,10496.68,472350.6
SP-004225,SP,São Paulo,Ipiranga,Zona Sul,Apartamento,53,3,2,1,2001,25,2019,7445.76,394625.28
SP-004226,SP,São Paulo,Itaim Bibi,Zona Sul/Oeste,Apartamento,109,3,3,1,2025,1,2014,14704.3,1602768.7
SP-004227,SP,São Paulo,Pinheiros,Zona Oeste,Apartamento,33,1,1,0,2005,21,2019,12062.91,398076.03
SP-004228,SP,São Paulo,Lapa,Zona Oeste,Apartamento,57,2,2,1,2009,17,2021,8211.12,468033.84
SP-004229,SP,São Paulo,Itaim Bibi,Zona Sul/Oeste,Apartamento,34,1,1,0,1978,48,2022,11477.9,390248.6
SP-004230,SP,São Paulo,Bela Vista,Centro/Sul,Apartamento,43,1,1,0,2013,13,2021,7996.19,343836.17
SP-004231,SP,São Paulo,Itaim Bibi,Zona Sul/Oeste,Apartamento,180,5,5,4,2004,22,2016,14834.18,2670152.4
SP-004232,SP,São Paulo,Ipiranga,Zona Sul,Apartamento,69,3,1,1,2020,6,2024,9424.56,650294.64
SP-004233,SP,São Paulo,Ipiranga,Zona Sul,Apartamento,201,3,3,3,1994,32,2020,6869.88,1380845.88
SP-004234,SP,São Paulo,Aclimação,Centro/Sul,Apartamento,53,2,2,1,2011,15,2015,7000.86,371045.58
SP-004235,SP,São Paulo,Moema,Zona Sul,Apartamento,85,3,3,1,2010,16,2013,9818.34,834558.9
SP-004236,SP,São Paulo,Tatuapé,Zona Leste,Apartamento,93,4,3,3,2025,1,2024,12834.49,1193607.57
SP-004237,SP,São Paulo,Saúde,Zona Sul,Apartamento,341,4,5,4,2011,15,2025,11078.46,3777754.86
SP-004238,SP,São Paulo,Lapa,Zona Oeste,Apartamento,62,3,1,1,2021,5,2026,11467.67,710995.54
SP-004239,SP,São Paulo,Vila Madalena,Zona Oeste,Apartamento,41,1,1,1,2022,4,2019,12039.84,493633.44
SP-004240,SP,São Paulo,Vila Madalena,Zona Oeste,Casa,109,3,3,2,1995,31,2013,7844.76,855078.84
SP-004241,SP,São Paulo,Ipiranga,Zona Sul,Apartamento,136,4,3,2,2020,6,2013,6286.02,854898.72
SP-004242,SP,São Paulo,Mooca,Zona Leste,Apartamento,32,1,1,1,2019,7,2017,8280.47,264975.04
SP-004243,SP,São Paulo,Moema,Zona Sul,Apartamento,58,2,2,1,2011,15,2018,12935.07,750234.06
SP-004244,SP,São Paulo,Mooca,Zona Leste,Casa,148,5,3,3,1990,36,2018,6668.86,986991.28
SP-004245,SP,São Paulo,Pinheiros,Zona Oeste,Apartamento,56,3,2,1,2025,1,2023,16709.44,935728.64
SP-004246,SP,São Paulo,Santana,Zona Norte,Casa,98,3,3,2,1997,29,2023,7123.79,698131.42
SP-004247,SP,São Paulo,Bela Vista,Centro/Sul,Apartamento,64,2,1,1,2013,13,2023,8016.8,513075.2
SP-004248,SP,São Paulo,Mooca,Zona Leste,Apartamento,132,3,3,2,2000,26,2014,6281.45,829151.4
SP-004249,SP,São Paulo,Jardim Paulista,Zona Oeste,Cobertura,164,4,5,3,2025,1,2017,25161.98,4126564.72
SP-004250,SP,São Paulo,Vila Madalena,Zona Oeste,Apartamento,52,2,2,1,2014,12,2019,11634.03,604969.56
SP-004251,SP,São Paulo,Vila Madalena,Zona Oeste,Casa,144,4,4,3,1997,29,2014,8711.85,1254506.4
SP-004252,SP,São Paulo,Bela Vista,Centro/Sul,Apartamento,36,1,1,0,1991,35,2019,6173.74,222254.64
SP-004253,SP,São Paulo,Pinheiros,Zona Oeste,Casa,308,4,5,2,2011,15,2020,11949.32,3680390.56
SP-004254,SP,São Paulo,Aclimação,Centro/Sul,Apartamento,77,3,2,2,2010,16,2015,7826.73,602658.21
SP-004255,SP,São Paulo,Brooklin,Zona Sul,Apartamento,142,4,4,2,2004,22,2018,11385.09,1616682.78
SP-004256,SP,São Paulo,Moema,Zona Sul,Apartamento,49,1,1,1,2011,15,2015,11498.73,563437.77
SP-004257,SP,São Paulo,Santana,Zona Norte,Apartamento,36,1,1,1,2024,2,2019,8257.91,297284.76
SP-004258,SP,São Paulo,Brooklin,Zona Sul,Casa,215,4,3,3,1986,40,2016,9412.55,2023698.25
SP-004259,SP,São Paulo,Ipiranga,Zona Sul,Apartamento,56,3,2,1,2014,12,2020,7178.07,401971.92
SP-004260,SP,São Paulo,Brooklin,Zona Sul,Apartamento,39,2,1,0,2009,17,2016,9435.86,367998.54
SP-004261,SP,São Paulo,Jardim Paulista,Zona Oeste,Apartamento,32,1,1,1,2025,1,2017,14781.7,473014.4
SP-004262,SP,São Paulo,Ipiranga,Zona Sul,Apartamento,37,1,1,0,1995,31,2014,5081.56,188017.72
SP-004263,SP,São Paulo,Vila Madalena,Zona Oeste,Apartamento,76,3,2,1,1997,29,2018,8996.57,683739.32
SP-004264,SP,São Paulo,Jardim Paulista,Zona Oeste,Cobertura,257,4,5,3,2020,6,2021,22006.62,5655701.34
SP-004265,SP,São Paulo,Campo Belo,Zona Sul,Apartamento,116,2,2,3,2006,20,2017,11365.7,1318421.2
SP-004266,SP,São Paulo,Lapa,Zona Oeste,Cobertura,148,5,4,4,1996,30,2024,13275.75,1964811.0
SP-004267,SP,São Paulo,Santana,Zona Norte,Apartamento,34,1,1,0,2002,24,2016,6532.74,222113.16
SP-004268,SP,São Paulo,Itaim Bibi,Zona Sul/Oeste,Apartamento,33,1,1,0,2013,13,2016,11874.77,391867.41
SP-004269,SP,São Paulo,Santana,Zona Norte,Apartamento,189,3,4,3,2005,21,2025,9720.56,1837185.84
SP-004270,SP,São Paulo,Santana,Zona Norte,Apartamento,118,3,2,3,1990,36,2022,6830.2,805963.6
SP-004271,SP,São Paulo,Santana,Zona Norte,Apartamento,96,3,2,2,2015,11,2021,7992.23,767254.08
SP-004272,SP,São Paulo,Saúde,Zona Sul,Apartamento,111,4,2,2,2017,9,2015,7961.7,883748.7
SP-004273,SP,São Paulo,Itaim Bibi,Zona Sul/Oeste,Apartamento,67,2,2,2,2008,18,2016,13039.59,873652.53
SP-004274,SP,São Paulo,Jardim Paulista,Zona Oeste,Casa,450,3,4,3,1999,27,2026,13680.15,6156067.5
SP-004275,SP,São Paulo,Moema,Zona Sul,Apartamento,72,2,1,1,2021,5,2020,13815.36,994705.92
SP-004276,SP,São Paulo,Lapa,Zona Oeste,Apartamento,50,2,2,1,1992,34,2015,6385.98,319299.0
SP-004277,SP,São Paulo,Ipiranga,Zona Sul,Apartamento,113,3,2,2,1997,29,2017,6811.12,769656.56
SP-004278,SP,São Paulo,Bela Vista,Centro/Sul,Apartamento,38,1,1,1,1988,38,2019,7720.74,293388.12
SP-004279,SP,São Paulo,Vila Mariana,Zona Sul,Apartamento,43,1,1,0,2001,25,2022,10521.16,452409.88
SP-004280,SP,São Paulo,Jardim Paulista,Zona Oeste,Casa,402,4,5,3,2017,9,2018,13920.97,5596229.94
SP-004281,SP,São Paulo,Bela Vista,Centro/Sul,Apartamento,45,1,1,0,2025,1,2026,10427.18,469223.1
SP-004282,SP,São Paulo,Tatuapé,Zona Leste,Apartamento,72,2,1,1,2004,22,2015,6824.75,491382.0
SP-004283,SP,São Paulo,Vila Mariana,Zona Sul,Apartamento,63,2,2,1,1982,44,2015,7286.67,459060.21
SP-004284,SP,São Paulo,Saúde,Zona Sul,Apartamento,45,2,1,1,2005,21,2017,6921.62,311472.9
SP-004285,SP,São Paulo,Vila Madalena,Zona Oeste,Apartamento,41,1,1,0,1987,39,2013,8632.28,353923.48
SP-004286,SP,São Paulo,Morumbi,Zona Sul,Apartamento,54,3,2,1,1992,34,2020,7210.07,389343.78
SP-004287,SP,São Paulo,Vila Mariana,Zona Sul,Apartamento,50,3,2,1,2011,15,2025,11697.05,584852.5
SP-004288,SP,São Paulo,Tatuapé,Zona Leste,Apartamento,92,3,3,1,2016,10,2018,7796.33,717262.36
SP-004289,SP,São Paulo,Santana,Zona Norte,Casa,91,4,2,2,1995,31,2020,6823.13,620904.83
SP-004290,SP,São Paulo,Morumbi,Zona Sul,Apartamento,56,2,1,1,2007,19,2022,8282.49,463819.44
SP-004291,SP,São Paulo,Itaim Bibi,Zona Sul/Oeste,Apartamento,57,2,2,2,2006,20,2020,15297.38,871950.66
SP-004292,SP,São Paulo,Moema,Zona Sul,Apartamento,336,4,4,4,2019,7,2022,16335.8,5488828.8
SP-004293,SP,São Paulo,Pinheiros,Zona Oeste,Apartamento,34,2,1,0,2021,5,2023,15304.42,520350.28
SP-004294,SP,São Paulo,Vila Mariana,Zona Sul,Casa,253,4,4,3,2012,14,2022,9890.76,2502362.28
SP-004295,SP,São Paulo,Brooklin,Zona Sul,Apartamento,68,2,2,1,2022,4,2015,8596.3,584548.4
SP-004296,SP,São Paulo,Pinheiros,Zona Oeste,Apartamento,37,1,1,0,1986,40,2018,9264.47,342785.39
SP-004297,SP,São Paulo,Bela Vista,Centro/Sul,Apartamento,119,3,2,2,2020,6,2020,9884.83,1176294.77
SP-004298,SP,São Paulo,Morumbi,Zona Sul,Apartamento,152,4,4,3,2025,1,2017,8151.98,1239100.96
SP-004299,SP,São Paulo,Jardim Paulista,Zona Oeste,Apartamento,33,1,1,0,2001,25,2016,10533.75,347613.75
SP-004300,SP,São Paulo,Morumbi,Zona Sul,Apartamento,55,2,2,2,1986,40,2024,8765.27,482089.85
SP-004301,SP,São Paulo,Moema,Zona Sul,Apartamento,62,2,1,1,2025,1,2014,11653.02,722487.24
SP-004302,SP,São Paulo,Mooca,Zona Leste,Apartamento,57,3,1,2,2003,23,2016,7879.44,449128.08
SP-004303,SP,São Paulo,Lapa,Zona Oeste,Apartamento,119,2,3,2,1994,32,2020,8078.98,961398.62
SP-004304,SP,São Paulo,Jardim Paulista,Zona Oeste,Casa,118,3,2,1,2025,1,2026,16498.94,1946874.92
SP-004305,SP,São Paulo,Campo Belo,Zona Sul,Casa,84,2,2,1,2009,17,2017,8272.36,694878.24
SP-004306,SP,São Paulo,Perdizes,Zona Oeste,Apartamento,93,3,3,2,2016,10,2019,12893.14,1199062.02
SP-004307,SP,São Paulo,Brooklin,Zona Sul,Apartamento,185,3,4,3,2010,16,2025,14650.53,2710348.05
SP-004308,SP,São Paulo,Itaim Bibi,Zona Sul/Oeste,Apartamento,149,4,4,3,1992,34,2018,12028.34,1792222.66
SP-004309,SP,São Paulo,Bela Vista,Centro/Sul,Cobertura,170,3,4,5,2013,13,2015,11864.8,2017016.0
SP-004310,SP,São Paulo,Aclimação,Centro/Sul,Apartamento,62,3,2,2,2021,5,2019,9188.48,569685.76
SP-004311,SP,São Paulo,Mooca,Zona Leste,Cobertura,358,5,5,4,1993,33,2025,14067.09,5036018.22
SP-004312,SP,São Paulo,Pinheiros,Zona Oeste,Casa,201,4,5,3,2007,19,2025,14166.24,2847414.24
SP-004313,SP,São Paulo,Santana,Zona Norte,Casa,185,3,4,5,1998,28,2021,7163.78,1325299.3
SP-004314,SP,São Paulo,Bela Vista,Centro/Sul,Apartamento,130,3,2,2,1996,30,2017,7736.02,1005682.6
SP-004315,SP,São Paulo,Saúde,Zona Sul,Casa,87,3,2,2,2010,16,2025,8419.59,732504.33
SP-004316,SP,São Paulo,Perdizes,Zona Oeste,Apartamento,64,2,2,1,2017,9,2018,11042.0,706688.0
SP-004317,SP,São Paulo,Lapa,Zona Oeste,Casa,400,4,3,3,2000,26,2025,8696.56,3478624.0
SP-004318,SP,São Paulo,Saúde,Zona Sul,Casa,176,5,3,3,1982,44,2024,7298.41,1284520.16
SP-004319,SP,São Paulo,Bela Vista,Centro/Sul,Apartamento,64,2,1,2,1980,46,2017,6969.89,446072.96
SP-004320,SP,São Paulo,Vila Mariana,Zona Sul,Cobertura,134,3,2,3,2022,4,2020,18647.29,2498736.86
SP-004321,SP,São Paulo,Mooca,Zona Leste,Apartamento,104,3,3,2,2024,2,2026,12321.31,1281416.24
SP-004322,SP,São Paulo,Perdizes,Zona Oeste,Apartamento,47,1,1,0,2000,26,2020,8802.69,413726.43
SP-004323,SP,São Paulo,Moema,Zona Sul,Apartamento,46,1,1,0,1991,35,2013,8608.68,395999.28
SP-004324,SP,São Paulo,Mooca,Zona Leste,Apartamento,67,2,2,1,2009,17,2015,6469.47,433454.49
SP-004325,SP,São Paulo,Ipiranga,Zona Sul,Apartamento,93,3,2,2,2025,1,2022,10697.41,994859.13
SP-004326,SP,São Paulo,Jardim Paulista,Zona Oeste,Apartamento,85,3,3,2,2011,15,2018,13262.41,1127304.85
SP-004327,SP,São Paulo,Saúde,Zona Sul,Casa,147,4,5,5,2014,12,2016,7393.54,1086850.38
SP-004328,SP,São Paulo,Saúde,Zona Sul,Casa,85,3,3,3,2012,14,2014,5968.18,507295.3
SP-004329,SP,São Paulo,Itaim Bibi,Zona Sul/Oeste,Apartamento,48,1,1,0,2019,7,2015,12647.04,607057.92
SP-004330,SP,São Paulo,Pinheiros,Zona Oeste,Apartamento,51,2,2,1,1993,33,2024,12775.17,651533.67
SP-004331,SP,São Paulo,Campo Belo,Zona Sul,Apartamento,44,1,1,0,1998,28,2020,8762.53,385551.32
SP-004332,SP,São Paulo,Morumbi,Zona Sul,Cobertura,128,3,3,1,1994,32,2015,8253.87,1056495.36
SP-004333,SP,São Paulo,Brooklin,Zona Sul,Apartamento,47,1,1,1,1998,28,2025,12276.91,577014.77
SP-004334,SP,São Paulo,Lapa,Zona Oeste,Apartamento,64,2,1,1,2006,20,2017,7447.13,476616.32
SP-004335,SP,São Paulo,Itaim Bibi,Zona Sul/Oeste,Apartamento,66,3,1,1,1991,35,2018,11583.21,764491.86
SP-004336,SP,São Paulo,Bela Vista,Centro/Sul,Apartamento,64,2,1,1,1998,28,2015,5995.76,383728.64
SP-004337,SP,São Paulo,Saúde,Zona Sul,Apartamento,72,2,1,1,2022,4,2025,9514.17,685020.24
SP-004338,SP,São Paulo,Tatuapé,Zona Leste,Apartamento,141,4,3,3,2020,6,2020,10904.62,1537551.42
SP-004339,SP,São Paulo,Santana,Zona Norte,Apartamento,45,1,1,0,2014,12,2020,6621.99,297989.55
SP-004340,SP,São Paulo,Santana,Zona Norte,Apartamento,56,2,2,1,2017,9,2019,8541.15,478304.4
SP-004341,SP,São Paulo,Vila Madalena,Zona Oeste,Cobertura,134,3,2,1,2013,13,2013,12395.87,1661046.58
SP-004342,SP,São Paulo,Jardim Paulista,Zona Oeste,Apartamento,61,2,1,2,2000,26,2020,11885.08,724989.88
SP-004343,SP,São Paulo,Tatuapé,Zona Leste,Casa,130,3,3,2,1996,30,2014,6042.67,785547.1
SP-004344,SP,São Paulo,Itaim Bibi,Zona Sul/Oeste,Casa,102,4,3,2,2004,22,2019,12108.14,1235030.28
SP-004345,SP,São Paulo,Itaim Bibi,Zona Sul/Oeste,Casa,133,3,3,2,2023,3,2023,18419.8,2449833.4
SP-004346,SP,São Paulo,Vila Mariana,Zona Sul,Casa,123,3,3,3,1975,51,2026,10836.08,1332837.84
SP-004347,SP,São Paulo,Mooca,Zona Leste,Apartamento,42,1,1,0,1997,29,2017,6349.04,266659.68
SP-004348,SP,São Paulo,Ipiranga,Zona Sul,Apartamento,48,1,1,0,2014,12,2013,4968.39,238482.72
SP-004349,SP,São Paulo,Vila Madalena,Zona Oeste,Casa,202,5,4,3,2020,6,2016,10147.65,2049825.3
SP-004350,SP,São Paulo,Pinheiros,Zona Oeste,Apartamento,100,3,3,2,2023,3,2014,13544.1,1354410.0
SP-004351,SP,São Paulo,Moema,Zona Sul,Apartamento,64,2,1,1,1977,49,2015,8736.63,559144.32
SP-004352,SP,São Paulo,Santana,Zona Norte,Cobertura,129,2,3,3,2008,18,2022,11812.01,1523749.29
SP-004353,SP,São Paulo,Vila Madalena,Zona Oeste,Apartamento,69,2,2,1,2017,9,2014,10570.93,729394.17
SP-004354,SP,São Paulo,Vila Mariana,Zona Sul,Apartamento,49,1,1,0,1999,27,2013,6961.0,341089.0
SP-004355,SP,São Paulo,Lapa,Zona Oeste,Apartamento,199,4,3,2,2025,1,2024,11929.32,2373934.68
SP-004356,SP,São Paulo,Mooca,Zona Leste,Apartamento,90,3,3,1,2018,8,2020,9393.87,845448.3
SP-004357,SP,São Paulo,Vila Madalena,Zona Oeste,Casa,110,3,2,2,2017,9,2026,16439.35,1808328.5
SP-004358,SP,São Paulo,Vila Madalena,Zona Oeste,Cobertura,149,4,4,3,2025,1,2014,18076.33,2693373.17
SP-004359,SP,São Paulo,Tatuapé,Zona Leste,Cobertura,197,3,5,4,1985,41,2025,13674.96,2693967.12
SP-004360,SP,São Paulo,Aclimação,Centro/Sul,Cobertura,210,3,5,2,1992,34,2022,13317.16,2796603.6
SP-004361,SP,São Paulo,Morumbi,Zona Sul,Apartamento,71,3,2,2,1998,28,2025,8889.22,631134.62
SP-004362,SP,São Paulo,Tatuapé,Zona Leste,Apartamento,35,1,1,1,2019,7,2020,9496.56,332379.6
SP-004363,SP,São Paulo,Mooca,Zona Leste,Apartamento,44,2,1,0,2013,13,2015,6032.74,265440.56
SP-004364,SP,São Paulo,Itaim Bibi,Zona Sul/Oeste,Apartamento,126,4,3,1,1997,29,2019,11253.65,1417959.9
SP-004365,SP,São Paulo,Morumbi,Zona Sul,Apartamento,97,3,3,2,2021,5,2019,8583.2,832570.4
SP-004366,SP,São Paulo,Saúde,Zona Sul,Apartamento,37,1,1,0,1984,42,2020,6479.97,239758.89
SP-004367,SP,São Paulo,Itaim Bibi,Zona Sul/Oeste,Cobertura,235,5,4,4,1985,41,2018,19106.57,4490043.95
SP-004368,SP,São Paulo,Santana,Zona Norte,Casa,83,2,1,2,2014,12,2023,7681.54,637567.82
SP-004369,SP,São Paulo,Bela Vista,Centro/Sul,Apartamento,38,1,1,1,1977,49,2023,7931.73,301405.74
SP-004370,SP,São Paulo,Ipiranga,Zona Sul,Apartamento,76,2,1,1,1988,38,2019,6283.07,477513.32
SP-004371,SP,São Paulo,Brooklin,Zona Sul,Casa,120,2,3,3,2018,8,2026,15350.2,1842024.0
SP-004372,SP,São Paulo,Tatuapé,Zona Leste,Apartamento,80,3,1,1,2006,20,2020,6992.27,559381.6
SP-004373,SP,São Paulo,Saúde,Zona Sul,Casa,240,5,3,2,1991,35,2014,5389.93,1293583.2
SP-004374,SP,São Paulo,Bela Vista,Centro/Sul,Apartamento,147,4,3,3,2021,5,2021,10897.48,1601929.56
SP-004375,SP,São Paulo,Saúde,Zona Sul,Apartamento,84,2,2,1,2013,13,2023,8515.39,715292.76
SP-004376,SP,São Paulo,Moema,Zona Sul,Casa,86,3,3,2,2017,9,2026,15642.25,1345233.5
SP-004377,SP,São Paulo,Campo Belo,Zona Sul,Apartamento,254,5,4,3,1982,44,2024,9705.63,2465230.02
SP-004378,SP,São Paulo,Vila Madalena,Zona Oeste,Apartamento,87,4,2,2,2022,4,2023,15827.05,1376953.35
SP-004379,SP,São Paulo,Moema,Zona Sul,Apartamento,98,3,3,2,2013,13,2015,11011.08,1079085.84
SP-004380,SP,São Paulo,Tatuapé,Zona Leste,Apartamento,61,3,1,2,2019,7,2018,8402.22,512535.42
SP-004381,SP,São Paulo,Jardim Paulista,Zona Oeste,Apartamento,63,3,2,1,2019,7,2018,14766.59,930295.17
SP-004382,SP,São Paulo,Ipiranga,Zona Sul,Apartamento,59,2,2,1,1982,44,2021,7256.13,428111.67
SP-004383,SP,São Paulo,Ipiranga,Zona Sul,Apartamento,79,2,1,1,1982,44,2014,4745.48,374892.92
SP-004384,SP,São Paulo,Morumbi,Zona Sul,Apartamento,64,2,2,2,2012,14,2018,6796.35,434966.4
SP-004385,SP,São Paulo,Lapa,Zona Oeste,Apartamento,54,3,1,1,2022,4,2021,9656.22,521435.88
SP-004386,SP,São Paulo,Saúde,Zona Sul,Casa,247,4,5,2,2005,21,2024,8497.17,2098800.99
SP-004387,SP,São Paulo,Ipiranga,Zona Sul,Apartamento,40,2,1,0,2021,5,2013,6060.81,242432.4
SP-004388,SP,São Paulo,Moema,Zona Sul,Apartamento,48,2,1,1,2005,21,2017,12456.59,597916.32
SP-004389,SP,São Paulo,Jardim Paulista,Zona Oeste,Casa,102,4,2,3,2019,7,2024,16218.0,1654236.0
SP-004390,SP,São Paulo,Bela Vista,Centro/Sul,Apartamento,145,4,4,5,2001,25,2024,11954.07,1733340.15
SP-004391,SP,São Paulo,Itaim Bibi,Zona Sul/Oeste,Apartamento,35,1,1,0,1990,36,2017,9108.16,318785.6
SP-004392,SP,São Paulo,Vila Madalena,Zona Oeste,Apartamento,42,1,1,1,1977,49,2016,8337.12,350159.04
SP-004393,SP,São Paulo,Lapa,Zona Oeste,Apartamento,52,2,2,1,2010,16,2023,9434.61,490599.72
SP-004394,SP,São Paulo,Perdizes,Zona Oeste,Cobertura,244,5,4,3,2001,25,2018,16575.77,4044487.88
SP-004395,SP,São Paulo,Vila Mariana,Zona Sul,Casa,136,3,2,2,2009,17,2024,11233.23,1527719.28
SP-004396,SP,São Paulo,Campo Belo,Zona Sul,Casa,192,5,4,2,2014,12,2016,8775.7,1684934.4
SP-004397,SP,São Paulo,Vila Madalena,Zona Oeste,Apartamento,66,2,2,1,2012,14,2020,11591.91,765066.06
SP-004398,SP,São Paulo,Perdizes,Zona Oeste,Apartamento,66,2,1,2,2019,7,2013,9215.21,608203.86
SP-004399,SP,São Paulo,Saúde,Zona Sul,Casa,99,3,3,2,2018,8,2020,8499.28,841428.72
SP-004400,SP,São Paulo,Perdizes,Zona Oeste,Apartamento,75,2,1,2,2000,26,2019,10363.69,777276.75
SP-004401,SP,São Paulo,Perdizes,Zona Oeste,Apartamento,293,3,4,5,1993,33,2019,12092.15,3542999.95
SP-004402,SP,São Paulo,Mooca,Zona Leste,Casa,111,3,3,3,1999,27,2018,7101.06,788217.66
SP-004403,SP,São Paulo,Itaim Bibi,Zona Sul/Oeste,Casa,106,2,3,2,2006,20,2015,11952.28,1266941.68
SP-004404,SP,São Paulo,Saúde,Zona Sul,Apartamento,36,1,1,1,2019,7,2024,9429.78,339472.08
SP-004405,SP,São Paulo,Tatuapé,Zona Leste,Apartamento,44,2,1,0,1988,38,2021,6980.31,307133.64
SP-004406,SP,São Paulo,Vila Madalena,Zona Oeste,Apartamento,58,2,2,1,2003,23,2013,8665.45,502596.1
SP-004407,SP,São Paulo,Aclimação,Centro/Sul,Apartamento,43,1,1,1,2019,7,2021,10116.25,434998.75
SP-004408,SP,São Paulo,Tatuapé,Zona Leste,Casa,183,3,4,3,1986,40,2021,8852.73,1620049.59
SP-004409,SP,São Paulo,Santana,Zona Norte,Apartamento,70,2,2,1,2012,14,2022,8225.34,575773.8
SP-004410,SP,São Paulo,Tatuapé,Zona Leste,Cobertura,141,5,4,3,2005,21,2021,14620.21,2061449.61
SP-004411,SP,São Paulo,Jardim Paulista,Zona Oeste,Apartamento,34,1,1,0,2023,3,2020,14449.65,491288.1
SP-004412,SP,São Paulo,Bela Vista,Centro/Sul,Apartamento,64,3,1,1,2011,15,2023,8805.39,563544.96
SP-004413,SP,São Paulo,Vila Mariana,Zona Sul,Apartamento,58,2,1,2,2007,19,2019,10012.74,580738.92
SP-004414,SP,São Paulo,Vila Mariana,Zona Sul,Apartamento,33,1,1,0,2019,7,2025,13907.04,458932.32
SP-004415,SP,São Paulo,Brooklin,Zona Sul,Apartamento,68,3,1,2,2019,7,2016,11749.86,798990.48
SP-004416,SP,São Paulo,Jardim Paulista,Zona Oeste,Apartamento,113,3,3,3,2003,23,2016,14202.56,1604889.28
SP-004417,SP,São Paulo,Pinheiros,Zona Oeste,Apartamento,172,5,5,3,1982,44,2026,15063.69,2590954.68
SP-004418,SP,São Paulo,Tatuapé,Zona Leste,Casa,155,4,4,4,1997,29,2022,8963.75,1389381.25
SP-004419,SP,São Paulo,Ipiranga,Zona Sul,Apartamento,101,2,3,2,2002,24,2021,8108.33,818941.33
SP-004420,SP,São Paulo,Vila Mariana,Zona Sul,Apartamento,46,1,1,0,1980,46,2016,7369.77,339009.42
SP-004421,SP,São Paulo,Vila Mariana,Zona Sul,Apartamento,48,1,1,0,2009,17,2020,10291.47,493990.56
SP-004422,SP,São Paulo,Vila Madalena,Zona Oeste,Apartamento,77,3,2,1,2001,25,2018,10324.94,795020.38
SP-004423,SP,São Paulo,Vila Mariana,Zona Sul,Apartamento,182,4,4,5,2014,12,2021,12219.68,2223981.76
SP-004424,SP,São Paulo,Perdizes,Zona Oeste,Apartamento,37,1,1,0,2013,13,2016,8868.22,328124.14
SP-004425,SP,São Paulo,Aclimação,Centro/Sul,Apartamento,73,2,1,1,2024,2,2024,11627.35,848796.55
SP-004426,SP,São Paulo,Moema,Zona Sul,Apartamento,48,1,1,1,1979,47,2013,9188.24,441035.52
SP-004427,SP,São Paulo,Moema,Zona Sul,Apartamento,87,3,2,2,2017,9,2018,13585.41,1181930.67
SP-004428,SP,São Paulo,Aclimação,Centro/Sul,Apartamento,65,2,2,1,1983,43,2024,8531.38,554539.7
SP-004429,SP,São Paulo,Tatuapé,Zona Leste,Apartamento,230,4,5,4,2016,10,2025,12370.13,2845129.9
SP-004430,SP,São Paulo,Lapa,Zona Oeste,Apartamento,56,3,2,1,2005,21,2022,9225.8,516644.8
SP-004431,SP,São Paulo,Morumbi,Zona Sul,Apartamento,97,4,2,2,2005,21,2019,6999.23,678925.31
SP-004432,SP,São Paulo,Pinheiros,Zona Oeste,Casa,85,3,2,2,1999,27,2024,13423.64,1141009.4
SP-004433,SP,São Paulo,Morumbi,Zona Sul,Casa,157,5,4,5,2012,14,2022,8924.58,1401159.06
SP-004434,SP,São Paulo,Aclimação,Centro/Sul,Apartamento,117,4,3,2,2004,22,2018,7621.05,891662.85
SP-004435,SP,São Paulo,Bela Vista,Centro/Sul,Apartamento,71,2,1,2,2011,15,2015,7378.11,523845.81
SP-004436,SP,São Paulo,Santana,Zona Norte,Apartamento,42,1,1,0,2011,15,2015,5784.88,242964.96
SP-004437,SP,São Paulo,Tatuapé,Zona Leste,Casa,119,3,3,2,2015,11,2018,7668.48,912549.12
SP-004438,SP,São Paulo,Jardim Paulista,Zona Oeste,Apartamento,98,3,3,1,2009,17,2019,14735.74,1444102.52
SP-004439,SP,São Paulo,Moema,Zona Sul,Apartamento,88,3,3,2,2010,16,2013,10674.63,939367.44
SP-004440,SP,São Paulo,Lapa,Zona Oeste,Cobertura,484,3,3,3,2012,14,2022,14438.15,6988064.6
SP-004441,SP,São Paulo,Santana,Zona Norte,Apartamento,35,1,1,1,2024,2,2025,10765.03,376776.05
SP-004442,SP,São Paulo,Morumbi,Zona Sul,Casa,267,4,3,3,2006,20,2023,8769.49,2341453.83
SP-004443,SP,São Paulo,Aclimação,Centro/Sul,Casa,206,5,4,5,1976,50,2020,8085.72,1665658.32
SP-004444,SP,São Paulo,Pinheiros,Zona Oeste,Apartamento,205,3,4,4,2001,25,2015,12359.32,2533660.6
SP-004445,SP,São Paulo,Bela Vista,Centro/Sul,Apartamento,79,2,2,1,1982,44,2020,6935.53,547906.87
SP-004446,SP,São Paulo,Tatuapé,Zona Leste,Apartamento,41,1,1,0,2022,4,2019,9121.03,373962.23
SP-004447,SP,São Paulo,Vila Mariana,Zona Sul,Apartamento,56,2,2,1,2011,15,2015,8761.77,490659.12
SP-004448,SP,São Paulo,Campo Belo,Zona Sul,Apartamento,78,2,2,1,2012,14,2017,9940.88,775388.64
SP-004449,SP,São Paulo,Jardim Paulista,Zona Oeste,Casa,106,3,3,2,2001,25,2022,13721.02,1454428.12
SP-004450,SP,São Paulo,Vila Mariana,Zona Sul,Apartamento,55,2,2,1,2022,4,2022,12807.86,704432.3
SP-004451,SP,São Paulo,Vila Mariana,Zona Sul,Apartamento,50,2,2,1,1989,37,2024,10975.71,548785.5
SP-004452,SP,São Paulo,Pinheiros,Zona Oeste,Casa,321,3,5,3,2020,6,2013,10498.61,3370053.81
SP-004453,SP,São Paulo,Morumbi,Zona Sul,Apartamento,52,3,1,1,2005,21,2026,9372.44,487366.88
SP-004454,SP,São Paulo,Morumbi,Zona Sul,Apartamento,57,2,1,1,2004,22,2019,7554.5,430606.5
SP-004455,SP,São Paulo,Itaim Bibi,Zona Sul/Oeste,Apartamento,46,1,1,0,2012,14,2023,12618.76,580462.96
SP-004456,SP,São Paulo,Brooklin,Zona Sul,Apartamento,89,3,3,2,1989,37,2021,10679.49,950474.61
SP-004457,SP,São Paulo,Brooklin,Zona Sul,Apartamento,118,3,2,2,1987,39,2024,11750.38,1386544.84
SP-004458,SP,São Paulo,Perdizes,Zona Oeste,Apartamento,41,2,1,0,1977,49,2022,8822.38,361717.58
SP-004459,SP,São Paulo,Pinheiros,Zona Oeste,Casa,93,3,3,1,1996,30,2015,9665.24,898867.32
SP-004460,SP,São Paulo,Brooklin,Zona Sul,Casa,251,3,4,4,1997,29,2015,9104.23,2285161.73
SP-004461,SP,São Paulo,Mooca,Zona Leste,Apartamento,47,2,1,0,1980,46,2021,6493.83,305210.01
SP-004462,SP,São Paulo,Morumbi,Zona Sul,Cobertura,265,3,4,4,2015,11,2019,12286.7,3255975.5
SP-004463,SP,São Paulo,Mooca,Zona Leste,Apartamento,91,4,2,2,2008,18,2024,9517.87,866126.17
SP-004464,SP,São Paulo,Lapa,Zona Oeste,Apartamento,129,3,2,1,2018,8,2025,9877.55,1274203.95
SP-004465,SP,São Paulo,Morumbi,Zona Sul,Apartamento,52,2,1,1,1987,39,2024,8486.42,441293.84
SP-004466,SP,São Paulo,Jardim Paulista,Zona Oeste,Apartamento,44,1,1,0,2012,14,2013,9908.83,435988.52
SP-004467,SP,São Paulo,Aclimação,Centro/Sul,Apartamento,101,3,2,3,2024,2,2026,13530.76,1366606.76
SP-004468,SP,São Paulo,Brooklin,Zona Sul,Casa,84,2,2,1,2025,1,2021,12794.75,1074759.0
SP-004469,SP,São Paulo,Campo Belo,Zona Sul,Apartamento,55,3,1,2,1980,46,2020,9421.54,518184.7
SP-004470,SP,São Paulo,Mooca,Zona Leste,Apartamento,58,2,2,2,2008,18,2022,8138.69,472044.02
SP-004471,SP,São Paulo,Vila Mariana,Zona Sul,Apartamento,72,2,2,1,2006,20,2026,12319.64,887014.08
SP-004472,SP,São Paulo,Perdizes,Zona Oeste,Apartamento,142,4,4,3,2018,8,2021,13657.6,1939379.2
SP-004473,SP,São Paulo,Santana,Zona Norte,Apartamento,32,1,1,1,1995,31,2026,7713.21,246822.72
SP-004474,SP,São Paulo,Vila Madalena,Zona Oeste,Apartamento,40,1,1,1,2021,5,2025,13901.25,556050.0
SP-004475,SP,São Paulo,Bela Vista,Centro/Sul,Apartamento,71,2,1,1,2006,20,2025,9904.18,703196.78
SP-004476,SP,São Paulo,Campo Belo,Zona Sul,Casa,107,3,3,3,2009,17,2024,13045.93,1395914.51
SP-004477,SP,São Paulo,Itaim Bibi,Zona Sul/Oeste,Apartamento,100,3,3,2,2011,15,2023,15498.11,1549811.0
SP-004478,SP,São Paulo,Vila Madalena,Zona Oeste,Apartamento,78,3,1,1,2013,13,2013,10123.94,789667.32
SP-004479,SP,São Paulo,Brooklin,Zona Sul,Apartamento,40,1,1,1,2006,20,2017,9305.07,372202.8
SP-004480,SP,São Paulo,Jardim Paulista,Zona Oeste,Apartamento,88,3,2,2,2015,11,2026,18755.23,1650460.24
SP-004481,SP,São Paulo,Bela Vista,Centro/Sul,Apartamento,96,3,2,2,2023,3,2017,9362.69,898818.24
SP-004482,SP,São Paulo,Vila Mariana,Zona Sul,Apartamento,148,3,4,3,1983,43,2019,9953.9,1473177.2
SP-004483,SP,São Paulo,Jardim Paulista,Zona Oeste,Apartamento,63,2,2,1,2000,26,2023,14242.9,897302.7
SP-004484,SP,São Paulo,Campo Belo,Zona Sul,Apartamento,62,2,2,1,1995,31,2016,8333.11,516652.82
SP-004485,SP,São Paulo,Perdizes,Zona Oeste,Casa,284,4,4,3,2023,3,2024,16835.75,4781353.0
SP-004486,SP,São Paulo,Perdizes,Zona Oeste,Casa,103,2,2,3,2003,23,2017,9728.82,1002068.46
SP-004487,SP,São Paulo,Saúde,Zona Sul,Apartamento,60,2,2,1,2025,1,2026,11901.47,714088.2
SP-004488,SP,São Paulo,Pinheiros,Zona Oeste,Apartamento,85,3,2,3,1984,42,2024,12350.54,1049795.9
SP-004489,SP,São Paulo,Itaim Bibi,Zona Sul/Oeste,Apartamento,125,3,3,2,1999,27,2014,11060.08,1382510.0
SP-004490,SP,São Paulo,Aclimação,Centro/Sul,Casa,218,4,4,3,2005,21,2020,9249.17,2016319.06
SP-004491,SP,São Paulo,Santana,Zona Norte,Apartamento,93,3,2,1,2016,10,2014,6858.5,637840.5
SP-004492,SP,São Paulo,Saúde,Zona Sul,Apartamento,47,1,1,0,2024,2,2021,9555.32,449100.04
SP-004493,SP,São Paulo,Itaim Bibi,Zona Sul/Oeste,Casa,187,4,4,4,2009,17,2013,11410.09,2133686.83
SP-004494,SP,São Paulo,Pinheiros,Zona Oeste,Apartamento,39,2,1,1,2008,18,2016,10803.86,421350.54
SP-004495,SP,São Paulo,Campo Belo,Zona Sul,Apartamento,76,3,1,1,1987,39,2014,7795.65,592469.4
SP-004496,SP,São Paulo,Perdizes,Zona Oeste,Apartamento,99,2,3,3,2019,7,2021,13812.94,1367481.06
SP-004497,SP,São Paulo,Tatuapé,Zona Leste,Casa,111,4,3,2,2010,16,2013,6231.62,691709.82
SP-004498,SP,São Paulo,Morumbi,Zona Sul,Apartamento,124,4,3,2,2004,22,2020,7755.42,961672.08
SP-004499,SP,São Paulo,Santana,Zona Norte,Casa,133,3,2,1,2022,4,2023,8257.85,1098294.05
SP-004500,SP,São Paulo,Itaim Bibi,Zona Sul/Oeste,Casa,243,4,5,2,2008,18,2023,13951.28,3390161.04
SP-004501,SP,São Paulo,Pinheiros,Zona Oeste,Apartamento,53,2,1,1,2023,3,2017,13992.77,741616.81
SP-004502,SP,São Paulo,Tatuapé,Zona Leste,Apartamento,91,4,2,2,2025,1,2018,10262.9,933923.9
SP-004503,SP,São Paulo,Aclimação,Centro/Sul,Apartamento,41,1,1,0,2000,26,2015,6535.75,267965.75
SP-004504,SP,São Paulo,Bela Vista,Centro/Sul,Apartamento,79,2,1,2,2015,11,2015,7380.05,583023.95
SP-004505,SP,São Paulo,Itaim Bibi,Zona Sul/Oeste,Apartamento,51,2,2,1,2009,17,2013,10599.45,540571.95
SP-004506,SP,São Paulo,Vila Madalena,Zona Oeste,Apartamento,43,1,1,0,2021,5,2026,14901.31,640756.33
SP-004507,SP,São Paulo,Campo Belo,Zona Sul,Apartamento,34,1,1,0,2013,13,2019,9959.9,338636.6
SP-004508,SP,São Paulo,Brooklin,Zona Sul,Apartamento,41,1,1,1,1990,36,2017,10711.01,439151.41
SP-004509,SP,São Paulo,Bela Vista,Centro/Sul,Cobertura,133,4,3,2,2022,4,2024,15076.57,2005183.81
SP-004510,SP,São Paulo,Tatuapé,Zona Leste,Casa,238,5,3,3,2017,9,2016,7694.86,1831376.68
SP-004511,SP,São Paulo,Jardim Paulista,Zona Oeste,Apartamento,63,2,2,2,1976,50,2025,14009.7,882611.1
SP-004512,SP,São Paulo,Perdizes,Zona Oeste,Casa,103,4,2,2,2017,9,2016,9389.58,967126.74
SP-004513,SP,São Paulo,Santana,Zona Norte,Casa,214,3,5,4,2014,12,2020,7480.9,1600912.6
SP-004514,SP,São Paulo,Lapa,Zona Oeste,Casa,136,3,3,2,2002,24,2014,6370.93,866446.48
SP-004515,SP,São Paulo,Saúde,Zona Sul,Casa,122,3,3,2,2003,23,2026,9458.19,1153899.18
SP-004516,SP,São Paulo,Saúde,Zona Sul,Casa,221,3,3,2,2022,4,2019,8079.98,1785675.58
SP-004517,SP,São Paulo,Santana,Zona Norte,Apartamento,139,3,3,1,2023,3,2024,10496.1,1458957.9
SP-004518,SP,São Paulo,Brooklin,Zona Sul,Apartamento,36,1,1,1,2023,3,2014,10455.24,376388.64
SP-004519,SP,São Paulo,Vila Madalena,Zona Oeste,Apartamento,78,2,2,1,2024,2,2019,14272.28,1113237.84
SP-004520,SP,São Paulo,Perdizes,Zona Oeste,Apartamento,70,2,1,2,2025,1,2016,12649.82,885487.4
SP-004521,SP,São Paulo,Vila Mariana,Zona Sul,Apartamento,69,2,2,1,2009,17,2026,13419.03,925913.07
SP-004522,SP,São Paulo,Vila Madalena,Zona Oeste,Apartamento,93,3,2,2,2018,8,2022,13840.95,1287208.35
SP-004523,SP,São Paulo,Brooklin,Zona Sul,Apartamento,110,3,3,2,2023,3,2024,15567.96,1712475.6
SP-004524,SP,São Paulo,Brooklin,Zona Sul,Apartamento,55,2,1,1,2008,18,2020,10537.74,579575.7
SP-004525,SP,São Paulo,Bela Vista,Centro/Sul,Apartamento,74,2,1,1,1976,50,2020,7531.24,557311.76
SP-004526,SP,São Paulo,Pinheiros,Zona Oeste,Apartamento,86,3,2,2,2021,5,2016,12321.47,1059646.42
SP-004527,SP,São Paulo,Vila Madalena,Zona Oeste,Apartamento,40,2,1,0,2000,26,2023,10625.21,425008.4
SP-004528,SP,São Paulo,Saúde,Zona Sul,Casa,313,5,4,3,2023,3,2014,8030.65,2513593.45
SP-004529,SP,São Paulo,Perdizes,Zona Oeste,Apartamento,158,5,5,3,2025,1,2025,16488.49,2605181.42
SP-004530,SP,São Paulo,Mooca,Zona Leste,Apartamento,93,3,3,2,2020,6,2019,8318.08,773581.44
SP-004531,SP,São Paulo,Aclimação,Centro/Sul,Apartamento,46,1,1,0,1995,31,2015,6535.24,300621.04
SP-004532,SP,São Paulo,Saúde,Zona Sul,Casa,137,3,3,2,2011,15,2022,8006.41,1096878.17
SP-004533,SP,São Paulo,Moema,Zona Sul,Apartamento,57,3,2,1,1979,47,2024,12796.71,729412.47
SP-004534,SP,São Paulo,Vila Madalena,Zona Oeste,Apartamento,65,3,2,2,2019,7,2018,12676.95,824001.75
SP-004535,SP,São Paulo,Tatuapé,Zona Leste,Apartamento,114,3,2,2,2016,10,2013,7013.92,799586.88
SP-004536,SP,São Paulo,Vila Mariana,Zona Sul,Apartamento,114,4,2,3,1978,48,2014,7963.11,907794.54
SP-004537,SP,São Paulo,Lapa,Zona Oeste,Apartamento,46,1,1,1,1996,30,2025,8915.93,410132.78
SP-004538,SP,São Paulo,Bela Vista,Centro/Sul,Apartamento,94,3,2,2,2022,4,2017,9048.75,850582.5
SP-004539,SP,São Paulo,Santana,Zona Norte,Cobertura,166,4,4,5,2013,13,2020,12195.74,2024492.84
SP-004540,SP,São Paulo,Jardim Paulista,Zona Oeste,Casa,197,5,4,2,2012,14,2025,15329.9,3019990.3
SP-004541,SP,São Paulo,Mooca,Zona Leste,Apartamento,48,1,1,0,2025,1,2019,9321.36,447425.28
SP-004542,SP,São Paulo,Vila Mariana,Zona Sul,Apartamento,49,1,1,0,2009,17,2026,11705.15,573552.35
SP-004543,SP,São Paulo,Morumbi,Zona Sul,Cobertura,184,3,4,2,1993,33,2013,7819.64,1438813.76
SP-004544,SP,São Paulo,Santana,Zona Norte,Apartamento,61,3,1,2,1998,28,2025,8035.68,490176.48
SP-004545,SP,São Paulo,Campo Belo,Zona Sul,Apartamento,58,2,1,1,2005,21,2019,9515.23,551883.34
SP-004546,SP,São Paulo,Mooca,Zona Leste,Apartamento,70,2,1,1,2024,2,2019,8593.78,601564.6
SP-004547,SP,São Paulo,Pinheiros,Zona Oeste,Casa,104,2,3,2,1991,35,2022,12077.97,1256108.88
SP-004548,SP,São Paulo,Santana,Zona Norte,Apartamento,63,2,2,1,2007,19,2023,7494.07,472126.41
SP-004549,SP,São Paulo,Jardim Paulista,Zona Oeste,Apartamento,50,3,2,1,1999,27,2022,13054.18,652709.0
SP-004550,SP,São Paulo,Tatuapé,Zona Leste,Apartamento,219,4,4,2,2021,5,2013,6958.66,1523946.54
SP-004551,SP,São Paulo,Lapa,Zona Oeste,Apartamento,84,3,1,1,2004,22,2020,8060.79,677106.36
SP-004552,SP,São Paulo,Ipiranga,Zona Sul,Apartamento,45,1,1,1,1983,43,2014,4950.24,222760.8
SP-004553,SP,São Paulo,Tatuapé,Zona Leste,Apartamento,58,2,2,1,1977,49,2021,7932.58,460089.64
SP-004554,SP,São Paulo,Ipiranga,Zona Sul,Casa,204,5,3,3,2004,22,2016,6176.33,1259971.32
SP-004555,SP,São Paulo,Ipiranga,Zona Sul,Apartamento,44,1,1,0,2025,1,2016,8340.05,366962.2
SP-004556,SP,São Paulo,Saúde,Zona Sul,Apartamento,43,1,1,0,2005,21,2016,6595.61,283611.23
SP-004557,SP,São Paulo,Campo Belo,Zona Sul,Apartamento,98,3,3,2,2024,2,2017,13354.54,1308744.92
SP-004558,SP,São Paulo,Vila Mariana,Zona Sul,Casa,88,3,3,3,2019,7,2025,11784.95,1037075.6
SP-004559,SP,São Paulo,Jardim Paulista,Zona Oeste,Apartamento,64,2,1,2,2006,20,2020,14792.13,946696.32
SP-004560,SP,São Paulo,Jardim Paulista,Zona Oeste,Apartamento,61,2,1,1,2022,4,2019,14503.04,884685.44
SP-004561,SP,São Paulo,Brooklin,Zona Sul,Apartamento,38,1,1,1,2006,20,2023,12171.81,462528.78
SP-004562,SP,São Paulo,Bela Vista,Centro/Sul,Apartamento,35,1,1,1,2007,19,2021,8371.66,293008.1
SP-004563,SP,São Paulo,Bela Vista,Centro/Sul,Apartamento,144,3,4,2,2014,12,2023,9407.5,1354680.0
SP-004564,SP,São Paulo,Vila Madalena,Zona Oeste,Casa,174,5,4,4,2009,17,2020,12712.09,2211903.66
SP-004565,SP,São Paulo,Ipiranga,Zona Sul,Apartamento,36,1,1,1,2017,9,2020,8366.77,301203.72
SP-004566,SP,São Paulo,Perdizes,Zona Oeste,Apartamento,40,1,1,0,2025,1,2015,9671.37,386854.8
SP-004567,SP,São Paulo,Vila Mariana,Zona Sul,Apartamento,146,3,3,5,2002,24,2016,10288.51,1502122.46
SP-004568,SP,São Paulo,Perdizes,Zona Oeste,Apartamento,71,3,2,1,1987,39,2020,8995.53,638682.63
SP-004569,SP,São Paulo,Jardim Paulista,Zona Oeste,Casa,154,4,5,5,2016,10,2018,16358.78,2519252.12
SP-004570,SP,São Paulo,Vila Madalena,Zona Oeste,Casa,117,2,3,2,2015,11,2020,12302.18,1439355.06
SP-004571,SP,São Paulo,Bela Vista,Centro/Sul,Apartamento,37,1,1,0,2016,10,2026,9943.46,367908.02
SP-004572,SP,São Paulo,Vila Madalena,Zona Oeste,Apartamento,47,1,1,1,1996,30,2020,11398.09,535710.23
SP-004573,SP,São Paulo,Bela Vista,Centro/Sul,Apartamento,75,2,1,1,2023,3,2013,7567.41,567555.75
SP-004574,SP,São Paulo,Campo Belo,Zona Sul,Casa,292,5,4,4,2016,10,2013,9669.28,2823429.76
SP-004575,SP,São Paulo,Bela Vista,Centro/Sul,Casa,110,3,3,1,2012,14,2020,7428.94,817183.4
SP-004576,SP,São Paulo,Moema,Zona Sul,Apartamento,45,2,1,1,2024,2,2018,14457.25,650576.25
SP-004577,SP,São Paulo,Campo Belo,Zona Sul,Apartamento,88,3,3,1,1993,33,2022,11612.91,1021936.08
SP-004578,SP,São Paulo,Bela Vista,Centro/Sul,Apartamento,83,2,2,1,2006,20,2019,8676.32,720134.56
SP-004579,SP,São Paulo,Mooca,Zona Leste,Apartamento,61,2,2,1,2003,23,2014,6004.37,366266.57
SP-004580,SP,São Paulo,Pinheiros,Zona Oeste,Apartamento,38,1,1,0,2004,22,2026,12638.57,480265.66
SP-004581,SP,São Paulo,Itaim Bibi,Zona Sul/Oeste,Apartamento,46,1,1,1,2006,20,2014,11759.53,540938.38
SP-004582,SP,São Paulo,Moema,Zona Sul,Apartamento,36,1,1,0,1997,29,2023,14053.52,505926.72
SP-004583,SP,São Paulo,Saúde,Zona Sul,Apartamento,72,2,1,1,2024,2,2018,9739.99,701279.28
SP-004584,SP,São Paulo,Perdizes,Zona Oeste,Apartamento,35,2,1,0,1985,41,2016,7786.85,272539.75
SP-004585,SP,São Paulo,Tatuapé,Zona Leste,Casa,354,5,4,2,2019,7,2023,9052.81,3204694.74
SP-004586,SP,São Paulo,Pinheiros,Zona Oeste,Apartamento,39,1,1,0,2013,13,2016,9805.51,382414.89
SP-004587,SP,São Paulo,Vila Madalena,Zona Oeste,Casa,405,3,3,2,2008,18,2026,14338.51,5807096.55
SP-004588,SP,São Paulo,Campo Belo,Zona Sul,Cobertura,152,4,4,3,2023,3,2026,27234.44,4139634.88
SP-004589,SP,São Paulo,Morumbi,Zona Sul,Apartamento,62,2,1,1,2020,6,2019,7527.19,466685.78
SP-004590,SP,São Paulo,Vila Madalena,Zona Oeste,Apartamento,103,3,2,2,1997,29,2024,11495.33,1184018.99
SP-004591,SP,São Paulo,Vila Madalena,Zona Oeste,Casa,169,4,3,4,2022,4,2015,10780.57,1821916.33
SP-004592,SP,São Paulo,Pinheiros,Zona Oeste,Apartamento,37,2,1,1,2016,10,2026,14971.11,553931.07
SP-004593,SP,São Paulo,Jardim Paulista,Zona Oeste,Apartamento,47,1,1,0,2004,22,2024,13558.38,637243.86
SP-004594,SP,São Paulo,Lapa,Zona Oeste,Apartamento,78,2,2,1,2021,5,2018,8877.55,692448.9
SP-004595,SP,São Paulo,Perdizes,Zona Oeste,Apartamento,32,2,1,0,1998,28,2024,11117.62,355763.84
SP-004596,SP,São Paulo,Pinheiros,Zona Oeste,Apartamento,96,4,3,2,2002,24,2015,10512.56,1009205.76
SP-004597,SP,São Paulo,Mooca,Zona Leste,Apartamento,52,3,1,1,1990,36,2019,7024.55,365276.6
SP-004598,SP,São Paulo,Moema,Zona Sul,Cobertura,171,5,3,5,1997,29,2026,25210.43,4310983.53
SP-004599,SP,São Paulo,Aclimação,Centro/Sul,Apartamento,61,2,2,1,2020,6,2014,8712.13,531439.93
SP-004600,SP,São Paulo,Lapa,Zona Oeste,Casa,136,3,2,2,2023,3,2016,8402.5,1142740.0
SP-004601,SP,São Paulo,Perdizes,Zona Oeste,Apartamento,107,3,3,2,2006,20,2026,12893.2,1379572.4
SP-004602,SP,São Paulo,Itaim Bibi,Zona Sul/Oeste,Apartamento,56,2,1,1,2014,12,2019,13162.17,737081.52
SP-004603,SP,São Paulo,Vila Madalena,Zona Oeste,Apartamento,33,1,1,0,2023,3,2026,16061.56,530031.48
SP-004604,SP,São Paulo,Vila Mariana,Zona Sul,Apartamento,57,2,2,2,2020,6,2018,10655.01,607335.57
SP-004605,SP,São Paulo,Morumbi,Zona Sul,Casa,173,5,4,3,2013,13,2013,6435.24,1113296.52
SP-004606,SP,São Paulo,Bela Vista,Centro/Sul,Apartamento,112,3,3,2,2002,24,2019,7998.34,895814.08
SP-004607,SP,São Paulo,Brooklin,Zona Sul,Apartamento,40,1,1,0,2018,8,2019,11176.16,447046.4
SP-004608,SP,São Paulo,Pinheiros,Zona Oeste,Apartamento,60,2,2,1,1997,29,2018,10406.02,624361.2
SP-004609,SP,São Paulo,Campo Belo,Zona Sul,Apartamento,127,3,3,3,2006,20,2019,11459.26,1455326.02
SP-004610,SP,São Paulo,Lapa,Zona Oeste,Apartamento,92,4,3,1,2023,3,2026,11904.13,1095179.96
SP-004611,SP,São Paulo,Santana,Zona Norte,Cobertura,167,5,4,4,2022,4,2025,15405.79,2572766.93
SP-004612,SP,São Paulo,Jardim Paulista,Zona Oeste,Apartamento,42,2,1,0,1991,35,2020,11963.14,502451.88
SP-004613,SP,São Paulo,Vila Mariana,Zona Sul,Apartamento,59,3,1,1,1996,30,2017,8932.4,527011.6
SP-004614,SP,São Paulo,Vila Mariana,Zona Sul,Apartamento,56,2,1,1,2020,6,2019,12023.21,673299.76
SP-004615,SP,São Paulo,Lapa,Zona Oeste,Apartamento,85,3,2,3,1986,40,2014,6971.74,592597.9
SP-004616,SP,São Paulo,Perdizes,Zona Oeste,Apartamento,43,1,1,0,2013,13,2013,7389.25,317737.75
SP-004617,SP,São Paulo,Itaim Bibi,Zona Sul/Oeste,Apartamento,42,2,1,0,2013,13,2026,16938.17,711403.14
SP-004618,SP,São Paulo,Vila Madalena,Zona Oeste,Cobertura,147,3,3,2,1983,43,2020,14355.17,2110209.99
SP-004619,SP,São Paulo,Saúde,Zona Sul,Apartamento,55,2,2,2,2017,9,2021,8782.81,483054.55
SP-004620,SP,São Paulo,Mooca,Zona Leste,Cobertura,130,3,2,2,2006,20,2019,10935.76,1421648.8
SP-004621,SP,São Paulo,Campo Belo,Zona Sul,Apartamento,167,4,4,3,2023,3,2018,12283.25,2051302.75
SP-004622,SP,São Paulo,Mooca,Zona Leste,Apartamento,61,2,2,2,1983,43,2017,6554.84,399845.24
SP-004623,SP,São Paulo,Mooca,Zona Leste,Casa,114,2,3,1,2025,1,2026,10946.27,1247874.78
SP-004624,SP,São Paulo,Campo Belo,Zona Sul,Apartamento,45,1,1,1,2023,3,2018,12807.3,576328.5
SP-004625,SP,São Paulo,Ipiranga,Zona Sul,Apartamento,71,2,2,1,1994,32,2023,6849.11,486286.81
SP-004626,SP,São Paulo,Ipiranga,Zona Sul,Apartamento,75,3,1,2,1988,38,2021,8391.27,629345.25
SP-004627,SP,São Paulo,Vila Mariana,Zona Sul,Apartamento,83,2,1,1,2004,22,2025,13114.74,1088523.42
SP-004628,SP,São Paulo,Mooca,Zona Leste,Casa,114,3,3,2,2006,20,2026,9092.42,1036535.88
SP-004629,SP,São Paulo,Aclimação,Centro/Sul,Apartamento,44,1,1,0,1985,41,2026,8780.88,386358.72
SP-004630,SP,São Paulo,Bela Vista,Centro/Sul,Casa,185,4,3,4,1998,28,2024,9200.7,1702129.5
SP-004631,SP,São Paulo,Saúde,Zona Sul,Apartamento,77,3,1,1,2017,9,2020,9139.33,703728.41
SP-004632,SP,São Paulo,Morumbi,Zona Sul,Apartamento,56,2,2,1,1984,42,2026,7899.55,442374.8
SP-004633,SP,São Paulo,Jardim Paulista,Zona Oeste,Casa,81,2,2,1,2014,12,2014,9672.0,783432.0
SP-004634,SP,São Paulo,Ipiranga,Zona Sul,Apartamento,60,2,2,1,1994,32,2026,7752.29,465137.4
SP-004635,SP,São Paulo,Lapa,Zona Oeste,Apartamento,54,3,1,1,1995,31,2026,8230.0,444420.0
SP-004636,SP,São Paulo,Moema,Zona Sul,Casa,141,4,5,4,2003,23,2017,11631.47,1640037.27
SP-004637,SP,São Paulo,Pinheiros,Zona Oeste,Casa,126,3,3,2,2017,9,2014,12000.22,1512027.72
SP-004638,SP,São Paulo,Itaim Bibi,Zona Sul/Oeste,Apartamento,41,1,1,1,2008,18,2021,14983.51,614323.91
SP-004639,SP,São Paulo,Perdizes,Zona Oeste,Apartamento,50,2,2,1,2001,25,2022,12168.38,608419.0
SP-004640,SP,São Paulo,Ipiranga,Zona Sul,Apartamento,61,3,2,1,2018,8,2019,7519.28,458676.08
SP-004641,SP,São Paulo,Campo Belo,Zona Sul,Apartamento,81,3,1,1,2008,18,2024,11991.0,971271.0
SP-004642,SP,São Paulo,Lapa,Zona Oeste,Casa,84,3,2,1,2021,5,2015,6757.7,567646.8
SP-004643,SP,São Paulo,Perdizes,Zona Oeste,Apartamento,51,2,2,1,2004,22,2018,9830.81,501371.31
SP-004644,SP,São Paulo,Itaim Bibi,Zona Sul/Oeste,Casa,158,4,4,3,2011,15,2013,11461.26,1810879.08
SP-004645,SP,São Paulo,Brooklin,Zona Sul,Apartamento,116,3,3,2,1999,27,2017,9737.62,1129563.92
SP-004646,SP,São Paulo,Morumbi,Zona Sul,Casa,139,4,3,2,2008,18,2015,6379.95,886813.05
SP-004647,SP,São Paulo,Jardim Paulista,Zona Oeste,Apartamento,47,1,1,0,1994,32,2024,13431.81,631295.07
SP-004648,SP,São Paulo,Saúde,Zona Sul,Apartamento,54,2,2,1,2021,5,2023,9302.26,502322.04
SP-004649,SP,São Paulo,Campo Belo,Zona Sul,Apartamento,32,1,1,0,1995,31,2026,11277.36,360875.52
SP-004650,SP,São Paulo,Morumbi,Zona Sul,Apartamento,74,3,2,1,2008,18,2026,9269.0,685906.0
SP-004651,SP,São Paulo,Pinheiros,Zona Oeste,Casa,134,3,2,3,2011,15,2016,12342.67,1653917.78
SP-004652,SP,São Paulo,Saúde,Zona Sul,Apartamento,78,2,2,1,1988,38,2021,7561.03,589760.34
SP-004653,SP,São Paulo,Morumbi,Zona Sul,Apartamento,109,3,2,1,2013,13,2026,8944.68,974970.12
SP-004654,SP,São Paulo,Aclimação,Centro/Sul,Apartamento,50,2,2,1,2022,4,2020,10028.08,501404.0
SP-004655,SP,São Paulo,Vila Madalena,Zona Oeste,Casa,191,3,4,4,2007,19,2018,11265.89,2151784.99
SP-004656,SP,São Paulo,Ipiranga,Zona Sul,Apartamento,59,3,2,1,1997,29,2015,6699.85,395291.15
SP-004657,SP,São Paulo,Ipiranga,Zona Sul,Casa,141,4,3,3,1977,49,2024,8299.9,1170285.9
SP-004658,SP,São Paulo,Tatuapé,Zona Leste,Casa,83,2,1,1,1980,46,2020,7276.62,603959.46
SP-004659,SP,São Paulo,Bela Vista,Centro/Sul,Apartamento,94,3,3,1,2016,10,2014,7431.3,698542.2
SP-004660,SP,São Paulo,Moema,Zona Sul,Apartamento,37,1,1,1,2019,7,2015,11511.04,425908.48
SP-004661,SP,São Paulo,Campo Belo,Zona Sul,Casa,117,3,3,2,2022,4,2013,8582.86,1004194.62
SP-004662,SP,São Paulo,Morumbi,Zona Sul,Apartamento,32,1,1,1,2019,7,2022,9266.04,296513.28
SP-004663,SP,São Paulo,Perdizes,Zona Oeste,Apartamento,63,2,1,1,1983,43,2020,8923.47,562178.61
SP-004664,SP,São Paulo,Vila Madalena,Zona Oeste,Apartamento,152,3,3,2,1996,30,2014,9735.43,1479785.36
SP-004665,SP,São Paulo,Aclimação,Centro/Sul,Apartamento,93,3,3,2,2018,8,2026,11485.38,1068140.34
SP-004666,SP,São Paulo,Vila Madalena,Zona Oeste,Casa,157,3,4,2,1979,47,2026,12325.04,1935031.28
SP-004667,SP,São Paulo,Lapa,Zona Oeste,Cobertura,145,5,3,2,2022,4,2013,9822.03,1424194.35
SP-004668,SP,São Paulo,Pinheiros,Zona Oeste,Cobertura,220,3,5,2,2015,11,2015,17179.04,3779388.8
SP-004669,SP,São Paulo,Saúde,Zona Sul,Apartamento,37,2,1,1,2019,7,2022,9062.18,335300.66
SP-004670,SP,São Paulo,Vila Madalena,Zona Oeste,Apartamento,60,2,2,1,2007,19,2022,12834.66,770079.6
SP-004671,SP,São Paulo,Brooklin,Zona Sul,Apartamento,62,3,2,1,1996,30,2025,12818.53,794748.86
SP-004672,SP,São Paulo,Ipiranga,Zona Sul,Apartamento,44,1,1,1,1988,38,2018,6665.44,293279.36
SP-004673,SP,São Paulo,Ipiranga,Zona Sul,Apartamento,48,1,1,0,1998,28,2016,5919.76,284148.48
SP-004674,SP,São Paulo,Campo Belo,Zona Sul,Casa,122,3,3,2,1980,46,2020,8455.01,1031511.22
SP-004675,SP,São Paulo,Aclimação,Centro/Sul,Apartamento,61,2,1,2,2024,2,2023,12504.32,762763.52
SP-004676,SP,São Paulo,Jardim Paulista,Zona Oeste,Cobertura,162,4,5,2,1994,32,2019,18593.9,3012211.8
SP-004677,SP,São Paulo,Tatuapé,Zona Leste,Cobertura,262,3,3,2,1987,39,2016,10676.16,2797153.92
SP-004678,SP,São Paulo,Tatuapé,Zona Leste,Apartamento,187,3,3,4,2008,18,2017,8240.33,1540941.71
SP-004679,SP,São Paulo,Itaim Bibi,Zona Sul/Oeste,Casa,80,2,2,1,2008,18,2016,12316.03,985282.4
SP-004680,SP,São Paulo,Tatuapé,Zona Leste,Apartamento,63,2,2,2,2012,14,2013,7122.31,448705.53
SP-004681,SP,São Paulo,Tatuapé,Zona Leste,Apartamento,47,1,1,1,2023,3,2016,7982.75,375189.25
SP-004682,SP,São Paulo,Lapa,Zona Oeste,Apartamento,40,2,1,0,2024,2,2019,8427.4,337096.0
SP-004683,SP,São Paulo,Jardim Paulista,Zona Oeste,Cobertura,172,5,5,3,1993,33,2013,14544.07,2501580.04
SP-004684,SP,São Paulo,Mooca,Zona Leste,Apartamento,70,3,2,1,2013,13,2023,8621.8,603526.0
SP-004685,SP,São Paulo,Saúde,Zona Sul,Apartamento,116,3,2,2,2007,19,2026,8423.96,977179.36
SP-004686,SP,São Paulo,Lapa,Zona Oeste,Apartamento,37,2,1,1,2015,11,2014,6274.22,232146.14
SP-004687,SP,São Paulo,Pinheiros,Zona Oeste,Apartamento,48,1,1,1,2006,20,2017,11312.48,542999.04
SP-004688,SP,São Paulo,Morumbi,Zona Sul,Apartamento,60,2,2,1,2021,5,2018,8042.55,482553.0
SP-004689,SP,São Paulo,Tatuapé,Zona Leste,Apartamento,34,1,1,0,2004,22,2017,7820.55,265898.7
SP-004690,SP,São Paulo,Ipiranga,Zona Sul,Apartamento,99,3,3,2,2008,18,2022,8230.35,814804.65
SP-004691,SP,São Paulo,Santana,Zona Norte,Apartamento,50,2,1,1,1992,34,2022,7313.92,365696.0
SP-004692,SP,São Paulo,Mooca,Zona Leste,Casa,99,3,3,2,2014,12,2019,6802.12,673409.88
SP-004693,SP,São Paulo,Aclimação,Centro/Sul,Apartamento,141,3,4,3,2008,18,2013,8340.09,1175952.69
SP-004694,SP,São Paulo,Moema,Zona Sul,Apartamento,142,3,3,3,1994,32,2019,12374.73,1757211.66
SP-004695,SP,São Paulo,Moema,Zona Sul,Casa,109,4,2,3,1999,27,2026,15418.27,1680591.43
SP-004696,SP,São Paulo,Perdizes,Zona Oeste,Apartamento,70,2,2,1,2022,4,2019,12017.46,841222.2
SP-004697,SP,São Paulo,Brooklin,Zona Sul,Apartamento,83,2,2,1,1981,45,2018,8659.65,718750.95
SP-004698,SP,São Paulo,Itaim Bibi,Zona Sul/Oeste,Apartamento,352,5,4,3,2005,21,2023,17576.81,6187037.12
SP-004699,SP,São Paulo,Aclimação,Centro/Sul,Casa,107,4,3,3,1991,35,2025,10260.88,1097914.16
SP-004700,SP,São Paulo,Mooca,Zona Leste,Casa,217,3,4,3,1987,39,2018,6788.15,1473028.55
SP-004701,SP,São Paulo,Pinheiros,Zona Oeste,Apartamento,133,3,3,2,2016,10,2022,15869.12,2110592.96
SP-004702,SP,São Paulo,Ipiranga,Zona Sul,Casa,153,4,4,5,2024,2,2013,7051.32,1078851.96
SP-004703,SP,São Paulo,Aclimação,Centro/Sul,Apartamento,58,2,2,1,1987,39,2015,7695.47,446337.26
SP-004704,SP,São Paulo,Morumbi,Zona Sul,Apartamento,80,2,1,1,2004,22,2016,6603.34,528267.2
SP-004705,SP,São Paulo,Lapa,Zona Oeste,Apartamento,69,2,1,1,2003,23,2014,6242.34,430721.46
SP-004706,SP,São Paulo,Santana,Zona Norte,Apartamento,51,2,2,2,2020,6,2017,6989.0,356439.0
SP-004707,SP,São Paulo,Pinheiros,Zona Oeste,Apartamento,98,3,2,3,2025,1,2026,19609.5,1921731.0
SP-004708,SP,São Paulo,Morumbi,Zona Sul,Apartamento,32,1,1,1,1993,33,2015,6161.53,197168.96
SP-004709,SP,São Paulo,Santana,Zona Norte,Apartamento,43,1,1,0,2010,16,2015,6174.99,265524.57
SP-004710,SP,São Paulo,Saúde,Zona Sul,Apartamento,36,1,1,0,2025,1,2016,7927.3,285382.8
SP-004711,SP,São Paulo,Saúde,Zona Sul,Cobertura,271,4,3,3,2010,16,2018,12338.81,3343817.51
SP-004712,SP,São Paulo,Tatuapé,Zona Leste,Apartamento,71,3,2,1,2001,25,2021,8098.56,574997.76
SP-004713,SP,São Paulo,Tatuapé,Zona Leste,Apartamento,64,2,2,2,1976,50,2013,6004.98,384318.72
SP-004714,SP,São Paulo,Aclimação,Centro/Sul,Apartamento,60,2,1,1,2011,15,2026,10225.59,613535.4
SP-004715,SP,São Paulo,Vila Madalena,Zona Oeste,Apartamento,51,2,1,2,1999,27,2013,9518.6,485448.6
SP-004716,SP,São Paulo,Mooca,Zona Leste,Apartamento,101,4,2,2,2023,3,2023,11681.4,1179821.4
SP-004717,SP,São Paulo,Bela Vista,Centro/Sul,Apartamento,82,2,2,2,2020,6,2014,7862.3,644708.6
SP-004718,SP,São Paulo,Moema,Zona Sul,Apartamento,115,2,3,2,2018,8,2017,12746.4,1465836.0
SP-004719,SP,São Paulo,Jardim Paulista,Zona Oeste,Casa,90,3,2,2,2024,2,2021,17695.61,1592604.9
SP-004720,SP,São Paulo,Ipiranga,Zona Sul,Apartamento,111,3,3,1,1975,51,2018,5410.72,600589.92
SP-004721,SP,São Paulo,Vila Mariana,Zona Sul,Apartamento,32,1,1,0,2006,20,2019,9658.66,309077.12
SP-004722,SP,São Paulo,Lapa,Zona Oeste,Apartamento,106,4,3,2,2014,12,2019,8218.46,871156.76
SP-004723,SP,São Paulo,Vila Mariana,Zona Sul,Apartamento,54,2,2,2,2017,9,2016,9910.28,535155.12
SP-004724,SP,São Paulo,Pinheiros,Zona Oeste,Casa,120,3,3,3,2014,12,2025,14896.62,1787594.4
SP-004725,SP,São Paulo,Jardim Paulista,Zona Oeste,Apartamento,59,3,1,1,1995,31,2013,10083.17,594907.03
SP-004726,SP,São Paulo,Lapa,Zona Oeste,Apartamento,118,3,3,2,2005,21,2024,9082.87,1071778.66
SP-004727,SP,São Paulo,Morumbi,Zona Sul,Apartamento,127,4,3,1,2018,8,2018,7739.04,982858.08
SP-004728,SP,São Paulo,Pinheiros,Zona Oeste,Apartamento,32,1,1,1,2015,11,2014,10155.4,324972.8
SP-004729,SP,São Paulo,Morumbi,Zona Sul,Apartamento,56,3,2,1,1995,31,2020,6927.03,387913.68
SP-004730,SP,São Paulo,Vila Madalena,Zona Oeste,Cobertura,202,3,4,5,1996,30,2014,13976.15,2823182.3
SP-004731,SP,São Paulo,Lapa,Zona Oeste,Apartamento,33,1,1,1,2018,8,2025,9760.02,322080.66
SP-004732,SP,São Paulo,Tatuapé,Zona Leste,Casa,233,5,4,2,2020,6,2019,8756.72,2040315.76
SP-004733,SP,São Paulo,Pinheiros,Zona Oeste,Apartamento,125,3,2,2,1999,27,2020,12680.22,1585027.5
SP-004734,SP,São Paulo,Vila Madalena,Zona Oeste,Apartamento,332,4,3,3,2011,15,2021,13030.8,4326225.6
SP-004735,SP,São Paulo,Mooca,Zona Leste,Apartamento,47,2,1,0,2023,3,2017,7834.2,368207.4
SP-004736,SP,São Paulo,Aclimação,Centro/Sul,Apartamento,43,1,1,1,1978,48,2023,9247.37,397636.91
SP-004737,SP,São Paulo,Pinheiros,Zona Oeste,Apartamento,56,2,2,2,2005,21,2025,14756.16,826344.96
SP-004738,SP,São Paulo,Aclimação,Centro/Sul,Apartamento,36,1,1,0,2019,7,2023,9694.94,349017.84
SP-004739,SP,São Paulo,Ipiranga,Zona Sul,Apartamento,135,4,2,2,1991,35,2025,8957.29,1209234.15
SP-004740,SP,São Paulo,Santana,Zona Norte,Apartamento,46,1,1,1,2024,2,2020,9272.23,426522.58
SP-004741,SP,São Paulo,Pinheiros,Zona Oeste,Apartamento,56,2,2,1,1998,28,2022,11962.73,669912.88
SP-004742,SP,São Paulo,Brooklin,Zona Sul,Casa,306,5,4,3,2013,13,2015,9378.78,2869906.68
SP-004743,SP,São Paulo,Tatuapé,Zona Leste,Apartamento,65,2,2,2,2023,3,2025,13437.96,873467.4
SP-004744,SP,São Paulo,Itaim Bibi,Zona Sul/Oeste,Apartamento,66,2,1,1,2020,6,2022,16812.51,1109625.66
SP-004745,SP,São Paulo,Saúde,Zona Sul,Apartamento,54,2,2,2,1993,33,2016,6312.12,340854.48
SP-004746,SP,São Paulo,Jardim Paulista,Zona Oeste,Apartamento,116,3,2,1,2004,22,2020,14226.97,1650328.52
SP-004747,SP,São Paulo,Morumbi,Zona Sul,Apartamento,83,2,2,1,2023,3,2014,7231.36,600202.88
SP-004748,SP,São Paulo,Brooklin,Zona Sul,Apartamento,71,3,2,1,2024,2,2020,12591.35,893985.85
SP-004749,SP,São Paulo,Perdizes,Zona Oeste,Apartamento,36,1,1,1,2011,15,2013,7843.03,282349.08
SP-004750,SP,São Paulo,Vila Mariana,Zona Sul,Apartamento,84,2,2,1,2013,13,2025,11659.32,979382.88
SP-004751,SP,São Paulo,Lapa,Zona Oeste,Cobertura,206,5,4,3,2021,5,2018,13621.75,2806080.5
SP-004752,SP,São Paulo,Ipiranga,Zona Sul,Apartamento,73,2,2,1,2000,26,2014,4926.21,359613.33
SP-004753,SP,São Paulo,Itaim Bibi,Zona Sul/Oeste,Apartamento,63,2,1,1,2020,6,2016,12785.07,805459.41
SP-004754,SP,São Paulo,Morumbi,Zona Sul,Apartamento,72,2,1,2,2008,18,2013,5787.17,416676.24
SP-004755,SP,São Paulo,Saúde,Zona Sul,Apartamento,67,2,2,1,1995,31,2013,5227.69,350255.23
SP-004756,SP,São Paulo,Pinheiros,Zona Oeste,Apartamento,57,2,1,1,2015,11,2020,11307.09,644504.13
SP-004757,SP,São Paulo,Santana,Zona Norte,Apartamento,60,3,2,1,2022,4,2015,6507.29,390437.4
SP-004758,SP,São Paulo,Itaim Bibi,Zona Sul/Oeste,Apartamento,96,3,3,2,2012,14,2023,16322.21,1566932.16
SP-004759,SP,São Paulo,Pinheiros,Zona Oeste,Apartamento,106,3,2,3,2005,21,2023,15823.71,1677313.26
SP-004760,SP,São Paulo,Jardim Paulista,Zona Oeste,Casa,86,3,3,2,2006,20,2023,13999.1,1203922.6
SP-004761,SP,São Paulo,Vila Madalena,Zona Oeste,Apartamento,43,1,1,1,2009,17,2021,12359.8,531471.4
SP-004762,SP,São Paulo,Morumbi,Zona Sul,Casa,81,2,1,1,2000,26,2022,7088.21,574145.01
SP-004763,SP,São Paulo,Santana,Zona Norte,Casa,159,5,3,5,2011,15,2013,6713.18,1067395.62
SP-004764,SP,São Paulo,Campo Belo,Zona Sul,Casa,88,2,3,2,2025,1,2014,10395.12,914770.56
SP-004765,SP,São Paulo,Tatuapé,Zona Leste,Apartamento,39,1,1,1,2014,12,2024,10896.32,424956.48
SP-004766,SP,São Paulo,Ipiranga,Zona Sul,Casa,131,3,3,2,2001,25,2014,5555.91,727824.21
SP-004767,SP,São Paulo,Tatuapé,Zona Leste,Apartamento,59,2,1,1,1981,45,2017,6527.78,385139.02
SP-004768,SP,São Paulo,Santana,Zona Norte,Apartamento,56,3,2,1,2007,19,2019,7262.36,406692.16
SP-004769,SP,São Paulo,Aclimação,Centro/Sul,Apartamento,152,5,3,4,1999,27,2014,7634.55,1160451.6
SP-004770,SP,São Paulo,Vila Madalena,Zona Oeste,Apartamento,32,1,1,0,2002,24,2015,9350.93,299229.76
SP-004771,SP,São Paulo,Ipiranga,Zona Sul,Casa,297,5,4,3,2019,7,2023,9824.96,2918013.12
SP-004772,SP,São Paulo,Brooklin,Zona Sul,Apartamento,49,1,1,1,2012,14,2017,9141.27,447922.23
SP-004773,SP,São Paulo,Ipiranga,Zona Sul,Apartamento,49,2,1,1,2024,2,2015,7259.37,355709.13
SP-004774,SP,São Paulo,Vila Mariana,Zona Sul,Apartamento,59,2,2,1,2018,8,2026,14201.27,837874.93
SP-004775,SP,São Paulo,Ipiranga,Zona Sul,Casa,205,4,4,3,1990,36,2026,7583.08,1554531.4
SP-004776,SP,São Paulo,Aclimação,Centro/Sul,Apartamento,132,3,3,2,2004,22,2023,10889.16,1437369.12
SP-004777,SP,São Paulo,Vila Mariana,Zona Sul,Apartamento,34,1,1,0,1998,28,2023,9797.54,333116.36
SP-004778,SP,São Paulo,Itaim Bibi,Zona Sul/Oeste,Apartamento,128,3,2,2,1999,27,2021,13321.53,1705155.84
SP-004779,SP,São Paulo,Jardim Paulista,Zona Oeste,Apartamento,43,1,1,0,2011,15,2023,13682.3,588338.9
SP-004780,SP,São Paulo,Morumbi,Zona Sul,Casa,99,3,2,2,2007,19,2019,7748.38,767089.62
SP-004781,SP,São Paulo,Morumbi,Zona Sul,Apartamento,35,2,1,1,2012,14,2019,7869.08,275417.8
SP-004782,SP,São Paulo,Vila Mariana,Zona Sul,Apartamento,39,1,1,1,2010,16,2022,11205.42,437011.38
SP-004783,SP,São Paulo,Tatuapé,Zona Leste,Apartamento,34,1,1,0,2011,15,2022,9290.21,315867.14
SP-004784,SP,São Paulo,Tatuapé,Zona Leste,Apartamento,34,1,1,1,2003,23,2016,7581.31,257764.54
SP-004785,SP,São Paulo,Campo Belo,Zona Sul,Apartamento,325,4,4,3,2002,24,2025,12934.28,4203641.0
SP-004786,SP,São Paulo,Perdizes,Zona Oeste,Apartamento,62,2,1,2,2005,21,2021,11346.11,703458.82
SP-004787,SP,São Paulo,Vila Madalena,Zona Oeste,Apartamento,34,1,1,1,2015,11,2022,12521.67,425736.78
SP-004788,SP,São Paulo,Bela Vista,Centro/Sul,Apartamento,38,1,1,0,2017,9,2022,9396.87,357081.06
SP-004789,SP,São Paulo,Ipiranga,Zona Sul,Casa,115,4,2,2,2007,19,2021,7426.69,854069.35
SP-004790,SP,São Paulo,Moema,Zona Sul,Apartamento,64,3,2,1,2023,3,2016,14231.53,910817.92
SP-004791,SP,São Paulo,Tatuapé,Zona Leste,Apartamento,38,2,1,1,2008,18,2022,9787.5,371925.0
SP-004792,SP,São Paulo,Saúde,Zona Sul,Casa,114,4,2,2,2008,18,2023,7106.13,810098.82
SP-004793,SP,São Paulo,Perdizes,Zona Oeste,Apartamento,67,2,2,1,2011,15,2013,7831.75,524727.25
SP-004794,SP,São Paulo,Campo Belo,Zona Sul,Apartamento,210,4,3,3,1986,40,2016,10043.66,2109168.6
SP-004795,SP,São Paulo,Brooklin,Zona Sul,Apartamento,40,1,1,0,2013,13,2023,11731.06,469242.4
SP-004796,SP,São Paulo,Brooklin,Zona Sul,Apartamento,32,1,1,1,2002,24,2014,8798.64,281556.48
SP-004797,SP,São Paulo,Tatuapé,Zona Leste,Casa,201,4,3,2,2011,15,2013,5986.16,1203218.16
SP-004798,SP,São Paulo,Morumbi,Zona Sul,Apartamento,36,1,1,0,1993,33,2022,7102.99,255707.64
SP-004799,SP,São Paulo,Bela Vista,Centro/Sul,Apartamento,42,1,1,0,1997,29,2013,5175.21,217358.82
SP-004800,SP,São Paulo,Perdizes,Zona Oeste,Apartamento,63,2,2,1,2015,11,2026,12698.71,800018.73
SP-004801,SP,São Paulo,Santana,Zona Norte,Apartamento,51,2,1,1,2012,14,2015,6069.55,309547.05
SP-004802,SP,São Paulo,Pinheiros,Zona Oeste,Apartamento,132,2,2,2,2004,22,2025,13794.08,1820818.56
SP-004803,SP,São Paulo,Mooca,Zona Leste,Apartamento,133,4,3,2,2016,10,2021,10853.84,1443560.72
SP-004804,SP,São Paulo,Pinheiros,Zona Oeste,Apartamento,34,2,1,0,2003,23,2016,10175.59,345970.06
SP-004805,SP,São Paulo,Lapa,Zona Oeste,Apartamento,104,3,2,2,1987,39,2014,5996.96,623683.84
SP-004806,SP,São Paulo,Morumbi,Zona Sul,Apartamento,60,3,2,1,1991,35,2025,8936.5,536190.0
SP-004807,SP,São Paulo,Perdizes,Zona Oeste,Apartamento,128,3,3,3,2018,8,2015,10464.08,1339402.24
SP-004808,SP,São Paulo,Santana,Zona Norte,Apartamento,33,1,1,1,1991,35,2018,6685.37,220617.21
SP-004809,SP,São Paulo,Jardim Paulista,Zona Oeste,Apartamento,59,2,2,1,1999,27,2026,14358.38,847144.42
SP-004810,SP,São Paulo,Morumbi,Zona Sul,Casa,90,3,2,2,2007,19,2016,6114.78,550330.2
SP-004811,SP,São Paulo,Brooklin,Zona Sul,Casa,168,4,3,2,1983,43,2014,7407.57,1244471.76
SP-004812,SP,São Paulo,Brooklin,Zona Sul,Apartamento,58,2,2,1,2015,11,2025,12868.67,746382.86
SP-004813,SP,São Paulo,Perdizes,Zona Oeste,Casa,94,2,2,2,1994,32,2022,9324.36,876489.84
SP-004814,SP,São Paulo,Mooca,Zona Leste,Apartamento,47,1,1,0,2009,17,2021,8862.65,416544.55
SP-004815,SP,São Paulo,Vila Madalena,Zona Oeste,Apartamento,73,2,1,1,2018,8,2013,10145.62,740630.26
SP-004816,SP,São Paulo,Lapa,Zona Oeste,Apartamento,42,1,1,0,1992,34,2019,6896.25,289642.5
SP-004817,SP,São Paulo,Campo Belo,Zona Sul,Casa,160,4,3,5,2005,21,2018,10243.89,1639022.4
SP-004818,SP,São Paulo,Mooca,Zona Leste,Apartamento,62,3,2,1,2014,12,2023,9318.84,577768.08
SP-004819,SP,São Paulo,Jardim Paulista,Zona Oeste,Cobertura,176,4,5,2,1998,28,2015,15939.38,2805330.88
SP-004820,SP,São Paulo,Jardim Paulista,Zona Oeste,Apartamento,41,1,1,0,2025,1,2016,12714.76,521305.16
SP-004821,SP,São Paulo,Campo Belo,Zona Sul,Apartamento,111,3,3,2,2004,22,2026,12887.9,1430556.9
SP-004822,SP,São Paulo,Saúde,Zona Sul,Casa,209,3,3,4,1993,33,2026,8836.11,1846746.99
SP-004823,SP,São Paulo,Campo Belo,Zona Sul,Apartamento,53,2,1,1,2004,22,2019,10787.72,571749.16
SP-004824,SP,São Paulo,Perdizes,Zona Oeste,Apartamento,200,4,3,4,1997,29,2016,8916.68,1783336.0
SP-004825,SP,São Paulo,Vila Mariana,Zona Sul,Apartamento,160,4,4,2,2001,25,2025,13434.54,2149526.4
SP-004826,SP,São Paulo,Santana,Zona Norte,Apartamento,32,2,1,0,2015,11,2023,7129.12,228131.84
SP-004827,SP,São Paulo,Santana,Zona Norte,Apartamento,79,2,2,1,2011,15,2023,8141.78,643200.62
SP-004828,SP,São Paulo,Pinheiros,Zona Oeste,Apartamento,92,3,2,2,2011,15,2014,10578.54,973225.68
SP-004829,SP,São Paulo,Vila Madalena,Zona Oeste,Casa,83,2,2,1,2023,3,2023,14457.74,1199992.42
SP-004830,SP,São Paulo,Ipiranga,Zona Sul,Apartamento,107,3,3,2,1997,29,2016,6175.7,660799.9
SP-004831,SP,São Paulo,Moema,Zona Sul,Apartamento,190,4,5,3,1996,30,2024,14918.59,2834532.1
SP-004832,SP,São Paulo,Vila Madalena,Zona Oeste,Casa,295,3,3,5,2010,16,2018,11676.41,3444540.95
SP-004833,SP,São Paulo,Tatuapé,Zona Leste,Apartamento,32,2,1,0,2025,1,2023,10631.41,340205.12
SP-004834,SP,São Paulo,Aclimação,Centro/Sul,Apartamento,67,2,1,1,2024,2,2016,8573.38,574416.46
SP-004835,SP,São Paulo,Ipiranga,Zona Sul,Apartamento,46,1,1,1,2025,1,2024,11062.36,508868.56
SP-004836,SP,São Paulo,Tatuapé,Zona Leste,Casa,117,3,3,2,1996,30,2019,6939.44,811914.48
SP-004837,SP,São Paulo,Pinheiros,Zona Oeste,Casa,116,2,2,3,2006,20,2023,14638.05,1698013.8
SP-004838,SP,São Paulo,Aclimação,Centro/Sul,Apartamento,34,2,1,0,2025,1,2021,10831.86,368283.24
SP-004839,SP,São Paulo,Brooklin,Zona Sul,Casa,80,3,2,1,2006,20,2015,8037.76,643020.8
SP-004840,SP,São Paulo,Perdizes,Zona Oeste,Apartamento,173,5,4,3,1982,44,2020,9079.18,1570698.14
SP-004841,SP,São Paulo,Aclimação,Centro/Sul,Casa,92,2,2,3,2006,20,2023,9558.43,879375.56
SP-004842,SP,São Paulo,Bela Vista,Centro/Sul,Apartamento,75,2,1,1,2018,8,2014,7267.83,545087.25
SP-004843,SP,São Paulo,Morumbi,Zona Sul,Apartamento,46,1,1,1,2023,3,2020,10340.59,475667.14
SP-004844,SP,São Paulo,Brooklin,Zona Sul,Casa,93,3,3,2,2021,5,2021,10343.21,961918.53
SP-004845,SP,São Paulo,Vila Mariana,Zona Sul,Apartamento,39,2,1,0,1993,33,2019,8448.63,329496.57
SP-004846,SP,São Paulo,Bela Vista,Centro/Sul,Apartamento,55,3,2,1,1994,32,2017,7170.27,394364.85
SP-004847,SP,São Paulo,Saúde,Zona Sul,Apartamento,32,1,1,0,1991,35,2016,6184.74,197911.68
SP-004848,SP,São Paulo,Itaim Bibi,Zona Sul/Oeste,Apartamento,36,1,1,1,2009,17,2019,15910.35,572772.6
SP-004849,SP,São Paulo,Vila Madalena,Zona Oeste,Apartamento,37,2,1,1,2004,22,2026,14568.07,539018.59
SP-004850,SP,São Paulo,Morumbi,Zona Sul,Apartamento,75,3,2,1,2006,20,2016,6464.2,484815.0
SP-004851,SP,São Paulo,Vila Madalena,Zona Oeste,Apartamento,60,2,2,1,1997,29,2017,9534.82,572089.2
SP-004852,SP,São Paulo,Morumbi,Zona Sul,Casa,93,3,2,2,2011,15,2013,5267.89,489913.77
SP-004853,SP,São Paulo,Vila Madalena,Zona Oeste,Apartamento,61,2,1,1,1986,40,2014,8572.47,522920.67
SP-004854,SP,São Paulo,Mooca,Zona Leste,Apartamento,100,3,2,2,2009,17,2022,8354.74,835474.0
SP-004855,SP,São Paulo,Perdizes,Zona Oeste,Apartamento,40,1,1,1,2018,8,2017,9892.42,395696.8
SP-004856,SP,São Paulo,Ipiranga,Zona Sul,Apartamento,45,1,1,0,2022,4,2023,7604.47,342201.15
SP-004857,SP,São Paulo,Campo Belo,Zona Sul,Apartamento,59,2,2,1,1991,35,2014,8155.12,481152.08
SP-004858,SP,São Paulo,Aclimação,Centro/Sul,Apartamento,78,2,2,2,2004,22,2013,6856.89,534837.42
SP-004859,SP,São Paulo,Moema,Zona Sul,Casa,127,2,2,3,1975,51,2016,9342.61,1186511.47
SP-004860,SP,São Paulo,Lapa,Zona Oeste,Casa,83,2,2,2,2003,23,2019,8453.95,701677.85
SP-004861,SP,São Paulo,Aclimação,Centro/Sul,Apartamento,79,2,2,1,2019,7,2026,12457.73,984160.67
SP-004862,SP,São Paulo,Saúde,Zona Sul,Casa,117,3,3,2,2012,14,2017,7307.17,854938.89
SP-004863,SP,São Paulo,Morumbi,Zona Sul,Apartamento,113,3,3,2,2010,16,2015,6417.11,725133.43
SP-004864,SP,São Paulo,Campo Belo,Zona Sul,Casa,129,3,3,2,2019,7,2013,9331.14,1203717.06
SP-004865,SP,São Paulo,Lapa,Zona Oeste,Apartamento,187,4,3,3,2003,23,2023,9077.55,1697501.85
SP-004866,SP,São Paulo,Lapa,Zona Oeste,Apartamento,199,4,4,5,1979,47,2025,9876.13,1965349.87
SP-004867,SP,São Paulo,Pinheiros,Zona Oeste,Cobertura,234,4,4,4,2016,10,2025,27551.16,6446971.44
SP-004868,SP,São Paulo,Vila Madalena,Zona Oeste,Apartamento,71,2,2,1,1996,30,2014,9198.46,653090.66
SP-004869,SP,São Paulo,Santana,Zona Norte,Casa,267,3,5,3,2014,12,2020,7794.1,2081024.7
SP-004870,SP,São Paulo,Vila Mariana,Zona Sul,Apartamento,80,2,2,1,2025,1,2016,11068.68,885494.4
SP-004871,SP,São Paulo,Pinheiros,Zona Oeste,Cobertura,284,4,3,3,2009,17,2013,15856.85,4503345.4
SP-004872,SP,São Paulo,Tatuapé,Zona Leste,Casa,107,3,2,2,2025,1,2026,12762.9,1365630.3
SP-004873,SP,São Paulo,Itaim Bibi,Zona Sul/Oeste,Cobertura,131,4,3,2,2016,10,2022,25358.76,3321997.56
SP-004874,SP,São Paulo,Mooca,Zona Leste,Casa,132,4,2,2,1995,31,2022,7555.85,997372.2
SP-004875,SP,São Paulo,Lapa,Zona Oeste,Apartamento,113,2,3,2,1987,39,2019,7103.05,802644.65
SP-004876,SP,São Paulo,Ipiranga,Zona Sul,Apartamento,34,1,1,0,1981,45,2019,5687.47,193373.98
SP-004877,SP,São Paulo,Pinheiros,Zona Oeste,Apartamento,54,2,2,1,2011,15,2019,11480.91,619969.14
SP-004878,SP,São Paulo,Morumbi,Zona Sul,Apartamento,96,3,2,2,2016,10,2022,8243.44,791370.24
SP-004879,SP,São Paulo,Tatuapé,Zona Leste,Apartamento,65,3,1,1,2016,10,2021,9888.95,642781.75
SP-004880,SP,São Paulo,Moema,Zona Sul,Apartamento,113,4,2,3,2016,10,2019,14816.92,1674311.96
SP-004881,SP,São Paulo,Lapa,Zona Oeste,Casa,199,4,4,3,2023,3,2015,8251.74,1642096.26
SP-004882,SP,São Paulo,Bela Vista,Centro/Sul,Apartamento,120,3,2,2,2024,2,2025,11746.86,1409623.2
SP-004883,SP,São Paulo,Lapa,Zona Oeste,Apartamento,67,2,2,1,2009,17,2023,9002.08,603139.36
SP-004884,SP,São Paulo,Saúde,Zona Sul,Casa,112,2,3,2,2023,3,2014,7408.05,829701.6
SP-004885,SP,São Paulo,Saúde,Zona Sul,Apartamento,45,1,1,0,2025,1,2016,7669.82,345141.9
SP-004886,SP,São Paulo,Santana,Zona Norte,Casa,84,2,1,2,2017,9,2026,9655.99,811103.16
SP-004887,SP,São Paulo,Aclimação,Centro/Sul,Casa,176,5,4,3,2004,22,2025,10780.45,1897359.2
SP-004888,SP,São Paulo,Ipiranga,Zona Sul,Apartamento,155,3,4,3,2022,4,2023,9913.59,1536606.45
SP-004889,SP,São Paulo,Santana,Zona Norte,Apartamento,248,3,4,2,2025,1,2020,8114.03,2012279.44
SP-004890,SP,São Paulo,Santana,Zona Norte,Apartamento,126,3,2,2,2011,15,2021,7199.83,907178.58
SP-004891,SP,São Paulo,Morumbi,Zona Sul,Apartamento,73,2,2,1,2014,12,2025,9045.85,660347.05
SP-004892,SP,São Paulo,Lapa,Zona Oeste,Apartamento,89,3,3,3,2016,10,2015,7464.91,664376.99
SP-004893,SP,São Paulo,Saúde,Zona Sul,Apartamento,124,4,2,2,1994,32,2026,9014.15,1117754.6
SP-004894,SP,São Paulo,Ipiranga,Zona Sul,Casa,130,4,3,1,1992,34,2020,6715.54,873020.2
SP-004895,SP,São Paulo,Brooklin,Zona Sul,Apartamento,195,5,4,3,2001,25,2018,11250.33,2193814.35
SP-004896,SP,São Paulo,Mooca,Zona Leste,Apartamento,45,2,1,0,2022,4,2015,7154.85,321968.25
SP-004897,SP,São Paulo,Perdizes,Zona Oeste,Apartamento,51,2,2,1,2014,12,2018,9807.8,500197.8
SP-004898,SP,São Paulo,Vila Mariana,Zona Sul,Apartamento,32,2,1,1,2022,4,2022,12915.73,413303.36
SP-004899,SP,São Paulo,Pinheiros,Zona Oeste,Apartamento,52,2,2,1,2016,10,2026,17434.79,906609.08
SP-004900,SP,São Paulo,Campo Belo,Zona Sul,Apartamento,72,2,2,1,1978,48,2020,8780.27,632179.44
SP-004901,SP,São Paulo,Aclimação,Centro/Sul,Apartamento,80,2,1,1,1993,33,2018,7523.33,601866.4
SP-004902,SP,São Paulo,Campo Belo,Zona Sul,Apartamento,103,4,3,2,1993,33,2019,9014.25,928467.75
SP-004903,SP,São Paulo,Bela Vista,Centro/Sul,Casa,383,4,4,4,2014,12,2014,7383.67,2827945.61
SP-004904,SP,São Paulo,Tatuapé,Zona Leste,Apartamento,67,2,1,1,2006,20,2026,8782.92,588455.64
SP-004905,SP,São Paulo,Campo Belo,Zona Sul,Apartamento,288,3,4,3,2023,3,2019,12689.78,3654656.64
SP-004906,SP,São Paulo,Vila Madalena,Zona Oeste,Apartamento,105,3,3,2,1997,29,2016,9411.01,988156.05
SP-004907,SP,São Paulo,Vila Madalena,Zona Oeste,Apartamento,50,3,2,2,1992,34,2015,8463.88,423194.0
SP-004908,SP,São Paulo,Perdizes,Zona Oeste,Apartamento,44,2,1,0,1998,28,2016,7980.09,351123.96
SP-004909,SP,São Paulo,Lapa,Zona Oeste,Apartamento,206,4,5,3,2016,10,2026,12079.9,2488459.4
SP-004910,SP,São Paulo,Vila Madalena,Zona Oeste,Casa,90,3,2,2,2017,9,2022,13344.02,1200961.8
SP-004911,SP,São Paulo,Santana,Zona Norte,Apartamento,42,2,1,1,2020,6,2013,6400.3,268812.6
SP-004912,SP,São Paulo,Itaim Bibi,Zona Sul/Oeste,Apartamento,43,2,1,1,2021,5,2013,11605.17,499022.31
SP-004913,SP,São Paulo,Campo Belo,Zona Sul,Casa,171,5,4,2,2002,24,2021,9766.72,1670109.12
SP-004914,SP,São Paulo,Bela Vista,Centro/Sul,Apartamento,199,4,3,4,1986,40,2025,10415.61,2072706.39
SP-004915,SP,São Paulo,Brooklin,Zona Sul,Apartamento,168,4,3,2,2019,7,2019,12640.37,2123582.16
SP-004916,SP,São Paulo,Santana,Zona Norte,Apartamento,33,1,1,0,2013,13,2024,8026.77,264883.41
SP-004917,SP,São Paulo,Perdizes,Zona Oeste,Apartamento,45,1,1,0,2012,14,2024,11578.91,521050.95
SP-004918,SP,São Paulo,Ipiranga,Zona Sul,Apartamento,35,2,1,0,2011,15,2017,6595.63,230847.05
SP-004919,SP,São Paulo,Itaim Bibi,Zona Sul/Oeste,Cobertura,149,4,3,4,1979,47,2020,19634.57,2925550.93
SP-004920,SP,São Paulo,Vila Madalena,Zona Oeste,Apartamento,105,2,2,2,1993,33,2017,10098.36,1060327.8
SP-004921,SP,São Paulo,Aclimação,Centro/Sul,Apartamento,53,2,1,1,2024,2,2019,10329.65,547471.45
SP-004922,SP,São Paulo,Tatuapé,Zona Leste,Apartamento,91,3,2,2,2021,5,2025,11445.99,1041585.09
SP-004923,SP,São Paulo,Bela Vista,Centro/Sul,Apartamento,79,3,1,1,1975,51,2022,8196.5,647523.5
SP-004924,SP,São Paulo,Jardim Paulista,Zona Oeste,Apartamento,41,1,1,1,2019,7,2024,17457.3,715749.3
SP-004925,SP,São Paulo,Saúde,Zona Sul,Casa,148,5,3,3,2016,10,2019,8738.47,1293293.56
SP-004926,SP,São Paulo,Morumbi,Zona Sul,Apartamento,35,2,1,1,1988,38,2021,7742.92,271002.2
SP-004927,SP,São Paulo,Lapa,Zona Oeste,Apartamento,92,4,2,2,2014,12,2014,6890.06,633885.52
SP-004928,SP,São Paulo,Santana,Zona Norte,Casa,302,4,3,3,2014,12,2025,8302.37,2507315.74
SP-004929,SP,São Paulo,Ipiranga,Zona Sul,Apartamento,131,3,3,2,2013,13,2016,6971.08,913211.48
SP-004930,SP,São Paulo,Vila Madalena,Zona Oeste,Casa,88,4,3,2,2025,1,2019,14289.86,1257507.68
SP-004931,SP,São Paulo,Campo Belo,Zona Sul,Casa,118,2,2,2,2025,1,2024,14137.24,1668194.32
SP-004932,SP,São Paulo,Campo Belo,Zona Sul,Casa,241,3,3,4,2020,6,2013,9049.63,2180960.83
SP-004933,SP,São Paulo,Lapa,Zona Oeste,Apartamento,49,1,1,1,2005,21,2024,8682.18,425426.82
SP-004934,SP,São Paulo,Aclimação,Centro/Sul,Apartamento,58,2,2,1,1999,27,2015,7396.98,429024.84
SP-004935,SP,São Paulo,Vila Mariana,Zona Sul,Apartamento,71,2,2,1,2024,2,2015,9322.68,661910.28
SP-004936,SP,São Paulo,Vila Madalena,Zona Oeste,Casa,92,2,3,2,2014,12,2024,12683.82,1166911.44
SP-004937,SP,São Paulo,Perdizes,Zona Oeste,Apartamento,127,3,3,2,2013,13,2014,8794.06,1116845.62
SP-004938,SP,São Paulo,Ipiranga,Zona Sul,Apartamento,57,2,2,2,2008,18,2013,5746.49,327549.93
SP-004939,SP,São Paulo,Santana,Zona Norte,Apartamento,39,1,1,1,1999,27,2023,7493.64,292251.96
SP-004940,SP,São Paulo,Ipiranga,Zona Sul,Casa,90,3,2,3,1999,27,2026,8642.61,777834.9
SP-004941,SP,São Paulo,Ipiranga,Zona Sul,Casa,85,3,2,1,1979,47,2015,4883.36,415085.6
SP-004942,SP,São Paulo,Jardim Paulista,Zona Oeste,Casa,200,3,4,3,2018,8,2016,14362.59,2872518.0
SP-004943,SP,São Paulo,Vila Madalena,Zona Oeste,Apartamento,54,2,2,1,1994,32,2021,12126.38,654824.52
SP-004944,SP,São Paulo,Vila Madalena,Zona Oeste,Apartamento,63,3,2,2,2016,10,2016,10705.11,674421.93
SP-004945,SP,São Paulo,Saúde,Zona Sul,Casa,88,3,2,2,2013,13,2025,8905.49,783683.12
SP-004946,SP,São Paulo,Pinheiros,Zona Oeste,Apartamento,73,2,1,2,1992,34,2016,11486.97,838548.81
SP-004947,SP,São Paulo,Vila Madalena,Zona Oeste,Apartamento,55,2,2,1,1987,39,2025,12853.05,706917.75
SP-004948,SP,São Paulo,Santana,Zona Norte,Casa,261,3,4,2,1995,31,2017,6207.35,1620118.35
SP-004949,SP,São Paulo,Vila Mariana,Zona Sul,Casa,367,4,3,2,2018,8,2019,10602.85,3891245.95
SP-004950,SP,São Paulo,Saúde,Zona Sul,Cobertura,198,3,3,5,1996,30,2015,10539.15,2086751.7
SP-004951,SP,São Paulo,Tatuapé,Zona Leste,Casa,118,3,2,2,2001,25,2014,6404.49,755729.82
SP-004952,SP,São Paulo,Campo Belo,Zona Sul,Apartamento,105,2,3,2,2008,18,2019,10380.99,1090003.95
SP-004953,SP,São Paulo,Vila Madalena,Zona Oeste,Apartamento,53,2,2,1,2005,21,2015,9126.04,483680.12
SP-004954,SP,São Paulo,Mooca,Zona Leste,Apartamento,51,2,2,2,2001,25,2013,6665.54,339942.54
SP-004955,SP,São Paulo,Mooca,Zona Leste,Apartamento,54,2,2,1,1989,37,2018,6305.57,340500.78
SP-004956,SP,São Paulo,Perdizes,Zona Oeste,Apartamento,124,2,3,2,1988,38,2018,8913.97,1105332.28
SP-004957,SP,São Paulo,Santana,Zona Norte,Apartamento,87,3,2,2,1979,47,2024,7196.92,626132.04
SP-004958,SP,São Paulo,Perdizes,Zona Oeste,Apartamento,65,2,2,1,1982,44,2018,9611.65,624757.25
SP-004959,SP,São Paulo,Ipiranga,Zona Sul,Casa,191,5,4,4,1981,45,2022,7051.17,1346773.47
SP-004960,SP,São Paulo,Pinheiros,Zona Oeste,Casa,99,2,2,1,2025,1,2017,13306.94,1317387.06
SP-004961,SP,São Paulo,Ipiranga,Zona Sul,Cobertura,220,5,4,3,1998,28,2023,12609.94,2774186.8
SP-004962,SP,São Paulo,Vila Madalena,Zona Oeste,Apartamento,88,3,2,2,2009,17,2022,14481.63,1274383.44
SP-004963,SP,São Paulo,Aclimação,Centro/Sul,Apartamento,61,2,1,2,1989,37,2022,9157.97,558636.17
SP-004964,SP,São Paulo,Moema,Zona Sul,Apartamento,82,3,2,1,2015,11,2016,12752.77,1045727.14
SP-004965,SP,São Paulo,Bela Vista,Centro/Sul,Apartamento,76,2,2,1,2008,18,2015,7310.25,555579.0
SP-004966,SP,São Paulo,Saúde,Zona Sul,Apartamento,51,3,1,1,2006,20,2016,7119.34,363086.34
SP-004967,SP,São Paulo,Aclimação,Centro/Sul,Apartamento,101,2,2,1,1975,51,2018,6661.68,672829.68
SP-004968,SP,São Paulo,Morumbi,Zona Sul,Apartamento,115,3,3,1,2003,23,2017,6467.51,743763.65
SP-004969,SP,São Paulo,Bela Vista,Centro/Sul,Apartamento,56,3,1,2,2018,8,2013,7886.22,441628.32
SP-004970,SP,São Paulo,Morumbi,Zona Sul,Casa,145,5,4,4,2011,15,2016,6505.68,943323.6
SP-004971,SP,São Paulo,Itaim Bibi,Zona Sul/Oeste,Apartamento,57,2,1,1,2021,5,2026,17552.4,1000486.8
SP-004972,SP,São Paulo,Bela Vista,Centro/Sul,Apartamento,78,2,2,2,2016,10,2013,7694.62,600180.36
SP-004973,SP,São Paulo,Saúde,Zona Sul,Apartamento,40,1,1,0,2016,10,2016,7920.19,316807.6
SP-004974,SP,São Paulo,Brooklin,Zona Sul,Apartamento,85,4,3,1,2008,18,2021,11734.72,997451.2
SP-004975,SP,São Paulo,Santana,Zona Norte,Casa,291,3,3,3,2024,2,2017,8064.14,2346664.74
SP-004976,SP,São Paulo,Santana,Zona Norte,Apartamento,80,2,2,2,2010,16,2018,7785.89,622871.2
SP-004977,SP,São Paulo,Saúde,Zona Sul,Apartamento,82,2,1,1,2016,10,2015,6673.84,547254.88
SP-004978,SP,São Paulo,Morumbi,Zona Sul,Apartamento,38,2,1,1,1995,31,2021,8041.45,305575.1
SP-004979,SP,São Paulo,Ipiranga,Zona Sul,Casa,90,3,2,2,2011,15,2019,6369.41,573246.9
SP-004980,SP,São Paulo,Mooca,Zona Leste,Apartamento,56,2,2,2,1991,35,2018,7652.65,428548.4
SP-004981,SP,São Paulo,Moema,Zona Sul,Casa,94,3,3,2,2019,7,2019,12502.15,1175202.1
SP-004982,SP,São Paulo,Vila Mariana,Zona Sul,Apartamento,134,3,3,2,2009,17,2021,10397.72,1393294.48
SP-004983,SP,São Paulo,Mooca,Zona Leste,Casa,189,4,5,3,2014,12,2026,9452.29,1786482.81
SP-004984,SP,São Paulo,Itaim Bibi,Zona Sul/Oeste,Apartamento,67,2,2,1,1978,48,2020,12146.63,813824.21
SP-004985,SP,São Paulo,Campo Belo,Zona Sul,Apartamento,69,3,1,1,1994,32,2024,12117.68,836119.92
SP-004986,SP,São Paulo,Morumbi,Zona Sul,Apartamento,62,2,2,1,2010,16,2021,7490.74,464425.88
SP-004987,SP,São Paulo,Itaim Bibi,Zona Sul/Oeste,Casa,112,3,2,2,1986,40,2015,11810.99,1322830.88
SP-004988,SP,São Paulo,Brooklin,Zona Sul,Apartamento,45,1,1,1,1989,37,2022,10027.79,451250.55
SP-004989,SP,São Paulo,Aclimação,Centro/Sul,Apartamento,53,2,1,1,2000,26,2014,6710.71,355667.63
SP-004990,SP,São Paulo,Vila Madalena,Zona Oeste,Casa,190,4,4,4,2023,3,2023,16646.73,3162878.7
SP-004991,SP,São Paulo,Vila Mariana,Zona Sul,Casa,238,3,3,3,2007,19,2020,8715.46,2074279.48
SP-004992,SP,São Paulo,Santana,Zona Norte,Apartamento,34,1,1,0,2013,13,2021,7360.16,250245.44
SP-004993,SP,São Paulo,Vila Mariana,Zona Sul,Apartamento,44,2,1,1,2013,13,2013,7381.04,324765.76
SP-004994,SP,São Paulo,Tatuapé,Zona Leste,Apartamento,32,2,1,0,2012,14,2022,7697.81,246329.92
SP-004995,SP,São Paulo,Campo Belo,Zona Sul,Apartamento,52,3,1,1,2007,19,2026,11592.12,602790.24
SP-004996,SP,São Paulo,Ipiranga,Zona Sul,Apartamento,32,1,1,1,1985,41,2021,6847.43,219117.76
SP-004997,SP,São Paulo,Santana,Zona Norte,Casa,215,4,4,3,2020,6,2026,9404.74,2022019.1
SP-004998,SP,São Paulo,Itaim Bibi,Zona Sul/Oeste,Apartamento,91,3,3,2,2019,7,2016,14159.45,1288509.95
SP-004999,SP,São Paulo,Jardim Paulista,Zona Oeste,Casa,88,4,3,1,1998,28,2020,11485.16,1010694.08
SP-005000,SP,São Paulo,Moema,Zona Sul,Casa,270,4,4,4,2012,14,2018,12443.92,3359858.4
SP-005001,SP,São Paulo,Aclimação,Centro/Sul,Casa,358,4,5,5,2008,18,2024,11222.08,4017504.64
SP-005002,SP,São Paulo,Bela Vista,Centro/Sul,Apartamento,60,2,1,1,1982,44,2014,5710.64,342638.4
SP-005003,SP,São Paulo,Bela Vista,Centro/Sul,Apartamento,75,2,2,1,2023,3,2021,10193.62,764521.5
SP-005004,SP,São Paulo,Itaim Bibi,Zona Sul/Oeste,Casa,179,4,4,3,1978,48,2015,9241.05,1654147.95
SP-005005,SP,São Paulo,Moema,Zona Sul,Apartamento,79,2,2,1,2019,7,2024,16688.02,1318353.58
SP-005006,SP,São Paulo,Morumbi,Zona Sul,Apartamento,45,1,1,0,1988,38,2018,6674.03,300331.35
SP-005007,SP,São Paulo,Saúde,Zona Sul,Apartamento,59,3,2,2,1989,37,2016,6355.7,374986.3
SP-005008,SP,São Paulo,Saúde,Zona Sul,Apartamento,37,2,1,0,1985,41,2024,6619.94,244937.78
SP-005009,SP,São Paulo,Vila Mariana,Zona Sul,Casa,84,2,2,2,2017,9,2026,13249.66,1112971.44
SP-005010,SP,São Paulo,Tatuapé,Zona Leste,Apartamento,49,1,1,0,2013,13,2016,6614.55,324112.95
SP-005011,SP,São Paulo,Jardim Paulista,Zona Oeste,Apartamento,74,3,1,1,2022,4,2014,11033.9,816508.6
SP-005012,SP,São Paulo,Jardim Paulista,Zona Oeste,Apartamento,70,3,1,1,1998,28,2013,9086.91,636083.7
SP-005013,SP,São Paulo,Brooklin,Zona Sul,Apartamento,174,4,3,4,2025,1,2013,11592.63,2017117.62
SP-005014,SP,São Paulo,Aclimação,Centro/Sul,Apartamento,39,1,1,0,2013,13,2018,8068.56,314673.84
SP-005015,SP,São Paulo,Vila Mariana,Zona Sul,Apartamento,146,4,4,2,2009,17,2017,9806.16,1431699.36
SP-005016,SP,São Paulo,Jardim Paulista,Zona Oeste,Apartamento,34,1,1,0,2002,24,2024,13796.84,469092.56
SP-005017,SP,São Paulo,Lapa,Zona Oeste,Apartamento,48,2,1,1,2023,3,2021,11272.62,541085.76
SP-005018,SP,São Paulo,Mooca,Zona Leste,Apartamento,90,4,3,2,2014,12,2021,8548.96,769406.4
SP-005019,SP,São Paulo,Saúde,Zona Sul,Casa,244,3,4,2,2025,1,2013,6555.55,1599554.2
SP-005020,SP,São Paulo,Santana,Zona Norte,Apartamento,77,2,1,1,2000,26,2015,5987.28,461020.56
SP-005021,SP,São Paulo,Campo Belo,Zona Sul,Casa,193,4,5,3,2002,24,2013,8138.14,1570661.02
SP-005022,SP,São Paulo,Aclimação,Centro/Sul,Apartamento,61,2,1,1,2021,5,2021,9580.66,584420.26
SP-005023,SP,São Paulo,Aclimação,Centro/Sul,Apartamento,70,3,1,1,2001,25,2024,9069.1,634837.0
SP-005024,SP,São Paulo,Bela Vista,Centro/Sul,Apartamento,68,3,2,1,2007,19,2016,6950.61,472641.48
SP-005025,SP,São Paulo,Brooklin,Zona Sul,Casa,108,3,3,2,2001,25,2013,7994.03,863355.24
SP-005026,SP,São Paulo,Itaim Bibi,Zona Sul/Oeste,Casa,159,4,5,3,2022,4,2013,10517.62,1672301.58
SP-005027,SP,São Paulo,Saúde,Zona Sul,Apartamento,33,1,1,1,2010,16,2021,7812.86,257824.38
SP-005028,SP,São Paulo,Morumbi,Zona Sul,Casa,234,3,5,3,1983,43,2013,4847.4,1134291.6
SP-005029,SP,São Paulo,Mooca,Zona Leste,Apartamento,45,1,1,0,2017,9,2018,7201.22,324054.9
SP-005030,SP,São Paulo,Vila Madalena,Zona Oeste,Casa,95,3,3,3,2020,6,2016,11555.16,1097740.2
SP-005031,SP,São Paulo,Pinheiros,Zona Oeste,Apartamento,39,2,1,1,1998,28,2013,7553.0,294567.0
SP-005032,SP,São Paulo,Lapa,Zona Oeste,Apartamento,36,1,1,1,2016,10,2021,8890.89,320072.04
SP-005033,SP,São Paulo,Saúde,Zona Sul,Casa,153,4,5,4,1983,43,2025,8109.89,1240813.17
SP-005034,SP,São Paulo,Tatuapé,Zona Leste,Apartamento,40,1,1,1,2016,10,2018,8526.09,341043.6
SP-005035,SP,São Paulo,Vila Madalena,Zona Oeste,Apartamento,111,3,3,2,2013,13,2018,11764.62,1305872.82
SP-005036,SP,São Paulo,Lapa,Zona Oeste,Casa,86,3,3,2,2002,24,2025,8793.6,756249.6
SP-005037,SP,São Paulo,Moema,Zona Sul,Apartamento,81,2,2,1,2020,6,2026,14856.89,1203408.09
SP-005038,SP,São Paulo,Perdizes,Zona Oeste,Apartamento,63,2,1,2,1993,33,2020,9506.83,598930.29
SP-005039,SP,São Paulo,Vila Madalena,Zona Oeste,Apartamento,41,2,1,1,1978,48,2015,7578.74,310728.34
SP-005040,SP,São Paulo,Jardim Paulista,Zona Oeste,Cobertura,201,4,3,4,2007,19,2017,20012.12,4022436.12
SP-005041,SP,São Paulo,Saúde,Zona Sul,Apartamento,112,3,3,2,2018,8,2018,7368.42,825263.04
SP-005042,SP,São Paulo,Brooklin,Zona Sul,Apartamento,39,1,1,0,1977,49,2022,9877.6,385226.4
SP-005043,SP,São Paulo,Aclimação,Centro/Sul,Apartamento,117,4,2,3,2020,6,2015,8208.24,960364.08
SP-005044,SP,São Paulo,Itaim Bibi,Zona Sul/Oeste,Apartamento,36,1,1,0,2025,1,2019,16064.5,578322.0
SP-005045,SP,São Paulo,Itaim Bibi,Zona Sul/Oeste,Apartamento,60,2,1,1,2006,20,2015,11170.76,670245.6
SP-005046,SP,São Paulo,Pinheiros,Zona Oeste,Apartamento,84,2,2,1,2009,17,2022,13153.21,1104869.64
SP-005047,SP,São Paulo,Vila Mariana,Zona Sul,Apartamento,78,3,2,1,2025,1,2015,10607.8,827408.4
SP-005048,SP,São Paulo,Morumbi,Zona Sul,Apartamento,149,5,5,3,2019,7,2023,9500.81,1415620.69
SP-005049,SP,São Paulo,Lapa,Zona Oeste,Apartamento,113,3,3,3,2009,17,2017,8409.93,950322.09
SP-005050,SP,São Paulo,Tatuapé,Zona Leste,Cobertura,467,5,3,2,2019,7,2015,12227.8,5710382.6
SP-005051,SP,São Paulo,Saúde,Zona Sul,Apartamento,99,3,2,2,1991,35,2020,6630.75,656444.25
SP-005052,SP,São Paulo,Saúde,Zona Sul,Apartamento,39,1,1,0,2013,13,2016,6490.67,253136.13
SP-005053,SP,São Paulo,Ipiranga,Zona Sul,Apartamento,33,1,1,0,2017,9,2024,7970.48,263025.84
SP-005054,SP,São Paulo,Tatuapé,Zona Leste,Casa,150,4,4,2,2002,24,2026,10719.51,1607926.5
SP-005055,SP,São Paulo,Itaim Bibi,Zona Sul/Oeste,Apartamento,35,1,1,0,1984,42,2016,10452.09,365823.15
SP-005056,SP,São Paulo,Moema,Zona Sul,Apartamento,32,1,1,0,1995,31,2015,10018.98,320607.36
SP-005057,SP,São Paulo,Tatuapé,Zona Leste,Apartamento,49,1,1,0,2003,23,2013,5700.83,279340.67
SP-005058,SP,São Paulo,Ipiranga,Zona Sul,Casa,97,3,2,2,2002,24,2022,7474.19,724996.43
SP-005059,SP,São Paulo,Vila Mariana,Zona Sul,Apartamento,34,1,1,0,1976,50,2016,7556.43,256918.62
SP-005060,SP,São Paulo,Brooklin,Zona Sul,Casa,162,5,5,3,2004,22,2021,11702.06,1895733.72
SP-005061,SP,São Paulo,Jardim Paulista,Zona Oeste,Apartamento,91,3,3,2,1993,33,2024,14883.14,1354365.74
SP-005062,SP,São Paulo,Moema,Zona Sul,Apartamento,94,3,3,2,2000,26,2024,14381.14,1351827.16
SP-005063,SP,São Paulo,Aclimação,Centro/Sul,Apartamento,95,3,2,2,1999,27,2015,6522.5,619637.5
SP-005064,SP,São Paulo,Bela Vista,Centro/Sul,Apartamento,79,2,1,1,1984,42,2026,7977.87,630251.73
SP-005065,SP,São Paulo,Morumbi,Zona Sul,Casa,185,3,4,4,2018,8,2021,9848.05,1821889.25
SP-005066,SP,São Paulo,Jardim Paulista,Zona Oeste,Apartamento,115,3,2,2,1979,47,2018,12880.31,1481235.65
SP-005067,SP,São Paulo,Ipiranga,Zona Sul,Apartamento,91,4,3,2,2007,19,2026,9344.34,850334.94
SP-005068,SP,São Paulo,Mooca,Zona Leste,Apartamento,79,3,2,1,2022,4,2018,8022.48,633775.92
SP-005069,SP,São Paulo,Brooklin,Zona Sul,Apartamento,202,4,5,4,2010,16,2019,12588.45,2542866.9
SP-005070,SP,São Paulo,Vila Madalena,Zona Oeste,Apartamento,139,3,3,2,1977,49,2018,8135.73,1130866.47
SP-005071,SP,São Paulo,Vila Mariana,Zona Sul,Apartamento,32,1,1,1,2009,17,2018,9049.77,289592.64
SP-005072,SP,São Paulo,Ipiranga,Zona Sul,Casa,307,3,3,3,2010,16,2025,9084.0,2788788.0
SP-005073,SP,São Paulo,Itaim Bibi,Zona Sul/Oeste,Apartamento,80,2,2,2,2008,18,2019,14576.39,1166111.2
SP-005074,SP,São Paulo,Bela Vista,Centro/Sul,Apartamento,64,2,1,1,2025,1,2017,8091.15,517833.6
SP-005075,SP,São Paulo,Bela Vista,Centro/Sul,Apartamento,66,2,2,2,1993,33,2016,6825.75,450499.5
SP-005076,SP,São Paulo,Tatuapé,Zona Leste,Apartamento,32,2,1,1,2018,8,2018,9247.9,295932.8
SP-005077,SP,São Paulo,Ipiranga,Zona Sul,Apartamento,153,3,3,3,2016,10,2015,8186.61,1252551.33
SP-005078,SP,São Paulo,Aclimação,Centro/Sul,Apartamento,278,3,3,3,2023,3,2024,14256.08,3963190.24
SP-005079,SP,São Paulo,Itaim Bibi,Zona Sul/Oeste,Apartamento,156,3,3,3,2021,5,2017,14865.37,2318997.72
SP-005080,SP,São Paulo,Pinheiros,Zona Oeste,Casa,101,2,3,2,2002,24,2017,10863.42,1097205.42
SP-005081,SP,São Paulo,Ipiranga,Zona Sul,Casa,276,5,4,3,2011,15,2013,5440.91,1501691.16
SP-005082,SP,São Paulo,Tatuapé,Zona Leste,Casa,101,3,3,2,2021,5,2015,7869.76,794845.76
SP-005083,SP,São Paulo,Moema,Zona Sul,Cobertura,166,3,4,3,2005,21,2023,22148.66,3676677.56
SP-005084,SP,São Paulo,Mooca,Zona Leste,Apartamento,50,2,2,1,2005,21,2013,6197.78,309889.0
SP-005085,SP,São Paulo,Vila Mariana,Zona Sul,Apartamento,42,1,1,0,2002,24,2013,7581.0,318402.0
SP-005086,SP,São Paulo,Campo Belo,Zona Sul,Cobertura,300,4,5,3,2001,25,2019,17652.96,5295888.0
SP-005087,SP,São Paulo,Vila Mariana,Zona Sul,Apartamento,52,2,1,1,1992,34,2021,9326.82,484994.64
SP-005088,SP,São Paulo,Bela Vista,Centro/Sul,Apartamento,103,3,3,2,2007,19,2024,9733.25,1002524.75
SP-005089,SP,São Paulo,Campo Belo,Zona Sul,Apartamento,41,1,1,1,2018,8,2021,10069.97,412868.77
SP-005090,SP,São Paulo,Perdizes,Zona Oeste,Apartamento,56,2,2,2,2016,10,2026,13775.0,771400.0
SP-005091,SP,São Paulo,Ipiranga,Zona Sul,Apartamento,168,5,3,3,2025,1,2023,9951.45,1671843.6
SP-005092,SP,São Paulo,Campo Belo,Zona Sul,Apartamento,39,1,1,1,1984,42,2016,8035.19,313372.41
SP-005093,SP,São Paulo,Bela Vista,Centro/Sul,Apartamento,199,3,5,5,2016,10,2016,9688.3,1927971.7
SP-005094,SP,São Paulo,Campo Belo,Zona Sul,Casa,80,3,2,1,1995,31,2013,7105.43,568434.4
SP-005095,SP,São Paulo,Brooklin,Zona Sul,Apartamento,128,4,3,2,2024,2,2019,14209.84,1818859.52
SP-005096,SP,São Paulo,Itaim Bibi,Zona Sul/Oeste,Apartamento,109,3,2,1,2021,5,2019,14304.34,1559173.06
SP-005097,SP,São Paulo,Ipiranga,Zona Sul,Cobertura,152,3,5,3,2025,1,2025,15676.48,2382824.96
SP-005098,SP,São Paulo,Saúde,Zona Sul,Apartamento,60,2,1,2,2024,2,2024,10311.6,618696.0
SP-005099,SP,São Paulo,Campo Belo,Zona Sul,Apartamento,121,3,3,2,2005,21,2017,11033.48,1335051.08
SP-005100,SP,São Paulo,Moema,Zona Sul,Apartamento,42,2,1,1,2002,24,2020,11733.44,492804.48
SP-005101,SP,São Paulo,Itaim Bibi,Zona Sul/Oeste,Cobertura,189,4,4,4,2024,2,2022,31625.11,5977145.79
SP-005102,SP,São Paulo,Santana,Zona Norte,Casa,112,2,2,2,2011,15,2025,8611.05,964437.6
SP-005103,SP,São Paulo,Brooklin,Zona Sul,Casa,144,4,4,2,2017,9,2023,11788.75,1697580.0
SP-005104,SP,São Paulo,Tatuapé,Zona Leste,Apartamento,154,3,3,2,1987,39,2015,7452.29,1147652.66
SP-005105,SP,São Paulo,Mooca,Zona Leste,Apartamento,34,1,1,1,2009,17,2018,8037.01,273258.34
SP-005106,SP,São Paulo,Saúde,Zona Sul,Apartamento,127,3,3,2,2022,4,2013,6751.14,857394.78
SP-005107,SP,São Paulo,Vila Mariana,Zona Sul,Apartamento,51,2,1,1,2011,15,2020,10338.67,527272.17
SP-005108,SP,São Paulo,Tatuapé,Zona Leste,Apartamento,87,3,3,2,2010,16,2014,7608.42,661932.54
SP-005109,SP,São Paulo,Tatuapé,Zona Leste,Casa,128,3,2,1,2019,7,2017,8299.51,1062337.28
SP-005110,SP,São Paulo,Ipiranga,Zona Sul,Apartamento,159,4,5,3,2019,7,2020,10105.71,1606807.89
SP-005111,SP,São Paulo,Aclimação,Centro/Sul,Casa,131,3,2,2,2011,15,2015,7035.39,921636.09
SP-005112,SP,São Paulo,Mooca,Zona Leste,Apartamento,50,2,2,1,2015,11,2015,6521.72,326086.0
SP-005113,SP,São Paulo,Perdizes,Zona Oeste,Cobertura,258,3,5,3,2024,2,2024,21927.95,5657411.1
SP-005114,SP,São Paulo,Itaim Bibi,Zona Sul/Oeste,Casa,121,3,2,3,2001,25,2017,13958.45,1688972.45
SP-005115,SP,São Paulo,Perdizes,Zona Oeste,Apartamento,48,1,1,0,2016,10,2018,9932.99,476783.52
SP-005116,SP,São Paulo,Bela Vista,Centro/Sul,Apartamento,47,1,1,1,2023,3,2019,9646.06,453364.82
SP-005117,SP,São Paulo,Vila Mariana,Zona Sul,Apartamento,89,3,3,1,2021,5,2015,9941.54,884797.06
SP-005118,SP,São Paulo,Perdizes,Zona Oeste,Apartamento,62,2,1,1,2018,8,2026,14237.57,882729.34
SP-005119,SP,São Paulo,Itaim Bibi,Zona Sul/Oeste,Apartamento,54,3,2,1,1982,44,2020,11759.49,635012.46
SP-005120,SP,São Paulo,Brooklin,Zona Sul,Apartamento,56,3,1,2,1979,47,2013,8723.49,488515.44
SP-005121,SP,São Paulo,Aclimação,Centro/Sul,Apartamento,61,3,1,1,2002,24,2014,7456.8,454864.8
SP-005122,SP,São Paulo,Itaim Bibi,Zona Sul/Oeste,Apartamento,156,3,3,2,2002,24,2025,17052.2,2660143.2
SP-005123,SP,São Paulo,Morumbi,Zona Sul,Apartamento,67,2,2,2,2018,8,2024,9623.58,644779.86
SP-005124,SP,São Paulo,Saúde,Zona Sul,Apartamento,71,2,2,1,2020,6,2015,6722.72,477313.12
SP-005125,SP,São Paulo,Mooca,Zona Leste,Apartamento,44,1,1,1,2012,14,2017,7124.11,313460.84
SP-005126,SP,São Paulo,Tatuapé,Zona Leste,Apartamento,104,3,2,2,2015,11,2023,9541.82,992349.28
SP-005127,SP,São Paulo,Vila Mariana,Zona Sul,Casa,81,2,1,1,2020,6,2022,10429.11,844757.91
SP-005128,SP,São Paulo,Itaim Bibi,Zona Sul/Oeste,Casa,207,4,4,3,1975,51,2022,13741.34,2844457.38
SP-005129,SP,São Paulo,Morumbi,Zona Sul,Apartamento,41,1,1,0,2019,7,2026,11152.46,457250.86
SP-005130,SP,São Paulo,Ipiranga,Zona Sul,Apartamento,56,2,1,2,2019,7,2015,6836.21,382827.76
SP-005131,SP,São Paulo,Tatuapé,Zona Leste,Casa,145,5,3,3,1986,40,2023,8333.07,1208295.15
SP-005132,SP,São Paulo,Santana,Zona Norte,Casa,85,3,2,2,2018,8,2019,7702.9,654746.5
SP-005133,SP,São Paulo,Itaim Bibi,Zona Sul/Oeste,Apartamento,41,1,1,0,2008,18,2019,13176.5,540236.5
SP-005134,SP,São Paulo,Itaim Bibi,Zona Sul/Oeste,Apartamento,191,5,4,3,2015,11,2021,15544.71,2969039.61
SP-005135,SP,São Paulo,Vila Madalena,Zona Oeste,Apartamento,87,3,2,2,2023,3,2024,16346.47,1422142.89
SP-005136,SP,São Paulo,Aclimação,Centro/Sul,Casa,130,3,2,3,2009,17,2013,6852.77,890860.1
SP-005137,SP,São Paulo,Morumbi,Zona Sul,Apartamento,131,3,2,2,1992,34,2022,7962.78,1043124.18
SP-005138,SP,São Paulo,Moema,Zona Sul,Apartamento,96,2,2,1,1987,39,2024,12881.85,1236657.6
SP-005139,SP,São Paulo,Perdizes,Zona Oeste,Apartamento,42,1,1,0,1996,30,2020,9350.63,392726.46
SP-005140,SP,São Paulo,Brooklin,Zona Sul,Cobertura,236,4,4,3,1991,35,2013,12927.2,3050819.2
SP-005141,SP,São Paulo,Itaim Bibi,Zona Sul/Oeste,Apartamento,40,1,1,0,1993,33,2016,9558.11,382324.4
SP-005142,SP,São Paulo,Ipiranga,Zona Sul,Apartamento,84,2,1,1,1997,29,2020,7172.2,602464.8
SP-005143,SP,São Paulo,Vila Madalena,Zona Oeste,Apartamento,40,2,1,0,1992,34,2018,9969.22,398768.8
SP-005144,SP,São Paulo,Pinheiros,Zona Oeste,Apartamento,48,1,1,1,2025,1,2016,14010.37,672497.76
SP-005145,SP,São Paulo,Mooca,Zona Leste,Apartamento,35,2,1,1,2001,25,2018,7054.94,246922.9
SP-005146,SP,São Paulo,Ipiranga,Zona Sul,Apartamento,61,3,2,1,1977,49,2024,7026.95,428643.95
SP-005147,SP,São Paulo,Mooca,Zona Leste,Casa,218,4,3,3,2008,18,2023,8585.13,1871558.34
SP-005148,SP,São Paulo,Aclimação,Centro/Sul,Apartamento,109,3,2,1,2022,4,2018,8882.39,968180.51
SP-005149,SP,São Paulo,Bela Vista,Centro/Sul,Cobertura,147,4,4,2,2023,3,2023,17131.26,2518295.22
SP-005150,SP,São Paulo,Vila Madalena,Zona Oeste,Apartamento,43,1,1,0,2017,9,2025,14087.87,605778.41
SP-005151,SP,São Paulo,Mooca,Zona Leste,Apartamento,47,1,1,1,2004,22,2020,7783.5,365824.5
SP-005152,SP,São Paulo,Pinheiros,Zona Oeste,Apartamento,70,3,2,1,2009,17,2019,11128.67,779006.9
SP-005153,SP,São Paulo,Mooca,Zona Leste,Apartamento,63,2,2,2,2014,12,2024,8821.39,555747.57
SP-005154,SP,São Paulo,Pinheiros,Zona Oeste,Casa,155,5,4,2,2019,7,2016,11545.35,1789529.25
SP-005155,SP,São Paulo,Santana,Zona Norte,Apartamento,49,1,1,0,2025,1,2020,8245.23,404016.27
SP-005156,SP,São Paulo,Pinheiros,Zona Oeste,Apartamento,129,3,2,1,2014,12,2016,11095.38,1431304.02
SP-005157,SP,São Paulo,Aclimação,Centro/Sul,Apartamento,51,3,2,1,2011,15,2023,9529.57,486008.07
SP-005158,SP,São Paulo,Jardim Paulista,Zona Oeste,Casa,84,2,1,1,2025,1,2013,11323.59,951181.56
SP-005159,SP,São Paulo,Saúde,Zona Sul,Apartamento,189,4,3,3,2006,20,2023,9389.13,1774545.57
SP-005160,SP,São Paulo,Tatuapé,Zona Leste,Cobertura,147,4,3,2,2017,9,2015,13235.02,1945547.94
SP-005161,SP,São Paulo,Vila Mariana,Zona Sul,Apartamento,90,3,3,1,2020,6,2020,11603.44,1044309.6
SP-005162,SP,São Paulo,Mooca,Zona Leste,Apartamento,119,3,2,2,2001,25,2023,9540.69,1135342.11
SP-005163,SP,São Paulo,Vila Madalena,Zona Oeste,Apartamento,36,1,1,0,2023,3,2014,10643.97,383182.92
SP-005164,SP,São Paulo,Vila Madalena,Zona Oeste,Casa,425,4,4,5,2022,4,2019,12579.58,5346321.5
SP-005165,SP,São Paulo,Campo Belo,Zona Sul,Apartamento,67,2,2,2,2005,21,2024,12097.0,810499.0
SP-005166,SP,São Paulo,Mooca,Zona Leste,Apartamento,59,3,2,1,2024,2,2023,10143.55,598469.45
SP-005167,SP,São Paulo,Brooklin,Zona Sul,Apartamento,86,3,3,2,2012,14,2018,10689.15,919266.9
SP-005168,SP,São Paulo,Moema,Zona Sul,Apartamento,91,3,3,2,2004,22,2018,13305.97,1210843.27
SP-005169,SP,São Paulo,Vila Mariana,Zona Sul,Apartamento,60,3,1,1,2004,22,2015,8574.97,514498.2
SP-005170,SP,São Paulo,Perdizes,Zona Oeste,Casa,106,4,3,2,2021,5,2021,11475.79,1216433.74
SP-005171,SP,São Paulo,Tatuapé,Zona Leste,Apartamento,83,3,1,1,1998,28,2015,7135.15,592217.45
SP-005172,SP,São Paulo,Brooklin,Zona Sul,Cobertura,206,5,4,4,2017,9,2018,17357.37,3575618.22
SP-005173,SP,São Paulo,Ipiranga,Zona Sul,Cobertura,130,3,2,3,2005,21,2018,10364.92,1347439.6
SP-005174,SP,São Paulo,Brooklin,Zona Sul,Cobertura,132,3,3,2,2023,3,2013,16340.11,2156894.52
SP-005175,SP,São Paulo,Vila Mariana,Zona Sul,Apartamento,52,2,1,1,1979,47,2021,9077.45,472027.4
SP-005176,SP,São Paulo,Bela Vista,Centro/Sul,Apartamento,60,2,2,1,2024,2,2023,11883.36,713001.6
SP-005177,SP,São Paulo,Brooklin,Zona Sul,Apartamento,64,2,2,1,1990,36,2015,8694.67,556458.88
SP-005178,SP,São Paulo,Vila Mariana,Zona Sul,Apartamento,53,2,2,1,2014,12,2021,9633.72,510587.16
SP-005179,SP,São Paulo,Pinheiros,Zona Oeste,Casa,213,4,4,3,2017,9,2013,9172.31,1953702.03
SP-005180,SP,São Paulo,Tatuapé,Zona Leste,Apartamento,75,2,2,1,2023,3,2025,10634.76,797607.0
SP-005181,SP,São Paulo,Aclimação,Centro/Sul,Apartamento,45,1,1,0,2012,14,2026,10352.41,465858.45
SP-005182,SP,São Paulo,Jardim Paulista,Zona Oeste,Apartamento,42,1,1,1,2018,8,2016,13587.16,570660.72
SP-005183,SP,São Paulo,Campo Belo,Zona Sul,Apartamento,85,3,3,2,2009,17,2024,13371.2,1136552.0
SP-005184,SP,São Paulo,Brooklin,Zona Sul,Apartamento,47,1,1,0,2008,18,2020,10679.66,501944.02
SP-005185,SP,São Paulo,Saúde,Zona Sul,Apartamento,62,2,1,1,2021,5,2025,10843.04,672268.48
SP-005186,SP,São Paulo,Jardim Paulista,Zona Oeste,Casa,140,5,5,4,2022,4,2016,15147.93,2120710.2
SP-005187,SP,São Paulo,Aclimação,Centro/Sul,Apartamento,51,2,2,1,1995,31,2024,8879.4,452849.4
SP-005188,SP,São Paulo,Tatuapé,Zona Leste,Apartamento,33,1,1,0,2003,23,2022,8730.26,288098.58
SP-005189,SP,São Paulo,Pinheiros,Zona Oeste,Cobertura,216,5,5,3,1994,32,2021,18634.59,4025071.44
SP-005190,SP,São Paulo,Moema,Zona Sul,Casa,91,3,2,2,1988,38,2017,9925.66,903235.06
SP-005191,SP,São Paulo,Vila Madalena,Zona Oeste,Apartamento,56,2,2,1,2025,1,2026,16075.82,900245.92
SP-005192,SP,São Paulo,Vila Mariana,Zona Sul,Apartamento,54,2,1,1,2018,8,2025,12457.02,672679.08
SP-005193,SP,São Paulo,Ipiranga,Zona Sul,Apartamento,150,4,3,2,1981,45,2020,6761.78,1014267.0
SP-005194,SP,São Paulo,Saúde,Zona Sul,Casa,132,3,3,2,2021,5,2018,7984.77,1053989.64
SP-005195,SP,São Paulo,Brooklin,Zona Sul,Apartamento,120,3,3,2,2022,4,2020,11757.99,1410958.8
SP-005196,SP,São Paulo,Jardim Paulista,Zona Oeste,Apartamento,69,2,2,2,2022,4,2015,13761.63,949552.47
SP-005197,SP,São Paulo,Vila Madalena,Zona Oeste,Apartamento,42,1,1,0,1990,36,2015,8509.04,357379.68
SP-005198,SP,São Paulo,Pinheiros,Zona Oeste,Casa,252,3,5,3,1988,38,2014,8890.22,2240335.44
SP-005199,SP,São Paulo,Campo Belo,Zona Sul,Apartamento,57,2,2,1,1987,39,2021,10730.91,611661.87
SP-005200,SP,São Paulo,Morumbi,Zona Sul,Apartamento,238,5,5,3,2007,19,2022,8663.39,2061886.82
SP-005201,SP,São Paulo,Brooklin,Zona Sul,Apartamento,46,1,1,0,2019,7,2023,11681.18,537334.28
SP-005202,SP,São Paulo,Saúde,Zona Sul,Apartamento,184,4,3,2,1976,50,2019,7175.25,1320246.0
SP-005203,SP,São Paulo,Bela Vista,Centro/Sul,Casa,173,5,4,3,1998,28,2025,9277.28,1604969.44
SP-005204,SP,São Paulo,Lapa,Zona Oeste,Apartamento,77,3,2,1,1996,30,2013,5189.36,399580.72
SP-005205,SP,São Paulo,Santana,Zona Norte,Casa,116,2,3,2,2025,1,2017,6652.4,771678.4
SP-005206,SP,São Paulo,Jardim Paulista,Zona Oeste,Apartamento,67,2,2,1,2013,13,2017,12193.79,816983.93
SP-005207,SP,São Paulo,Campo Belo,Zona Sul,Apartamento,43,2,1,1,2013,13,2020,11388.81,489718.83
SP-005208,SP,São Paulo,Tatuapé,Zona Leste,Apartamento,73,2,1,1,1987,39,2018,7685.94,561073.62
SP-005209,SP,São Paulo,Campo Belo,Zona Sul,Casa,131,3,2,2,2017,9,2014,8418.3,1102797.3
SP-005210,SP,São Paulo,Vila Mariana,Zona Sul,Apartamento,71,3,2,1,2001,25,2020,11263.81,799730.51
SP-005211,SP,São Paulo,Pinheiros,Zona Oeste,Apartamento,65,2,2,1,2007,19,2023,13543.63,880335.95
SP-005212,SP,São Paulo,Moema,Zona Sul,Apartamento,52,2,2,1,2000,26,2024,15096.16,785000.32
SP-005213,SP,São Paulo,Aclimação,Centro/Sul,Apartamento,245,3,4,4,1986,40,2022,9462.55,2318324.75
SP-005214,SP,São Paulo,Aclimação,Centro/Sul,Apartamento,35,1,1,1,2020,6,2022,11088.98,388114.3
SP-005215,SP,São Paulo,Tatuapé,Zona Leste,Apartamento,56,2,2,2,1999,27,2026,10266.63,574931.28
SP-005216,SP,São Paulo,Bela Vista,Centro/Sul,Apartamento,101,3,2,2,2016,10,2022,10486.2,1059106.2
SP-005217,SP,São Paulo,Jardim Paulista,Zona Oeste,Apartamento,119,2,2,2,2015,11,2016,13046.03,1552477.57
SP-005218,SP,São Paulo,Jardim Paulista,Zona Oeste,Apartamento,122,2,2,2,2001,25,2024,15588.51,1901798.22
SP-005219,SP,São Paulo,Morumbi,Zona Sul,Apartamento,75,2,2,2,1976,50,2023,7265.98,544948.5
SP-005220,SP,São Paulo,Santana,Zona Norte,Casa,159,4,3,3,2022,4,2014,6717.4,1068066.6
SP-005221,SP,São Paulo,Itaim Bibi,Zona Sul/Oeste,Casa,80,3,1,1,2005,21,2018,11683.01,934640.8
SP-005222,SP,São Paulo,Campo Belo,Zona Sul,Apartamento,34,1,1,1,2021,5,2025,14573.33,495493.22
SP-005223,SP,São Paulo,Bela Vista,Centro/Sul,Apartamento,38,1,1,1,1989,37,2024,8331.55,316598.9
SP-005224,SP,São Paulo,Perdizes,Zona Oeste,Apartamento,173,5,4,2,2024,2,2021,13276.34,2296806.82
SP-005225,SP,São Paulo,Campo Belo,Zona Sul,Apartamento,68,2,1,2,2017,9,2014,9435.59,641620.12
SP-005226,SP,São Paulo,Lapa,Zona Oeste,Apartamento,36,1,1,1,2021,5,2013,6877.65,247595.4
SP-005227,SP,São Paulo,Moema,Zona Sul,Apartamento,358,4,4,3,1985,41,2025,14942.79,5349518.82
SP-005228,SP,São Paulo,Vila Mariana,Zona Sul,Cobertura,247,5,4,3,2008,18,2014,12813.23,3164867.81
SP-005229,SP,São Paulo,Bela Vista,Centro/Sul,Casa,101,3,3,2,2021,5,2022,9428.55,952283.55
SP-005230,SP,São Paulo,Morumbi,Zona Sul,Apartamento,44,1,1,0,2015,11,2018,6935.2,305148.8
SP-005231,SP,São Paulo,Santana,Zona Norte,Apartamento,78,2,1,1,2014,12,2025,8428.3,657407.4
SP-005232,SP,São Paulo,Vila Mariana,Zona Sul,Apartamento,62,2,1,2,1991,35,2020,9737.14,603702.68
SP-005233,SP,São Paulo,Campo Belo,Zona Sul,Cobertura,187,5,3,3,2025,1,2013,16190.51,3027625.37
SP-005234,SP,São Paulo,Lapa,Zona Oeste,Apartamento,40,1,1,1,2010,16,2014,6116.31,244652.4
SP-005235,SP,São Paulo,Bela Vista,Centro/Sul,Casa,85,3,3,3,2018,8,2019,9152.59,777970.15
SP-005236,SP,São Paulo,Tatuapé,Zona Leste,Apartamento,47,1,1,0,2020,6,2013,7378.37,346783.39
SP-005237,SP,São Paulo,Vila Mariana,Zona Sul,Casa,80,3,2,1,2013,13,2018,9014.95,721196.0
SP-005238,SP,São Paulo,Brooklin,Zona Sul,Apartamento,41,1,1,0,2010,16,2015,8654.09,354817.69
SP-005239,SP,São Paulo,Itaim Bibi,Zona Sul/Oeste,Casa,105,3,2,2,2002,24,2018,12648.14,1328054.7
SP-005240,SP,São Paulo,Pinheiros,Zona Oeste,Apartamento,45,1,1,0,2002,24,2020,11244.41,505998.45
SP-005241,SP,São Paulo,Ipiranga,Zona Sul,Apartamento,88,3,3,1,2016,10,2024,9728.45,856103.6
SP-005242,SP,São Paulo,Vila Mariana,Zona Sul,Apartamento,100,3,2,1,2009,17,2015,8725.38,872538.0
SP-005243,SP,São Paulo,Jardim Paulista,Zona Oeste,Apartamento,93,3,3,2,1991,35,2017,12581.33,1170063.69
SP-005244,SP,São Paulo,Jardim Paulista,Zona Oeste,Apartamento,67,2,1,1,2022,4,2025,18293.09,1225637.03
SP-005245,SP,São Paulo,Saúde,Zona Sul,Apartamento,45,1,1,0,2023,3,2021,9006.28,405282.6
SP-005246,SP,São Paulo,Moema,Zona Sul,Apartamento,44,1,1,0,2020,6,2022,14017.45,616767.8
SP-005247,SP,São Paulo,Vila Madalena,Zona Oeste,Apartamento,92,3,2,2,1985,41,2016,8048.58,740469.36
SP-005248,SP,São Paulo,Pinheiros,Zona Oeste,Apartamento,60,3,1,1,2010,16,2015,10500.85,630051.0
SP-005249,SP,São Paulo,Perdizes,Zona Oeste,Apartamento,39,1,1,1,2014,12,2020,8946.58,348916.62
SP-005250,SP,São Paulo,Morumbi,Zona Sul,Apartamento,53,2,2,1,1989,37,2020,6784.51,359579.03
SP-005251,SP,São Paulo,Tatuapé,Zona Leste,Apartamento,129,3,2,2,2023,3,2025,12636.5,1630108.5
SP-005252,SP,São Paulo,Campo Belo,Zona Sul,Apartamento,108,4,3,2,1981,45,2020,9887.27,1067825.16
SP-005253,SP,São Paulo,Moema,Zona Sul,Apartamento,50,3,2,2,2016,10,2019,13477.02,673851.0
SP-005254,SP,São Paulo,Brooklin,Zona Sul,Casa,100,3,2,2,1991,35,2025,12396.15,1239615.0
SP-005255,SP,São Paulo,Jardim Paulista,Zona Oeste,Apartamento,72,3,1,1,2001,25,2014,11311.47,814425.84
SP-005256,SP,São Paulo,Perdizes,Zona Oeste,Apartamento,50,2,2,2,2024,2,2024,15985.4,799270.0
SP-005257,SP,São Paulo,Pinheiros,Zona Oeste,Apartamento,74,2,2,2,2013,13,2022,14303.99,1058495.26
SP-005258,SP,São Paulo,Bela Vista,Centro/Sul,Apartamento,64,2,2,2,2023,3,2023,11711.68,749547.52
SP-005259,SP,São Paulo,Aclimação,Centro/Sul,Apartamento,122,4,2,1,2005,21,2014,7504.55,915555.1
SP-005260,SP,São Paulo,Campo Belo,Zona Sul,Apartamento,97,3,3,3,2013,13,2017,9906.85,960964.45
SP-005261,SP,São Paulo,Moema,Zona Sul,Apartamento,51,2,2,1,1995,31,2026,15293.06,779946.06
SP-005262,SP,São Paulo,Mooca,Zona Leste,Apartamento,50,2,1,1,2021,5,2020,9222.36,461118.0
SP-005263,SP,São Paulo,Vila Madalena,Zona Oeste,Casa,166,5,4,2,1990,36,2024,12012.78,1994121.48
SP-005264,SP,São Paulo,Bela Vista,Centro/Sul,Apartamento,76,2,2,1,2022,4,2026,12413.01,943388.76
SP-005265,SP,São Paulo,Ipiranga,Zona Sul,Apartamento,118,4,3,2,2022,4,2018,7992.77,943146.86
SP-005266,SP,São Paulo,Itaim Bibi,Zona Sul/Oeste,Cobertura,222,4,4,4,1980,46,2025,21139.87,4693051.14
SP-005267,SP,São Paulo,Tatuapé,Zona Leste,Apartamento,208,4,4,3,1986,40,2013,6796.06,1413580.48
SP-005268,SP,São Paulo,Perdizes,Zona Oeste,Apartamento,58,2,2,1,2010,16,2014,8801.79,510503.82
SP-005269,SP,São Paulo,Vila Madalena,Zona Oeste,Apartamento,36,1,1,1,2004,22,2015,10953.64,394331.04
SP-005270,SP,São Paulo,Morumbi,Zona Sul,Apartamento,32,1,1,1,2014,12,2026,8513.05,272417.6
SP-005271,SP,São Paulo,Jardim Paulista,Zona Oeste,Apartamento,73,2,1,1,1992,34,2026,15449.68,1127826.64
SP-005272,SP,São Paulo,Moema,Zona Sul,Casa,260,4,4,2,2008,18,2015,10006.81,2601770.6
SP-005273,SP,São Paulo,Campo Belo,Zona Sul,Cobertura,185,3,3,3,2022,4,2026,22053.13,4079829.05
SP-005274,SP,São Paulo,Saúde,Zona Sul,Apartamento,49,1,1,0,2000,26,2015,6296.21,308514.29
SP-005275,SP,São Paulo,Itaim Bibi,Zona Sul/Oeste,Apartamento,37,1,1,0,1995,31,2018,11643.41,430806.17
SP-005276,SP,São Paulo,Pinheiros,Zona Oeste,Apartamento,45,1,1,0,2007,19,2018,10438.93,469751.85
SP-005277,SP,São Paulo,Vila Madalena,Zona Oeste,Apartamento,52,3,1,1,1999,27,2015,9235.93,480268.36
SP-005278,SP,São Paulo,Santana,Zona Norte,Apartamento,95,3,3,2,1983,43,2024,7983.02,758386.9
SP-005279,SP,São Paulo,Bela Vista,Centro/Sul,Apartamento,112,3,3,2,1983,43,2015,6454.77,722934.24
SP-005280,SP,São Paulo,Moema,Zona Sul,Casa,189,5,5,4,2011,15,2015,10919.4,2063766.6
SP-005281,SP,São Paulo,Santana,Zona Norte,Apartamento,64,3,1,1,2013,13,2018,7005.63,448360.32
SP-005282,SP,São Paulo,Santana,Zona Norte,Apartamento,41,2,1,1,2016,10,2018,7635.1,313039.1
SP-005283,SP,São Paulo,Brooklin,Zona Sul,Apartamento,56,2,2,1,2019,7,2026,14011.88,784665.28
SP-005284,SP,São Paulo,Jardim Paulista,Zona Oeste,Apartamento,95,3,2,1,2025,1,2021,17071.72,1621813.4
SP-005285,SP,São Paulo,Pinheiros,Zona Oeste,Casa,193,5,3,5,2001,25,2019,13604.7,2625707.1
SP-005286,SP,São Paulo,Ipiranga,Zona Sul,Apartamento,128,3,3,2,2019,7,2020,8583.87,1098735.36
SP-005287,SP,São Paulo,Vila Madalena,Zona Oeste,Apartamento,78,2,2,2,2005,21,2021,13381.78,1043778.84
SP-005288,SP,São Paulo,Itaim Bibi,Zona Sul/Oeste,Apartamento,45,1,1,0,2016,10,2014,11496.91,517360.95
SP-005289,SP,São Paulo,Lapa,Zona Oeste,Apartamento,79,2,1,1,1988,38,2018,7873.3,621990.7
SP-005290,SP,São Paulo,Brooklin,Zona Sul,Apartamento,83,3,1,1,2023,3,2025,15130.29,1255814.07
SP-005291,SP,São Paulo,Bela Vista,Centro/Sul,Casa,127,4,3,3,2006,20,2013,6429.32,816523.64
SP-005292,SP,São Paulo,Brooklin,Zona Sul,Apartamento,54,2,1,1,1980,46,2017,7778.41,420034.14
SP-005293,SP,São Paulo,Santana,Zona Norte,Apartamento,52,3,1,1,2008,18,2017,6785.4,352840.8
SP-005294,SP,São Paulo,Santana,Zona Norte,Apartamento,114,2,2,2,2024,2,2018,8743.9,996804.6
SP-005295,SP,São Paulo,Tatuapé,Zona Leste,Casa,164,4,4,5,2021,5,2017,9544.27,1565260.28
SP-005296,SP,São Paulo,Pinheiros,Zona Oeste,Casa,157,5,5,3,2008,18,2019,11437.17,1795635.69
SP-005297,SP,São Paulo,Lapa,Zona Oeste,Apartamento,58,2,1,1,2021,5,2021,8622.9,500128.2
SP-005298,SP,São Paulo,Pinheiros,Zona Oeste,Apartamento,51,2,1,2,2013,13,2025,16256.97,829105.47
SP-005299,SP,São Paulo,Moema,Zona Sul,Apartamento,40,1,1,0,2001,25,2024,12174.1,486964.0
SP-005300,SP,São Paulo,Morumbi,Zona Sul,Apartamento,167,4,3,3,2005,21,2020,8119.34,1355929.78
SP-005301,SP,São Paulo,Brooklin,Zona Sul,Apartamento,44,2,1,0,2014,12,2025,12723.83,559848.52
SP-005302,SP,São Paulo,Pinheiros,Zona Oeste,Apartamento,39,1,1,0,2006,20,2024,12497.34,487396.26
SP-005303,SP,São Paulo,Vila Mariana,Zona Sul,Casa,106,3,2,3,1976,50,2018,8858.95,939048.7
SP-005304,SP,São Paulo,Saúde,Zona Sul,Apartamento,87,3,3,1,2004,22,2021,7755.28,674709.36
SP-005305,SP,São Paulo,Aclimação,Centro/Sul,Apartamento,108,3,2,3,2001,25,2018,8670.42,936405.36
SP-005306,SP,São Paulo,Vila Madalena,Zona Oeste,Apartamento,72,2,2,1,1991,35,2017,10742.54,773462.88
SP-005307,SP,São Paulo,Perdizes,Zona Oeste,Apartamento,125,3,3,2,2025,1,2025,15717.45,1964681.25
SP-005308,SP,São Paulo,Vila Madalena,Zona Oeste,Cobertura,145,4,5,3,1995,31,2019,16957.86,2458889.7
SP-005309,SP,São Paulo,Vila Madalena,Zona Oeste,Cobertura,569,3,4,3,2016,10,2026,22491.71,12797782.99
SP-005310,SP,São Paulo,Lapa,Zona Oeste,Apartamento,38,2,1,0,2017,9,2017,7533.6,286276.8
SP-005311,SP,São Paulo,Moema,Zona Sul,Apartamento,133,3,3,2,2013,13,2024,16278.56,2165048.48
SP-005312,SP,São Paulo,Morumbi,Zona Sul,Apartamento,36,2,1,0,1990,36,2016,5897.66,212315.76
SP-005313,SP,São Paulo,Itaim Bibi,Zona Sul/Oeste,Apartamento,34,1,1,1,2018,8,2020,17113.25,581850.5
SP-005314,SP,São Paulo,Lapa,Zona Oeste,Casa,84,2,2,1,2019,7,2024,9436.13,792634.92
SP-005315,SP,São Paulo,Itaim Bibi,Zona Sul/Oeste,Casa,183,5,5,3,1978,48,2021,12438.08,2276168.64
SP-005316,SP,São Paulo,Vila Mariana,Zona Sul,Apartamento,49,1,1,0,2017,9,2021,11867.99,581531.51
SP-005317,SP,São Paulo,Bela Vista,Centro/Sul,Apartamento,146,5,4,4,2005,21,2018,9080.31,1325725.26
SP-005318,SP,São Paulo,Pinheiros,Zona Oeste,Apartamento,114,3,3,1,2013,13,2024,14886.13,1697018.82
SP-005319,SP,São Paulo,Vila Mariana,Zona Sul,Casa,120,3,3,3,2007,19,2017,8188.09,982570.8
SP-005320,SP,São Paulo,Santana,Zona Norte,Apartamento,100,3,3,1,1990,36,2020,6635.78,663578.0
SP-005321,SP,São Paulo,Santana,Zona Norte,Casa,141,5,4,3,2025,1,2026,10637.31,1499860.71
SP-005322,SP,São Paulo,Pinheiros,Zona Oeste,Apartamento,48,1,1,0,1980,46,2016,9365.74,449555.52
SP-005323,SP,São Paulo,Morumbi,Zona Sul,Apartamento,41,1,1,1,1979,47,2014,4991.73,204660.93
SP-005324,SP,São Paulo,Mooca,Zona Leste,Casa,196,3,5,3,1987,39,2014,6461.45,1266444.2
SP-005325,SP,São Paulo,Tatuapé,Zona Leste,Cobertura,213,4,4,5,2021,5,2021,16697.75,3556620.75
SP-005326,SP,São Paulo,Aclimação,Centro/Sul,Apartamento,99,2,3,2,2017,9,2017,7608.49,753240.51
SP-005327,SP,São Paulo,Lapa,Zona Oeste,Apartamento,105,3,2,2,2017,9,2020,9675.98,1015977.9
SP-005328,SP,São Paulo,Lapa,Zona Oeste,Casa,183,5,5,3,2022,4,2022,10243.95,1874642.85
SP-005329,SP,São Paulo,Brooklin,Zona Sul,Apartamento,65,2,2,1,1994,32,2016,8792.05,571483.25
SP-005330,SP,São Paulo,Lapa,Zona Oeste,Apartamento,173,4,4,4,1998,28,2013,6682.09,1156001.57
SP-005331,SP,São Paulo,Saúde,Zona Sul,Apartamento,122,3,3,2,1992,34,2026,9266.43,1130504.46
SP-005332,SP,São Paulo,Santana,Zona Norte,Apartamento,44,2,1,0,2016,10,2013,6105.07,268623.08
SP-005333,SP,São Paulo,Moema,Zona Sul,Apartamento,73,2,1,1,1982,44,2019,10929.58,797859.34
SP-005334,SP,São Paulo,Bela Vista,Centro/Sul,Casa,89,3,3,2,2006,20,2023,7951.18,707655.02
SP-005335,SP,São Paulo,Vila Mariana,Zona Sul,Apartamento,38,2,1,1,1992,34,2024,10837.74,411834.12
SP-005336,SP,São Paulo,Pinheiros,Zona Oeste,Apartamento,69,2,2,2,2021,5,2021,15493.93,1069081.17
SP-005337,SP,São Paulo,Ipiranga,Zona Sul,Apartamento,65,2,1,2,1993,33,2021,7992.11,519487.15
SP-005338,SP,São Paulo,Mooca,Zona Leste,Apartamento,48,2,1,1,2001,25,2014,6123.22,293914.56
SP-005339,SP,São Paulo,Tatuapé,Zona Leste,Apartamento,135,3,2,2,1993,33,2022,8640.44,1166459.4
SP-005340,SP,São Paulo,Morumbi,Zona Sul,Apartamento,79,3,2,1,1997,29,2016,6306.7,498229.3
SP-005341,SP,São Paulo,Lapa,Zona Oeste,Apartamento,172,5,4,4,1986,40,2021,8899.1,1530645.2
SP-005342,SP,São Paulo,Mooca,Zona Leste,Casa,261,4,3,3,2011,15,2014,6595.48,1721420.28
SP-005343,SP,São Paulo,Itaim Bibi,Zona Sul/Oeste,Apartamento,88,3,3,2,2004,22,2025,16728.2,1472081.6
SP-005344,SP,São Paulo,Pinheiros,Zona Oeste,Apartamento,72,2,2,1,2003,23,2026,14115.38,1016307.36
SP-005345,SP,São Paulo,Brooklin,Zona Sul,Apartamento,84,2,2,1,1997,29,2014,8439.48,708916.32
SP-005346,SP,São Paulo,Vila Madalena,Zona Oeste,Apartamento,74,2,2,1,2019,7,2024,13288.14,983322.36
SP-005347,SP,São Paulo,Vila Madalena,Zona Oeste,Apartamento,56,2,2,2,1975,51,2013,8052.75,450954.0
SP-005348,SP,São Paulo,Ipiranga,Zona Sul,Casa,156,4,3,4,2014,12,2019,7181.24,1120273.44
SP-005349,SP,São Paulo,Morumbi,Zona Sul,Casa,99,3,2,2,2023,3,2025,10702.38,1059535.62
SP-005350,SP,São Paulo,Mooca,Zona Leste,Apartamento,32,1,1,1,2011,15,2021,7652.52,244880.64
SP-005351,SP,São Paulo,Pinheiros,Zona Oeste,Apartamento,36,1,1,0,2023,3,2020,14026.9,504968.4
SP-005352,SP,São Paulo,Mooca,Zona Leste,Apartamento,39,2,1,0,1998,28,2020,6006.22,234242.58
SP-005353,SP,São Paulo,Bela Vista,Centro/Sul,Apartamento,47,1,1,0,2009,17,2014,6450.96,303195.12
SP-005354,SP,São Paulo,Bela Vista,Centro/Sul,Apartamento,40,1,1,0,1978,48,2021,5892.39,235695.6
SP-005355,SP,São Paulo,Itaim Bibi,Zona Sul/Oeste,Apartamento,46,1,1,0,2003,23,2025,17703.68,814369.28
SP-005356,SP,São Paulo,Mooca,Zona Leste,Apartamento,46,1,1,1,2022,4,2014,6835.03,314411.38
SP-005357,SP,São Paulo,Ipiranga,Zona Sul,Apartamento,55,2,1,2,2025,1,2018,10057.83,553180.65
SP-005358,SP,São Paulo,Moema,Zona Sul,Casa,224,4,4,3,2000,26,2020,11222.88,2513925.12
SP-005359,SP,São Paulo,Itaim Bibi,Zona Sul/Oeste,Apartamento,34,1,1,1,2008,18,2019,13037.09,443261.06
SP-005360,SP,São Paulo,Mooca,Zona Leste,Apartamento,204,4,5,3,2023,3,2020,9909.07,2021450.28
SP-005361,SP,São Paulo,Vila Madalena,Zona Oeste,Apartamento,165,3,4,4,2010,16,2023,15021.67,2478575.55
SP-005362,SP,São Paulo,Santana,Zona Norte,Apartamento,42,1,1,0,2010,16,2023,7539.21,316646.82
SP-005363,SP,São Paulo,Santana,Zona Norte,Apartamento,59,2,2,1,2024,2,2017,7657.85,451813.15
SP-005364,SP,São Paulo,Perdizes,Zona Oeste,Apartamento,86,3,2,2,1999,27,2018,9862.51,848175.86
SP-005365,SP,São Paulo,Santana,Zona Norte,Casa,96,3,3,2,2012,14,2016,5994.78,575498.88
SP-005366,SP,São Paulo,Campo Belo,Zona Sul,Casa,83,2,1,1,2016,10,2026,12999.67,1078972.61
SP-005367,SP,São Paulo,Bela Vista,Centro/Sul,Apartamento,37,2,1,0,1986,40,2026,9210.57,340791.09
SP-005368,SP,São Paulo,Ipiranga,Zona Sul,Apartamento,49,1,1,1,1987,39,2014,5733.28,280930.72
SP-005369,SP,São Paulo,Tatuapé,Zona Leste,Casa,124,3,3,1,2014,12,2013,6527.86,809454.64
SP-005370,SP,São Paulo,Jardim Paulista,Zona Oeste,Apartamento,76,2,2,2,2011,15,2025,14941.25,1135535.0
SP-005371,SP,São Paulo,Itaim Bibi,Zona Sul/Oeste,Apartamento,44,1,1,1,2009,17,2013,10232.17,450215.48
SP-005372,SP,São Paulo,Lapa,Zona Oeste,Apartamento,173,4,4,4,2024,2,2025,13785.85,2384952.05
SP-005373,SP,São Paulo,Pinheiros,Zona Oeste,Cobertura,192,5,4,4,1978,48,2025,20668.98,3968444.16
SP-005374,SP,São Paulo,Vila Madalena,Zona Oeste,Casa,216,3,5,3,2025,1,2020,15497.17,3347388.72
SP-005375,SP,São Paulo,Moema,Zona Sul,Apartamento,76,2,2,2,2022,4,2016,12606.98,958130.48
SP-005376,SP,São Paulo,Santana,Zona Norte,Apartamento,34,2,1,0,2003,23,2019,6806.36,231416.24
SP-005377,SP,São Paulo,Brooklin,Zona Sul,Apartamento,43,1,1,1,2018,8,2017,10030.99,431332.57
SP-005378,SP,São Paulo,Campo Belo,Zona Sul,Apartamento,71,3,2,1,2024,2,2020,14352.28,1019011.88
SP-005379,SP,São Paulo,Morumbi,Zona Sul,Apartamento,110,2,3,2,2019,7,2026,11322.25,1245447.5
SP-005380,SP,São Paulo,Campo Belo,Zona Sul,Apartamento,73,2,2,1,2024,2,2017,11342.59,828009.07
SP-005381,SP,São Paulo,Perdizes,Zona Oeste,Apartamento,55,3,2,2,2019,7,2017,11815.12,649831.6
SP-005382,SP,São Paulo,Mooca,Zona Leste,Apartamento,139,3,3,1,2018,8,2026,10899.02,1514963.78
SP-005383,SP,São Paulo,Brooklin,Zona Sul,Apartamento,85,4,3,2,2010,16,2016,9791.75,832298.75
SP-005384,SP,São Paulo,Pinheiros,Zona Oeste,Apartamento,56,2,2,1,2000,26,2015,11269.45,631089.2
SP-005385,SP,São Paulo,Morumbi,Zona Sul,Apartamento,88,3,3,3,2025,1,2014,7607.05,669420.4
SP-005386,SP,São Paulo,Saúde,Zona Sul,Apartamento,46,1,1,0,2010,16,2015,6050.66,278330.36
SP-005387,SP,São Paulo,Itaim Bibi,Zona Sul/Oeste,Apartamento,78,2,2,2,2022,4,2026,21030.82,1640403.96
SP-005388,SP,São Paulo,Saúde,Zona Sul,Apartamento,53,2,2,2,1999,27,2024,8932.6,473427.8
SP-005389,SP,São Paulo,Itaim Bibi,Zona Sul/Oeste,Casa,180,5,4,3,2011,15,2014,9678.16,1742068.8
SP-005390,SP,São Paulo,Mooca,Zona Leste,Apartamento,77,2,1,1,1978,48,2021,6962.36,536101.72
SP-005391,SP,São Paulo,Mooca,Zona Leste,Apartamento,33,1,1,0,2007,19,2017,6974.53,230159.49
SP-005392,SP,São Paulo,Ipiranga,Zona Sul,Casa,247,3,4,3,2017,9,2023,8296.73,2049292.31
SP-005393,SP,São Paulo,Vila Mariana,Zona Sul,Apartamento,56,2,1,1,2013,13,2016,9596.52,537405.12
SP-005394,SP,São Paulo,Itaim Bibi,Zona Sul/Oeste,Casa,103,2,3,1,2022,4,2019,12782.42,1316589.26
SP-005395,SP,São Paulo,Mooca,Zona Leste,Apartamento,69,2,1,1,2003,23,2024,9358.22,645717.18
SP-005396,SP,São Paulo,Brooklin,Zona Sul,Apartamento,58,2,2,1,2019,7,2013,9678.0,561324.0
SP-005397,SP,São Paulo,Mooca,Zona Leste,Apartamento,42,1,1,0,2013,13,2025,7984.93,335367.06
SP-005398,SP,São Paulo,Jardim Paulista,Zona Oeste,Apartamento,64,3,1,2,2013,13,2017,12572.03,804609.92
SP-005399,SP,São Paulo,Vila Madalena,Zona Oeste,Apartamento,70,2,2,2,2014,12,2015,10720.13,750409.1
SP-005400,SP,São Paulo,Pinheiros,Zona Oeste,Apartamento,38,1,1,1,1981,45,2015,8623.21,327681.98
SP-005401,SP,São Paulo,Aclimação,Centro/Sul,Apartamento,76,2,2,1,2024,2,2024,12178.83,925591.08
SP-005402,SP,São Paulo,Vila Madalena,Zona Oeste,Apartamento,90,2,3,2,2001,25,2023,13874.4,1248696.0
SP-005403,SP,São Paulo,Bela Vista,Centro/Sul,Apartamento,79,2,2,2,1993,33,2014,5997.15,473774.85
SP-005404,SP,São Paulo,Vila Madalena,Zona Oeste,Apartamento,42,1,1,0,2021,5,2015,10647.83,447208.86
SP-005405,SP,São Paulo,Lapa,Zona Oeste,Casa,181,4,4,3,2023,3,2018,9363.79,1694845.99
SP-005406,SP,São Paulo,Mooca,Zona Leste,Apartamento,94,3,2,2,2022,4,2023,10343.85,972321.9
SP-005407,SP,São Paulo,Pinheiros,Zona Oeste,Casa,90,3,3,2,1988,38,2026,12149.02,1093411.8
SP-005408,SP,São Paulo,Moema,Zona Sul,Apartamento,48,1,1,0,1989,37,2020,11176.65,536479.2
SP-005409,SP,São Paulo,Vila Mariana,Zona Sul,Apartamento,50,2,2,1,2009,17,2022,10311.94,515597.0
SP-005410,SP,São Paulo,Morumbi,Zona Sul,Casa,113,3,3,2,1993,33,2025,7715.8,871885.4
SP-005411,SP,São Paulo,Vila Madalena,Zona Oeste,Apartamento,44,1,1,1,2023,3,2026,16493.49,725713.56
SP-005412,SP,São Paulo,Moema,Zona Sul,Apartamento,134,3,2,3,2012,14,2023,15385.24,2061622.16
SP-005413,SP,São Paulo,Vila Madalena,Zona Oeste,Apartamento,104,3,2,2,1982,44,2018,10410.93,1082736.72
SP-005414,SP,São Paulo,Santana,Zona Norte,Apartamento,37,1,1,1,1999,27,2025,8080.12,298964.44
SP-005415,SP,São Paulo,Morumbi,Zona Sul,Apartamento,55,2,1,1,2004,22,2018,6724.92,369870.6
SP-005416,SP,São Paulo,Morumbi,Zona Sul,Casa,133,3,3,2,1998,28,2018,6243.23,830349.59
SP-005417,SP,São Paulo,Saúde,Zona Sul,Casa,175,4,3,4,2007,19,2020,7739.34,1354384.5
SP-005418,SP,São Paulo,Saúde,Zona Sul,Casa,110,3,3,2,1999,27,2026,8855.97,974156.7
SP-005419,SP,São Paulo,Bela Vista,Centro/Sul,Apartamento,247,3,3,4,2003,23,2013,6798.18,1679150.46
SP-005420,SP,São Paulo,Vila Mariana,Zona Sul,Apartamento,49,1,1,0,1992,34,2026,10419.09,510535.41
SP-005421,SP,São Paulo,Perdizes,Zona Oeste,Cobertura,143,3,4,4,2015,11,2026,21556.64,3082599.52
SP-005422,SP,São Paulo,Perdizes,Zona Oeste,Apartamento,62,2,2,1,1986,40,2016,8433.17,522856.54
SP-005423,SP,São Paulo,Jardim Paulista,Zona Oeste,Casa,91,3,3,1,2023,3,2017,13787.79,1254688.89
SP-005424,SP,São Paulo,Bela Vista,Centro/Sul,Apartamento,186,4,3,3,2005,21,2018,8194.17,1524115.62
SP-005425,SP,São Paulo,Ipiranga,Zona Sul,Casa,85,3,3,1,2004,22,2026,8706.59,740060.15
SP-005426,SP,São Paulo,Jardim Paulista,Zona Oeste,Apartamento,184,4,4,3,2007,19,2015,13564.49,2495866.16
SP-005427,SP,São Paulo,Lapa,Zona Oeste,Casa,81,2,1,2,2003,23,2016,6860.17,555673.77
SP-005428,SP,São Paulo,Saúde,Zona Sul,Casa,97,3,3,2,2024,2,2019,8316.3,806681.1
SP-005429,SP,São Paulo,Perdizes,Zona Oeste,Casa,116,3,3,2,1992,34,2021,9075.32,1052737.12
SP-005430,SP,São Paulo,Moema,Zona Sul,Apartamento,133,3,3,3,2000,26,2025,15724.31,2091333.23
SP-005431,SP,São Paulo,Brooklin,Zona Sul,Apartamento,35,1,1,0,2019,7,2022,13382.29,468380.15
SP-005432,SP,São Paulo,Jardim Paulista,Zona Oeste,Apartamento,32,1,1,0,2020,6,2021,13875.62,444019.84
SP-005433,SP,São Paulo,Itaim Bibi,Zona Sul/Oeste,Apartamento,76,3,1,1,2006,20,2016,13289.83,1010027.08
SP-005434,SP,São Paulo,Santana,Zona Norte,Casa,130,3,3,1,2017,9,2025,9574.2,1244646.0
SP-005435,SP,São Paulo,Bela Vista,Centro/Sul,Apartamento,68,2,1,1,2005,21,2025,9905.12,673548.16
SP-005436,SP,São Paulo,Aclimação,Centro/Sul,Apartamento,81,2,2,2,2019,7,2018,8834.24,715573.44
SP-005437,SP,São Paulo,Brooklin,Zona Sul,Casa,113,3,2,2,2010,16,2021,10376.07,1172495.91
SP-005438,SP,São Paulo,Campo Belo,Zona Sul,Apartamento,48,1,1,0,2004,22,2025,10630.22,510250.56
SP-005439,SP,São Paulo,Pinheiros,Zona Oeste,Apartamento,46,1,1,1,2016,10,2021,13591.93,625228.78
SP-005440,SP,São Paulo,Vila Mariana,Zona Sul,Casa,461,3,4,4,2022,4,2014,10092.97,4652859.17
SP-005441,SP,São Paulo,Tatuapé,Zona Leste,Cobertura,144,4,4,4,2002,24,2024,16499.11,2375871.84
SP-005442,SP,São Paulo,Santana,Zona Norte,Apartamento,178,4,4,3,2021,5,2022,8933.74,1590205.72
SP-005443,SP,São Paulo,Saúde,Zona Sul,Casa,123,4,3,2,1991,35,2021,6455.53,794030.19
SP-005444,SP,São Paulo,Tatuapé,Zona Leste,Apartamento,69,2,2,1,2014,12,2015,7070.34,487853.46
SP-005445,SP,São Paulo,Jardim Paulista,Zona Oeste,Apartamento,33,1,1,1,1993,33,2023,14893.22,491476.26
SP-005446,SP,São Paulo,Campo Belo,Zona Sul,Apartamento,153,5,4,3,1982,44,2014,8530.74,1305203.22
SP-005447,SP,São Paulo,Saúde,Zona Sul,Apartamento,72,2,2,1,1976,50,2022,6961.07,501197.04
SP-005448,SP,São Paulo,Moema,Zona Sul,Casa,94,3,2,2,2009,17,2021,12590.86,1183540.84
SP-005449,SP,São Paulo,Saúde,Zona Sul,Apartamento,90,3,2,1,2008,18,2025,9506.71,855603.9
SP-005450,SP,São Paulo,Moema,Zona Sul,Cobertura,169,5,5,3,2020,6,2022,23227.05,3925371.45
SP-005451,SP,São Paulo,Moema,Zona Sul,Apartamento,176,4,3,3,1989,37,2013,10047.87,1768425.12
SP-005452,SP,São Paulo,Jardim Paulista,Zona Oeste,Apartamento,121,3,2,1,2024,2,2020,16030.26,1939661.46
SP-005453,SP,São Paulo,Mooca,Zona Leste,Cobertura,185,4,4,2,2014,12,2015,10876.3,2012115.5
SP-005454,SP,São Paulo,Bela Vista,Centro/Sul,Cobertura,170,4,5,3,2000,26,2025,12719.85,2162374.5
SP-005455,SP,São Paulo,Perdizes,Zona Oeste,Apartamento,55,2,2,1,2014,12,2016,8575.43,471648.65
SP-005456,SP,São Paulo,Aclimação,Centro/Sul,Apartamento,68,2,2,1,1998,28,2021,7756.21,527422.28
SP-005457,SP,São Paulo,Brooklin,Zona Sul,Casa,99,3,2,2,1998,28,2014,8581.43,849561.57
SP-005458,SP,São Paulo,Aclimação,Centro/Sul,Apartamento,169,5,5,3,1981,45,2014,7276.42,1229714.98
SP-005459,SP,São Paulo,Morumbi,Zona Sul,Apartamento,41,1,1,0,2001,25,2016,6357.12,260641.92
SP-005460,SP,São Paulo,Campo Belo,Zona Sul,Casa,94,2,3,2,2007,19,2018,9241.4,868691.6
SP-005461,SP,São Paulo,Pinheiros,Zona Oeste,Cobertura,246,5,4,5,1989,37,2025,22995.27,5656836.42
SP-005462,SP,São Paulo,Lapa,Zona Oeste,Apartamento,70,2,2,1,2000,26,2020,6846.15,479230.5
SP-005463,SP,São Paulo,Perdizes,Zona Oeste,Casa,115,3,2,2,1993,33,2022,10866.96,1249700.4
SP-005464,SP,São Paulo,Tatuapé,Zona Leste,Casa,97,3,2,1,2024,2,2023,10400.1,1008809.7
SP-005465,SP,São Paulo,Ipiranga,Zona Sul,Apartamento,100,2,3,2,2014,12,2019,7663.01,766301.0
SP-005466,SP,São Paulo,Perdizes,Zona Oeste,Apartamento,58,3,1,1,2005,21,2017,9771.41,566741.78
SP-005467,SP,São Paulo,Pinheiros,Zona Oeste,Apartamento,35,1,1,0,2021,5,2022,13061.05,457136.75
SP-005468,SP,São Paulo,Mooca,Zona Leste,Apartamento,36,1,1,0,2019,7,2017,7394.33,266195.88
SP-005469,SP,São Paulo,Pinheiros,Zona Oeste,Apartamento,56,2,2,1,2018,8,2013,9955.59,557513.04
SP-005470,SP,São Paulo,Mooca,Zona Leste,Apartamento,54,3,2,1,1995,31,2019,7122.76,384629.04
SP-005471,SP,São Paulo,Brooklin,Zona Sul,Apartamento,51,2,1,1,2024,2,2014,10582.45,539704.95
SP-005472,SP,São Paulo,Saúde,Zona Sul,Apartamento,64,3,1,1,2013,13,2023,9404.43,601883.52
SP-005473,SP,São Paulo,Santana,Zona Norte,Apartamento,75,3,2,1,2023,3,2017,8264.25,619818.75
SP-005474,SP,São Paulo,Bela Vista,Centro/Sul,Apartamento,139,3,2,2,1989,37,2020,7820.74,1087082.86
SP-005475,SP,São Paulo,Brooklin,Zona Sul,Apartamento,97,3,2,1,2006,20,2023,12938.6,1255044.2
SP-005476,SP,São Paulo,Vila Madalena,Zona Oeste,Apartamento,88,3,2,1,1997,29,2022,11470.46,1009400.48
SP-005477,SP,São Paulo,Aclimação,Centro/Sul,Apartamento,169,5,4,4,2024,2,2014,9841.25,1663171.25
SP-005478,SP,São Paulo,Itaim Bibi,Zona Sul/Oeste,Casa,140,4,3,5,1992,34,2026,17068.72,2389620.8
SP-005479,SP,São Paulo,Pinheiros,Zona Oeste,Apartamento,46,1,1,0,2023,3,2018,12728.54,585512.84
SP-005480,SP,São Paulo,Vila Madalena,Zona Oeste,Apartamento,90,3,2,3,2019,7,2017,13500.8,1215072.0
SP-005481,SP,São Paulo,Bela Vista,Centro/Sul,Apartamento,102,3,3,2,2017,9,2023,10371.25,1057867.5
SP-005482,SP,São Paulo,Santana,Zona Norte,Apartamento,61,2,1,1,2009,17,2023,7496.92,457312.12
SP-005483,SP,São Paulo,Aclimação,Centro/Sul,Apartamento,40,1,1,0,2007,19,2016,7381.34,295253.6
SP-005484,SP,São Paulo,Saúde,Zona Sul,Apartamento,121,3,3,1,2024,2,2015,8165.34,988006.14
SP-005485,SP,São Paulo,Vila Madalena,Zona Oeste,Apartamento,55,2,2,1,1999,27,2015,8873.88,488063.4
SP-005486,SP,São Paulo,Mooca,Zona Leste,Apartamento,49,1,1,0,2001,25,2020,7168.87,351274.63
SP-005487,SP,São Paulo,Bela Vista,Centro/Sul,Casa,434,3,3,4,2020,6,2016,7903.03,3429915.02
SP-005488,SP,São Paulo,Vila Mariana,Zona Sul,Apartamento,118,2,2,2,1998,28,2014,8198.31,967400.58
SP-005489,SP,São Paulo,Moema,Zona Sul,Casa,190,4,5,3,1988,38,2023,13763.44,2615053.6
SP-005490,SP,São Paulo,Aclimação,Centro/Sul,Apartamento,43,1,1,1,2018,8,2024,12024.43,517050.49
SP-005491,SP,São Paulo,Brooklin,Zona Sul,Apartamento,41,1,1,0,1980,46,2018,8284.48,339663.68
SP-005492,SP,São Paulo,Perdizes,Zona Oeste,Casa,182,5,4,3,2005,21,2022,12043.57,2191929.74
SP-005493,SP,São Paulo,Saúde,Zona Sul,Apartamento,40,1,1,0,2014,12,2015,6381.04,255241.6
SP-005494,SP,São Paulo,Ipiranga,Zona Sul,Apartamento,76,3,1,1,2008,18,2013,5863.31,445611.56
SP-005495,SP,São Paulo,Campo Belo,Zona Sul,Apartamento,98,3,3,2,1990,36,2023,9883.69,968601.62
SP-005496,SP,São Paulo,Ipiranga,Zona Sul,Apartamento,137,2,2,2,1983,43,2013,4949.43,678071.91
SP-005497,SP,São Paulo,Aclimação,Centro/Sul,Apartamento,40,1,1,0,2023,3,2023,10909.01,436360.4
SP-005498,SP,São Paulo,Vila Madalena,Zona Oeste,Apartamento,34,1,1,0,2008,18,2024,13408.33,455883.22
SP-005499,SP,São Paulo,Lapa,Zona Oeste,Apartamento,34,1,1,0,2001,25,2025,9635.74,327615.16
SP-005500,SP,São Paulo,Ipiranga,Zona Sul,Apartamento,38,1,1,1,2019,7,2023,9453.71,359240.98
SP-005501,SP,São Paulo,Bela Vista,Centro/Sul,Apartamento,40,1,1,1,2012,14,2017,8340.41,333616.4
SP-005502,SP,São Paulo,Moema,Zona Sul,Apartamento,160,5,3,2,2001,25,2017,12415.78,1986524.8
SP-005503,SP,São Paulo,Morumbi,Zona Sul,Casa,176,3,4,3,1993,33,2021,7412.27,1304559.52
SP-005504,SP,São Paulo,Vila Madalena,Zona Oeste,Apartamento,157,4,4,4,2022,4,2025,16419.93,2577929.01
SP-005505,SP,São Paulo,Vila Mariana,Zona Sul,Casa,101,3,2,2,2016,10,2023,11676.08,1179284.08
SP-005506,SP,São Paulo,Brooklin,Zona Sul,Apartamento,210,5,3,3,2018,8,2019,12807.64,2689604.4
SP-005507,SP,São Paulo,Moema,Zona Sul,Apartamento,49,1,1,1,2025,1,2019,17153.14,840503.86
SP-005508,SP,São Paulo,Vila Mariana,Zona Sul,Apartamento,32,1,1,0,2004,22,2013,8488.06,271617.92
SP-005509,SP,São Paulo,Saúde,Zona Sul,Apartamento,38,2,1,1,2019,7,2024,10425.85,396182.3
SP-005510,SP,São Paulo,Brooklin,Zona Sul,Casa,86,3,2,2,2014,12,2021,11246.18,967171.48
SP-005511,SP,São Paulo,Perdizes,Zona Oeste,Apartamento,36,2,1,1,2012,14,2022,11108.96,399922.56
SP-005512,SP,São Paulo,Ipiranga,Zona Sul,Apartamento,158,4,4,4,2017,9,2025,10690.13,1689040.54
SP-005513,SP,São Paulo,Campo Belo,Zona Sul,Apartamento,96,4,2,2,1999,27,2016,9355.74,898151.04
SP-005514,SP,São Paulo,Ipiranga,Zona Sul,Apartamento,76,2,1,1,1992,34,2016,6816.11,518024.36
SP-005515,SP,São Paulo,Itaim Bibi,Zona Sul/Oeste,Apartamento,39,1,1,0,1998,28,2020,12740.97,496897.83
SP-005516,SP,São Paulo,Brooklin,Zona Sul,Apartamento,61,2,2,2,2021,5,2024,14472.0,882792.0
SP-005517,SP,São Paulo,Lapa,Zona Oeste,Apartamento,75,2,2,1,1982,44,2026,8816.66,661249.5
SP-005518,SP,São Paulo,Vila Mariana,Zona Sul,Apartamento,52,2,2,1,1992,34,2013,7597.41,395065.32
SP-005519,SP,São Paulo,Brooklin,Zona Sul,Apartamento,270,5,4,3,1978,48,2021,11346.96,3063679.2
SP-005520,SP,São Paulo,Santana,Zona Norte,Apartamento,67,2,1,1,2024,2,2015,7944.99,532314.33
SP-005521,SP,São Paulo,Perdizes,Zona Oeste,Apartamento,35,1,1,1,2005,21,2014,7592.28,265729.8
SP-005522,SP,São Paulo,Itaim Bibi,Zona Sul/Oeste,Apartamento,52,2,2,1,2023,3,2019,15307.25,795977.0
SP-005523,SP,São Paulo,Vila Mariana,Zona Sul,Casa,127,3,3,2,1979,47,2019,8631.31,1096176.37
SP-005524,SP,São Paulo,Tatuapé,Zona Leste,Apartamento,32,1,1,0,2006,20,2018,7125.58,228018.56
SP-005525,SP,São Paulo,Mooca,Zona Leste,Apartamento,249,3,4,2,2025,1,2013,7595.58,1891299.42
SP-005526,SP,São Paulo,Mooca,Zona Leste,Apartamento,52,3,2,1,1995,31,2015,5439.18,282837.36
SP-005527,SP,São Paulo,Jardim Paulista,Zona Oeste,Cobertura,134,3,3,2,2014,12,2020,21773.95,2917709.3
SP-005528,SP,São Paulo,Aclimação,Centro/Sul,Apartamento,32,1,1,0,2005,21,2024,9734.78,311512.96
SP-005529,SP,São Paulo,Vila Madalena,Zona Oeste,Apartamento,75,3,1,1,2000,26,2025,12952.96,971472.0
SP-005530,SP,São Paulo,Santana,Zona Norte,Casa,173,3,4,3,1993,33,2015,5223.54,903672.42
SP-005531,SP,São Paulo,Campo Belo,Zona Sul,Apartamento,42,2,1,0,2024,2,2024,13306.21,558860.82
SP-005532,SP,São Paulo,Itaim Bibi,Zona Sul/Oeste,Apartamento,61,2,2,2,1998,28,2019,12122.97,739501.17
SP-005533,SP,São Paulo,Morumbi,Zona Sul,Apartamento,49,2,1,0,1992,34,2015,5716.92,280129.08
SP-005534,SP,São Paulo,Vila Mariana,Zona Sul,Apartamento,45,1,1,0,2015,11,2015,8803.2,396144.0
SP-005535,SP,São Paulo,Vila Mariana,Zona Sul,Apartamento,59,2,2,1,1990,36,2025,11668.57,688445.63
SP-005536,SP,São Paulo,Vila Mariana,Zona Sul,Apartamento,35,1,1,0,2012,14,2026,12065.69,422299.15
SP-005537,SP,São Paulo,Itaim Bibi,Zona Sul/Oeste,Casa,404,3,4,3,2021,5,2023,18039.85,7288099.4
SP-005538,SP,São Paulo,Saúde,Zona Sul,Apartamento,62,2,2,1,2009,17,2014,6419.85,398030.7
SP-005539,SP,São Paulo,Ipiranga,Zona Sul,Apartamento,153,4,4,3,2014,12,2013,7018.79,1073874.87
SP-005540,SP,São Paulo,Campo Belo,Zona Sul,Apartamento,69,2,2,1,2011,15,2020,10547.23,727758.87
SP-005541,SP,São Paulo,Moema,Zona Sul,Apartamento,45,1,1,0,2004,22,2024,12645.13,569030.85
SP-005542,SP,São Paulo,Bela Vista,Centro/Sul,Apartamento,57,3,2,2,2016,10,2015,8509.54,485043.78
SP-005543,SP,São Paulo,Aclimação,Centro/Sul,Apartamento,112,3,3,3,1976,50,2022,9161.97,1026140.64
SP-005544,SP,São Paulo,Vila Mariana,Zona Sul,Apartamento,56,2,1,1,1982,44,2016,7843.88,439257.28
SP-005545,SP,São Paulo,Vila Madalena,Zona Oeste,Casa,90,2,2,2,2023,3,2021,12583.83,1132544.7
SP-005546,SP,São Paulo,Bela Vista,Centro/Sul,Apartamento,37,1,1,1,1991,35,2026,9003.29,333121.73
SP-005547,SP,São Paulo,Jardim Paulista,Zona Oeste,Apartamento,44,1,1,1,2015,11,2024,15869.25,698247.0
SP-005548,SP,São Paulo,Santana,Zona Norte,Apartamento,51,2,2,1,2021,5,2026,9970.98,508519.98
SP-005549,SP,São Paulo,Vila Mariana,Zona Sul,Apartamento,81,3,2,1,1993,33,2023,10002.16,810174.96
SP-005550,SP,São Paulo,Pinheiros,Zona Oeste,Apartamento,162,4,4,5,2015,11,2022,15823.93,2563476.66
SP-005551,SP,São Paulo,Mooca,Zona Leste,Cobertura,262,3,4,3,2024,2,2022,16337.15,4280333.3
SP-005552,SP,São Paulo,Mooca,Zona Leste,Apartamento,198,3,3,3,2016,10,2019,9064.65,1794800.7
SP-005553,SP,São Paulo,Saúde,Zona Sul,Apartamento,60,3,2,1,1989,37,2014,5946.07,356764.2
SP-005554,SP,São Paulo,Campo Belo,Zona Sul,Casa,203,3,4,2,1997,29,2015,7992.09,1622394.27
SP-005555,SP,São Paulo,Moema,Zona Sul,Apartamento,104,3,3,2,2007,19,2023,16423.04,1707996.16
SP-005556,SP,São Paulo,Aclimação,Centro/Sul,Apartamento,55,2,1,2,2018,8,2021,10357.05,569637.75
SP-005557,SP,São Paulo,Campo Belo,Zona Sul,Casa,235,4,4,4,1998,28,2024,11607.77,2727825.95
SP-005558,SP,São Paulo,Ipiranga,Zona Sul,Casa,85,3,2,2,1984,42,2018,6053.3,514530.5
SP-005559,SP,São Paulo,Mooca,Zona Leste,Apartamento,40,2,1,1,1999,27,2015,5775.57,231022.8
SP-005560,SP,São Paulo,Vila Mariana,Zona Sul,Apartamento,48,1,1,0,2013,13,2019,9584.83,460071.84
SP-005561,SP,São Paulo,Ipiranga,Zona Sul,Apartamento,180,3,4,3,2010,16,2021,8188.36,1473904.8
SP-005562,SP,São Paulo,Moema,Zona Sul,Apartamento,33,1,1,1,1994,32,2020,12735.0,420255.0
SP-005563,SP,São Paulo,Santana,Zona Norte,Apartamento,92,3,3,2,2014,12,2014,5832.92,536628.64
SP-005564,SP,São Paulo,Itaim Bibi,Zona Sul/Oeste,Apartamento,125,3,2,2,2010,16,2018,14427.22,1803402.5
SP-005565,SP,São Paulo,Aclimação,Centro/Sul,Cobertura,123,3,3,1,2025,1,2022,15349.55,1887994.65
SP-005566,SP,São Paulo,Itaim Bibi,Zona Sul/Oeste,Apartamento,75,2,2,1,1975,51,2023,12849.6,963720.0
SP-005567,SP,São Paulo,Moema,Zona Sul,Apartamento,115,3,3,2,1987,39,2023,14216.58,1634906.7
SP-005568,SP,São Paulo,Tatuapé,Zona Leste,Apartamento,32,2,1,1,1989,37,2020,7321.25,234280.0
SP-005569,SP,São Paulo,Ipiranga,Zona Sul,Apartamento,58,2,2,2,2010,16,2023,8130.16,471549.28
SP-005570,SP,São Paulo,Jardim Paulista,Zona Oeste,Apartamento,99,3,3,1,1997,29,2020,12314.34,1219119.66
SP-005571,SP,São Paulo,Tatuapé,Zona Leste,Cobertura,180,4,4,2,2017,9,2018,12529.06,2255230.8
SP-005572,SP,São Paulo,Pinheiros,Zona Oeste,Casa,88,4,3,2,1976,50,2023,11532.32,1014844.16
SP-005573,SP,São Paulo,Pinheiros,Zona Oeste,Casa,165,4,4,3,2003,23,2014,10374.95,1711866.75
SP-005574,SP,São Paulo,Campo Belo,Zona Sul,Casa,106,2,2,2,1996,30,2017,8649.46,916842.76
SP-005575,SP,São Paulo,Vila Madalena,Zona Oeste,Casa,124,4,2,2,2000,26,2025,11740.69,1455845.56
SP-005576,SP,São Paulo,Lapa,Zona Oeste,Apartamento,36,2,1,1,2009,17,2021,8730.67,314304.12
SP-005577,SP,São Paulo,Saúde,Zona Sul,Apartamento,151,4,4,5,2023,3,2015,8848.55,1336131.05
SP-005578,SP,São Paulo,Mooca,Zona Leste,Apartamento,209,5,4,3,1979,47,2013,5718.91,1195252.19
SP-005579,SP,São Paulo,Pinheiros,Zona Oeste,Apartamento,91,3,3,2,2014,12,2015,10633.78,967673.98
SP-005580,SP,São Paulo,Campo Belo,Zona Sul,Casa,385,4,4,3,1989,37,2013,8188.89,3152722.65
SP-005581,SP,São Paulo,Aclimação,Centro/Sul,Apartamento,152,4,3,4,2024,2,2019,11276.45,1714020.4
SP-005582,SP,São Paulo,Vila Mariana,Zona Sul,Apartamento,48,1,1,1,1996,30,2013,7332.19,351945.12
SP-005583,SP,São Paulo,Vila Madalena,Zona Oeste,Apartamento,72,2,1,1,2019,7,2023,14485.78,1042976.16
SP-005584,SP,São Paulo,Campo Belo,Zona Sul,Apartamento,36,1,1,1,2011,15,2014,9043.36,325560.96
SP-005585,SP,São Paulo,Vila Mariana,Zona Sul,Apartamento,47,1,1,0,2013,13,2014,7293.25,342782.75
SP-005586,SP,São Paulo,Aclimação,Centro/Sul,Apartamento,129,3,2,2,2001,25,2018,8994.2,1160251.8
SP-005587,SP,São Paulo,Bela Vista,Centro/Sul,Apartamento,71,3,2,1,2001,25,2021,9046.78,642321.38
SP-005588,SP,São Paulo,Pinheiros,Zona Oeste,Apartamento,99,2,2,2,2019,7,2023,14662.7,1451607.3
SP-005589,SP,São Paulo,Brooklin,Zona Sul,Casa,163,4,4,4,2020,6,2023,14536.68,2369478.84
SP-005590,SP,São Paulo,Itaim Bibi,Zona Sul/Oeste,Apartamento,37,1,1,0,2011,15,2017,13042.29,482564.73
SP-005591,SP,São Paulo,Bela Vista,Centro/Sul,Casa,96,3,2,2,2004,22,2014,6547.23,628534.08
SP-005592,SP,São Paulo,Morumbi,Zona Sul,Casa,112,2,3,2,1991,35,2014,5026.73,562993.76
SP-005593,SP,São Paulo,Vila Madalena,Zona Oeste,Apartamento,45,1,1,0,2025,1,2017,12126.19,545678.55
SP-005594,SP,São Paulo,Santana,Zona Norte,Apartamento,42,2,1,1,2019,7,2015,6817.86,286350.12
SP-005595,SP,São Paulo,Moema,Zona Sul,Apartamento,38,2,1,0,2010,16,2018,11432.0,434416.0
SP-005596,SP,São Paulo,Tatuapé,Zona Leste,Apartamento,33,1,1,0,1975,51,2019,7193.82,237396.06
SP-005597,SP,São Paulo,Vila Madalena,Zona Oeste,Apartamento,66,2,1,2,2018,8,2016,12008.29,792547.14
SP-005598,SP,São Paulo,Moema,Zona Sul,Apartamento,43,1,1,0,2010,16,2026,13665.69,587624.67
SP-005599,SP,São Paulo,Pinheiros,Zona Oeste,Casa,172,3,3,3,1978,48,2019,10157.54,1747096.88
SP-005600,SP,São Paulo,Ipiranga,Zona Sul,Apartamento,42,1,1,1,1981,45,2018,5901.84,247877.28
SP-005601,SP,São Paulo,Pinheiros,Zona Oeste,Apartamento,34,2,1,1,2015,11,2013,9468.26,321920.84
SP-005602,SP,São Paulo,Mooca,Zona Leste,Apartamento,62,3,1,2,1998,28,2020,7371.85,457054.7
SP-005603,SP,São Paulo,Pinheiros,Zona Oeste,Apartamento,78,3,2,2,2012,14,2023,14857.73,1158902.94
SP-005604,SP,São Paulo,Perdizes,Zona Oeste,Apartamento,91,3,2,2,2008,18,2023,11916.88,1084436.08
SP-005605,SP,São Paulo,Perdizes,Zona Oeste,Apartamento,78,2,2,1,1979,47,2017,7772.97,606291.66
SP-005606,SP,São Paulo,Campo Belo,Zona Sul,Casa,376,3,4,3,2015,11,2024,12522.93,4708621.68
SP-005607,SP,São Paulo,Campo Belo,Zona Sul,Cobertura,136,4,3,2,1996,30,2020,15665.16,2130461.76
SP-005608,SP,São Paulo,Brooklin,Zona Sul,Apartamento,134,3,2,2,2024,2,2019,11990.11,1606674.74
SP-005609,SP,São Paulo,Ipiranga,Zona Sul,Cobertura,170,4,5,3,1991,35,2018,9708.65,1650470.5
SP-005610,SP,São Paulo,Santana,Zona Norte,Casa,109,2,3,3,1979,47,2022,7251.03,790362.27
SP-005611,SP,São Paulo,Itaim Bibi,Zona Sul/Oeste,Apartamento,103,4,3,2,1991,35,2022,14621.46,1506010.38
SP-005612,SP,São Paulo,Santana,Zona Norte,Apartamento,51,2,2,1,2011,15,2013,5093.48,259767.48
SP-005613,SP,São Paulo,Santana,Zona Norte,Casa,111,3,2,1,2002,24,2026,7106.82,788857.02
SP-005614,SP,São Paulo,Vila Mariana,Zona Sul,Apartamento,42,1,1,1,2001,25,2024,11454.1,481072.2
SP-005615,SP,São Paulo,Vila Madalena,Zona Oeste,Casa,142,4,3,3,2016,10,2017,12627.76,1793141.92
SP-005616,SP,São Paulo,Brooklin,Zona Sul,Apartamento,131,3,3,2,2015,11,2016,10629.53,1392468.43
SP-005617,SP,São Paulo,Vila Mariana,Zona Sul,Apartamento,77,2,2,1,2007,19,2023,11267.37,867587.49
SP-005618,SP,São Paulo,Lapa,Zona Oeste,Apartamento,76,2,2,1,2012,14,2016,6567.3,499114.8
SP-005619,SP,São Paulo,Saúde,Zona Sul,Apartamento,91,2,2,2,2008,18,2015,6388.82,581382.62
SP-005620,SP,São Paulo,Jardim Paulista,Zona Oeste,Apartamento,45,2,1,0,1983,43,2015,8750.75,393783.75
SP-005621,SP,São Paulo,Lapa,Zona Oeste,Casa,235,4,4,2,2013,13,2019,8086.51,1900329.85
SP-005622,SP,São Paulo,Morumbi,Zona Sul,Apartamento,296,4,3,3,2014,12,2022,9324.79,2760137.84
SP-005623,SP,São Paulo,Morumbi,Zona Sul,Casa,294,4,3,3,2021,5,2017,8145.06,2394647.64
SP-005624,SP,São Paulo,Perdizes,Zona Oeste,Apartamento,82,2,2,1,1990,36,2013,7440.78,610143.96
SP-005625,SP,São Paulo,Vila Madalena,Zona Oeste,Apartamento,108,4,2,2,2024,2,2023,14950.98,1614705.84
SP-005626,SP,São Paulo,Ipiranga,Zona Sul,Apartamento,149,4,3,5,2017,9,2026,12463.72,1857094.28
SP-005627,SP,São Paulo,Brooklin,Zona Sul,Casa,93,3,2,2,2012,14,2020,11675.28,1085801.04
SP-005628,SP,São Paulo,Saúde,Zona Sul,Cobertura,184,3,4,3,2018,8,2018,13795.46,2538364.64
SP-005629,SP,São Paulo,Jardim Paulista,Zona Oeste,Apartamento,64,3,2,1,2002,24,2023,13722.18,878219.52
SP-005630,SP,São Paulo,Ipiranga,Zona Sul,Apartamento,111,3,2,2,2016,10,2015,6481.78,719477.58
SP-005631,SP,São Paulo,Aclimação,Centro/Sul,Cobertura,160,4,5,4,2023,3,2022,18028.08,2884492.8
SP-005632,SP,São Paulo,Itaim Bibi,Zona Sul/Oeste,Apartamento,71,3,2,2,2022,4,2014,12082.44,857853.24
SP-005633,SP,São Paulo,Itaim Bibi,Zona Sul/Oeste,Casa,127,3,3,3,1989,37,2022,13546.36,1720387.72
SP-005634,SP,São Paulo,Vila Madalena,Zona Oeste,Apartamento,36,2,1,0,1976,50,2020,10094.5,363402.0
SP-005635,SP,São Paulo,Jardim Paulista,Zona Oeste,Apartamento,92,3,3,1,2002,24,2015,10995.98,1011630.16
SP-005636,SP,São Paulo,Santana,Zona Norte,Apartamento,100,3,2,1,1978,48,2019,6215.49,621549.0
SP-005637,SP,São Paulo,Moema,Zona Sul,Cobertura,156,4,4,5,1989,37,2016,16881.89,2633574.84
SP-005638,SP,São Paulo,Tatuapé,Zona Leste,Apartamento,95,3,3,1,2013,13,2014,6759.49,642151.55
SP-005639,SP,São Paulo,Campo Belo,Zona Sul,Apartamento,134,3,2,2,1981,45,2021,10375.48,1390314.32
SP-005640,SP,São Paulo,Moema,Zona Sul,Cobertura,274,3,3,3,2022,4,2013,15642.97,4286173.78
SP-005641,SP,São Paulo,Morumbi,Zona Sul,Casa,120,3,2,1,1995,31,2019,6182.62,741914.4
SP-005642,SP,São Paulo,Bela Vista,Centro/Sul,Apartamento,100,2,3,1,2015,11,2025,10417.43,1041743.0
SP-005643,SP,São Paulo,Vila Mariana,Zona Sul,Apartamento,57,2,2,1,2006,20,2013,7622.32,434472.24
SP-005644,SP,São Paulo,Saúde,Zona Sul,Apartamento,60,3,2,1,2000,26,2024,8469.42,508165.2
SP-005645,SP,São Paulo,Tatuapé,Zona Leste,Apartamento,94,3,3,2,2022,4,2019,9984.22,938516.68
SP-005646,SP,São Paulo,Santana,Zona Norte,Casa,88,3,3,1,2018,8,2021,7933.89,698182.32
SP-005647,SP,São Paulo,Perdizes,Zona Oeste,Apartamento,54,2,2,1,1998,28,2013,7609.55,410915.7
SP-005648,SP,São Paulo,Itaim Bibi,Zona Sul/Oeste,Apartamento,88,3,2,2,2011,15,2015,11816.5,1039852.0
SP-005649,SP,São Paulo,Tatuapé,Zona Leste,Apartamento,59,2,2,1,2024,2,2023,11309.51,667261.09
SP-005650,SP,São Paulo,Santana,Zona Norte,Casa,84,3,1,1,2022,4,2016,6009.04,504759.36
SP-005651,SP,São Paulo,Ipiranga,Zona Sul,Apartamento,40,1,1,1,2017,9,2025,8840.39,353615.6
SP-005652,SP,São Paulo,Moema,Zona Sul,Apartamento,44,1,1,1,1991,35,2023,12600.36,554415.84
SP-005653,SP,São Paulo,Pinheiros,Zona Oeste,Apartamento,179,4,5,5,2024,2,2022,17417.76,3117779.04
SP-005654,SP,São Paulo,Aclimação,Centro/Sul,Apartamento,85,3,3,2,1981,45,2018,7790.95,662230.75
SP-005655,SP,São Paulo,Aclimação,Centro/Sul,Apartamento,46,1,1,0,2008,18,2023,9136.38,420273.48
SP-005656,SP,São Paulo,Vila Madalena,Zona Oeste,Casa,303,3,4,5,1981,45,2024,11934.28,3616086.84
SP-005657,SP,São Paulo,Perdizes,Zona Oeste,Apartamento,59,2,2,1,1989,37,2026,11013.72,649809.48
SP-005658,SP,São Paulo,Perdizes,Zona Oeste,Casa,93,3,2,2,1979,47,2025,10784.67,1002974.31
SP-005659,SP,São Paulo,Jardim Paulista,Zona Oeste,Apartamento,40,1,1,0,1996,30,2025,14094.95,563798.0
SP-005660,SP,São Paulo,Lapa,Zona Oeste,Apartamento,101,4,3,2,2000,26,2019,7597.0,767297.0
SP-005661,SP,São Paulo,Lapa,Zona Oeste,Apartamento,44,1,1,1,2000,26,2020,7676.98,337787.12
SP-005662,SP,São Paulo,Brooklin,Zona Sul,Apartamento,108,3,2,3,2024,2,2019,15322.7,1654851.6
SP-005663,SP,São Paulo,Itaim Bibi,Zona Sul/Oeste,Apartamento,71,2,1,1,2023,3,2023,16849.69,1196327.99
SP-005664,SP,São Paulo,Bela Vista,Centro/Sul,Apartamento,73,3,2,1,2017,9,2022,9603.57,701060.61
SP-005665,SP,São Paulo,Pinheiros,Zona Oeste,Apartamento,129,3,3,2,2004,22,2015,10612.77,1369047.33
SP-005666,SP,São Paulo,Santana,Zona Norte,Apartamento,33,1,1,1,2018,8,2023,9581.78,316198.74
SP-005667,SP,São Paulo,Campo Belo,Zona Sul,Apartamento,50,2,2,1,2023,3,2015,11001.11,550055.5
SP-005668,SP,São Paulo,Jardim Paulista,Zona Oeste,Apartamento,149,3,4,4,2017,9,2015,14875.14,2216395.86
SP-005669,SP,São Paulo,Perdizes,Zona Oeste,Apartamento,35,2,1,0,2008,18,2017,9311.11,325888.85
SP-005670,SP,São Paulo,Vila Mariana,Zona Sul,Apartamento,70,3,1,1,2024,2,2024,13395.72,937700.4
SP-005671,SP,São Paulo,Vila Madalena,Zona Oeste,Casa,215,3,4,5,1995,31,2016,10464.23,2249809.45
SP-005672,SP,São Paulo,Vila Mariana,Zona Sul,Apartamento,129,2,3,2,1988,38,2024,11706.5,1510138.5
SP-005673,SP,São Paulo,Saúde,Zona Sul,Apartamento,106,4,3,1,1994,32,2017,6980.9,739975.4
SP-005674,SP,São Paulo,Vila Madalena,Zona Oeste,Apartamento,40,1,1,0,2002,24,2024,12066.14,482645.6
SP-005675,SP,São Paulo,Itaim Bibi,Zona Sul/Oeste,Apartamento,51,2,1,1,2016,10,2023,19923.68,1016107.68
SP-005676,SP,São Paulo,Morumbi,Zona Sul,Apartamento,102,3,3,2,2007,19,2016,6445.36,657426.72
SP-005677,SP,São Paulo,Aclimação,Centro/Sul,Apartamento,35,2,1,1,2018,8,2025,11656.8,407988.0
SP-005678,SP,São Paulo,Ipiranga,Zona Sul,Cobertura,120,4,2,2,2025,1,2021,14840.52,1780862.4
SP-005679,SP,São Paulo,Santana,Zona Norte,Apartamento,37,1,1,0,2002,24,2021,6728.25,248945.25
SP-005680,SP,São Paulo,Vila Madalena,Zona Oeste,Apartamento,146,4,4,2,2008,18,2018,11399.37,1664308.02
SP-005681,SP,São Paulo,Saúde,Zona Sul,Apartamento,67,2,1,1,2020,6,2017,8099.49,542665.83
SP-005682,SP,São Paulo,Moema,Zona Sul,Apartamento,98,3,3,1,2004,22,2013,9647.1,945415.8
SP-005683,SP,São Paulo,Moema,Zona Sul,Apartamento,63,2,2,1,2012,14,2021,12987.06,818184.78
SP-005684,SP,São Paulo,Brooklin,Zona Sul,Apartamento,116,3,3,1,2014,12,2014,9366.99,1086570.84
SP-005685,SP,São Paulo,Jardim Paulista,Zona Oeste,Apartamento,54,2,2,1,1999,27,2017,11984.0,647136.0
SP-005686,SP,São Paulo,Brooklin,Zona Sul,Apartamento,85,3,2,2,2012,14,2019,10273.28,873228.8
SP-005687,SP,São Paulo,Perdizes,Zona Oeste,Apartamento,80,2,2,1,1987,39,2025,11396.28,911702.4
SP-005688,SP,São Paulo,Brooklin,Zona Sul,Cobertura,170,4,5,3,1993,33,2015,12216.61,2076823.7
SP-005689,SP,São Paulo,Ipiranga,Zona Sul,Casa,157,4,3,2,2020,6,2019,7483.2,1174862.4
SP-005690,SP,São Paulo,Ipiranga,Zona Sul,Apartamento,57,3,1,2,2004,22,2024,8956.18,510502.26
SP-005691,SP,São Paulo,Vila Madalena,Zona Oeste,Apartamento,32,2,1,0,2005,21,2014,9426.12,301635.84
SP-005692,SP,São Paulo,Brooklin,Zona Sul,Apartamento,65,2,2,2,2009,17,2020,12017.13,781113.45
SP-005693,SP,São Paulo,Santana,Zona Norte,Casa,126,3,3,3,2001,25,2021,7311.32,921226.32
SP-005694,SP,São Paulo,Lapa,Zona Oeste,Apartamento,41,1,1,0,2013,13,2016,6870.02,281670.82
SP-005695,SP,São Paulo,Tatuapé,Zona Leste,Apartamento,73,3,1,1,2003,23,2014,6497.67,474329.91
SP-005696,SP,São Paulo,Itaim Bibi,Zona Sul/Oeste,Casa,85,3,3,2,1980,46,2019,11818.21,1004547.85
SP-005697,SP,São Paulo,Bela Vista,Centro/Sul,Apartamento,69,2,2,1,1997,29,2026,9418.82,649898.58
SP-005698,SP,São Paulo,Morumbi,Zona Sul,Apartamento,123,3,3,2,2018,8,2026,11375.07,1399133.61
SP-005699,SP,São Paulo,Tatuapé,Zona Leste,Apartamento,70,2,2,2,2010,16,2024,11345.63,794194.1
SP-005700,SP,São Paulo,Lapa,Zona Oeste,Apartamento,71,2,2,2,1996,30,2026,10812.77,767706.67
SP-005701,SP,São Paulo,Mooca,Zona Leste,Apartamento,50,2,2,1,2019,7,2025,11245.42,562271.0
SP-005702,SP,São Paulo,Perdizes,Zona Oeste,Apartamento,45,1,1,0,1998,28,2025,10673.56,480310.2
SP-005703,SP,São Paulo,Itaim Bibi,Zona Sul/Oeste,Apartamento,42,2,1,1,2011,15,2022,15499.74,650989.08
SP-005704,SP,São Paulo,Pinheiros,Zona Oeste,Apartamento,39,1,1,1,1996,30,2026,13101.32,510951.48
SP-005705,SP,São Paulo,Aclimação,Centro/Sul,Cobertura,195,5,3,4,1998,28,2025,16587.05,3234474.75
SP-005706,SP,São Paulo,Tatuapé,Zona Leste,Apartamento,173,3,5,3,2009,17,2019,9117.09,1577256.57
SP-005707,SP,São Paulo,Mooca,Zona Leste,Apartamento,46,2,1,0,1992,34,2018,6262.54,288076.84
SP-005708,SP,São Paulo,Santana,Zona Norte,Casa,178,3,4,3,2014,12,2014,5845.32,1040466.96
SP-005709,SP,São Paulo,Campo Belo,Zona Sul,Apartamento,134,3,3,2,1978,48,2025,12481.53,1672525.02
SP-005710,SP,São Paulo,Lapa,Zona Oeste,Cobertura,179,4,4,3,2000,26,2019,10566.57,1891416.03
SP-005711,SP,São Paulo,Vila Madalena,Zona Oeste,Casa,253,3,4,3,2023,3,2018,12415.08,3141015.24
SP-005712,SP,São Paulo,Mooca,Zona Leste,Apartamento,40,2,1,1,2003,23,2018,7419.13,296765.2
SP-005713,SP,São Paulo,Vila Madalena,Zona Oeste,Apartamento,123,3,2,3,2021,5,2014,11379.5,1399678.5
SP-005714,SP,São Paulo,Lapa,Zona Oeste,Casa,158,3,4,3,2020,6,2026,10187.34,1609599.72
SP-005715,SP,São Paulo,Perdizes,Zona Oeste,Apartamento,49,1,1,0,2022,4,2021,10932.57,535695.93
SP-005716,SP,São Paulo,Brooklin,Zona Sul,Apartamento,89,3,3,2,1994,32,2015,9816.73,873688.97
SP-005717,SP,São Paulo,Bela Vista,Centro/Sul,Apartamento,32,1,1,0,2000,26,2017,6427.71,205686.72
SP-005718,SP,São Paulo,Ipiranga,Zona Sul,Apartamento,111,2,2,2,2003,23,2024,8452.24,938198.64
SP-005719,SP,São Paulo,Brooklin,Zona Sul,Apartamento,60,2,1,1,1989,37,2014,8195.09,491705.4
SP-005720,SP,São Paulo,Perdizes,Zona Oeste,Apartamento,75,2,2,1,2006,20,2013,8729.6,654720.0
SP-005721,SP,São Paulo,Bela Vista,Centro/Sul,Apartamento,39,2,1,0,2005,21,2019,7398.58,288544.62
SP-005722,SP,São Paulo,Moema,Zona Sul,Apartamento,52,2,2,2,2003,23,2023,15155.23,788071.96
SP-005723,SP,São Paulo,Ipiranga,Zona Sul,Apartamento,116,3,2,1,1986,40,2015,5910.07,685568.12
SP-005724,SP,São Paulo,Campo Belo,Zona Sul,Cobertura,330,4,4,2,2000,26,2016,13613.15,4492339.5
SP-005725,SP,São Paulo,Aclimação,Centro/Sul,Apartamento,47,1,1,1,2005,21,2015,7657.11,359884.17
SP-005726,SP,São Paulo,Campo Belo,Zona Sul,Apartamento,96,3,3,2,2021,5,2014,11173.53,1072658.88
SP-005727,SP,São Paulo,Lapa,Zona Oeste,Apartamento,41,1,1,1,2013,13,2016,6545.06,268347.46
SP-005728,SP,São Paulo,Tatuapé,Zona Leste,Apartamento,37,1,1,0,2021,5,2014,7030.26,260119.62
SP-005729,SP,São Paulo,Bela Vista,Centro/Sul,Cobertura,267,5,4,4,2000,26,2015,11948.93,3190364.31
SP-005730,SP,São Paulo,Saúde,Zona Sul,Cobertura,143,4,3,2,2025,1,2020,13659.17,1953261.31
SP-005731,SP,São Paulo,Santana,Zona Norte,Apartamento,36,2,1,0,1992,34,2014,5652.81,203501.16
SP-005732,SP,São Paulo,Perdizes,Zona Oeste,Apartamento,68,2,2,1,2023,3,2014,10902.95,741400.6
SP-005733,SP,São Paulo,Santana,Zona Norte,Apartamento,155,3,4,5,2007,19,2021,8630.57,1337738.35
SP-005734,SP,São Paulo,Aclimação,Centro/Sul,Apartamento,99,3,2,2,2008,18,2019,10129.04,1002774.96
SP-005735,SP,São Paulo,Aclimação,Centro/Sul,Apartamento,51,3,2,2,2022,4,2016,8571.37,437139.87
SP-005736,SP,São Paulo,Vila Mariana,Zona Sul,Apartamento,101,3,3,1,2011,15,2024,12335.67,1245902.67
SP-005737,SP,São Paulo,Pinheiros,Zona Oeste,Casa,228,4,4,3,1998,28,2024,13282.25,3028353.0
SP-005738,SP,São Paulo,Jardim Paulista,Zona Oeste,Apartamento,53,2,2,1,2015,11,2020,11296.61,598720.33
SP-005739,SP,São Paulo,Jardim Paulista,Zona Oeste,Apartamento,204,5,5,3,1995,31,2021,12466.45,2543155.8
SP-005740,SP,São Paulo,Bela Vista,Centro/Sul,Apartamento,90,3,3,2,2021,5,2025,11801.04,1062093.6
SP-005741,SP,São Paulo,Jardim Paulista,Zona Oeste,Casa,100,3,2,2,2008,18,2018,11237.75,1123775.0
SP-005742,SP,São Paulo,Mooca,Zona Leste,Apartamento,42,1,1,0,2007,19,2014,5650.77,237332.34
SP-005743,SP,São Paulo,Vila Mariana,Zona Sul,Apartamento,68,2,2,1,2024,2,2025,14805.93,1006803.24
SP-005744,SP,São Paulo,Aclimação,Centro/Sul,Apartamento,108,3,2,1,2016,10,2017,8714.4,941155.2
SP-005745,SP,São Paulo,Santana,Zona Norte,Apartamento,140,3,3,5,2021,5,2018,9061.89,1268664.6
SP-005746,SP,São Paulo,Vila Mariana,Zona Sul,Apartamento,52,2,2,1,2008,18,2018,10500.2,546010.4
SP-005747,SP,São Paulo,Itaim Bibi,Zona Sul/Oeste,Apartamento,35,2,1,0,1992,34,2022,13316.33,466071.55
SP-005748,SP,São Paulo,Pinheiros,Zona Oeste,Apartamento,78,2,2,1,2010,16,2023,13621.77,1062498.06
SP-005749,SP,São Paulo,Lapa,Zona Oeste,Casa,97,3,3,1,2023,3,2021,9030.91,875998.27
SP-005750,SP,São Paulo,Campo Belo,Zona Sul,Apartamento,223,3,4,2,1984,42,2025,12117.48,2702198.04
SP-005751,SP,São Paulo,Moema,Zona Sul,Apartamento,38,1,1,1,2021,5,2026,15901.04,604239.52
SP-005752,SP,São Paulo,Aclimação,Centro/Sul,Apartamento,32,1,1,0,2023,3,2022,11429.3,365737.6
SP-005753,SP,São Paulo,Lapa,Zona Oeste,Cobertura,399,5,4,4,2014,12,2023,15566.18,6210905.82
SP-005754,SP,São Paulo,Morumbi,Zona Sul,Apartamento,47,1,1,0,2009,17,2022,6796.82,319450.54
SP-005755,SP,São Paulo,Jardim Paulista,Zona Oeste,Apartamento,42,1,1,0,2019,7,2021,13388.06,562298.52
SP-005756,SP,São Paulo,Campo Belo,Zona Sul,Apartamento,45,2,1,0,2003,23,2024,9465.69,425956.05
SP-005757,SP,São Paulo,Perdizes,Zona Oeste,Apartamento,56,2,1,1,2018,8,2023,14035.5,785988.0
SP-005758,SP,São Paulo,Jardim Paulista,Zona Oeste,Casa,165,4,4,2,2004,22,2014,10640.48,1755679.2
SP-005759,SP,São Paulo,Campo Belo,Zona Sul,Cobertura,139,3,3,1,2011,15,2015,12823.54,1782472.06
SP-005760,SP,São Paulo,Perdizes,Zona Oeste,Apartamento,73,3,1,1,2005,21,2024,11546.24,842875.52
SP-005761,SP,São Paulo,Brooklin,Zona Sul,Apartamento,43,1,1,1,2010,16,2016,9775.97,420366.71
SP-005762,SP,São Paulo,Brooklin,Zona Sul,Apartamento,73,3,1,1,2018,8,2026,14396.05,1050911.65
SP-005763,SP,São Paulo,Vila Mariana,Zona Sul,Apartamento,42,1,1,0,2014,12,2024,10444.21,438656.82
SP-005764,SP,São Paulo,Aclimação,Centro/Sul,Apartamento,50,3,2,1,2010,16,2014,6586.15,329307.5
SP-005765,SP,São Paulo,Vila Madalena,Zona Oeste,Cobertura,125,2,3,2,2015,11,2026,19059.02,2382377.5
SP-005766,SP,São Paulo,Itaim Bibi,Zona Sul/Oeste,Casa,166,5,3,3,1995,31,2017,10764.51,1786908.66
SP-005767,SP,São Paulo,Ipiranga,Zona Sul,Apartamento,140,3,3,3,2012,14,2022,7433.32,1040664.8
SP-005768,SP,São Paulo,Bela Vista,Centro/Sul,Apartamento,46,1,1,0,2020,6,2021,9143.65,420607.9
SP-005769,SP,São Paulo,Brooklin,Zona Sul,Apartamento,32,1,1,1,1991,35,2026,12818.27,410184.64
SP-005770,SP,São Paulo,Campo Belo,Zona Sul,Casa,317,5,4,3,2011,15,2019,9962.56,3158131.52
SP-005771,SP,São Paulo,Saúde,Zona Sul,Apartamento,62,2,2,1,2002,24,2016,6077.08,376778.96
SP-005772,SP,São Paulo,Moema,Zona Sul,Apartamento,53,2,2,1,2023,3,2024,18217.07,965504.71
SP-005773,SP,São Paulo,Moema,Zona Sul,Apartamento,40,1,1,1,2015,11,2016,11499.59,459983.6
SP-005774,SP,São Paulo,Santana,Zona Norte,Apartamento,45,1,1,0,2022,4,2026,9222.52,415013.4
SP-005775,SP,São Paulo,Morumbi,Zona Sul,Casa,141,4,5,4,2009,17,2025,9518.95,1342171.95
SP-005776,SP,São Paulo,Itaim Bibi,Zona Sul/Oeste,Apartamento,32,1,1,1,2023,3,2022,19160.17,613125.44
SP-005777,SP,São Paulo,Ipiranga,Zona Sul,Apartamento,53,3,1,1,2020,6,2022,8182.52,433673.56
SP-005778,SP,São Paulo,Morumbi,Zona Sul,Apartamento,41,1,1,1,2014,12,2015,6521.97,267400.77
SP-005779,SP,São Paulo,Pinheiros,Zona Oeste,Apartamento,43,1,1,1,2024,2,2014,12320.73,529791.39
SP-005780,SP,São Paulo,Bela Vista,Centro/Sul,Apartamento,37,2,1,1,2022,4,2026,11361.34,420369.58
SP-005781,SP,São Paulo,Brooklin,Zona Sul,Casa,139,3,3,2,2010,16,2023,11812.22,1641898.58
SP-005782,SP,São Paulo,Ipiranga,Zona Sul,Cobertura,166,4,4,3,1997,29,2016,9433.91,1566029.06
SP-005783,SP,São Paulo,Bela Vista,Centro/Sul,Apartamento,45,1,1,0,1986,40,2023,8375.8,376911.0
SP-005784,SP,São Paulo,Pinheiros,Zona Oeste,Apartamento,123,3,3,1,2000,26,2024,14294.29,1758197.67
SP-005785,SP,São Paulo,Vila Mariana,Zona Sul,Apartamento,32,1,1,0,2006,20,2019,8531.41,273005.12
SP-005786,SP,São Paulo,Jardim Paulista,Zona Oeste,Apartamento,45,1,1,0,2024,2,2023,16155.79,727010.55
SP-005787,SP,São Paulo,Aclimação,Centro/Sul,Apartamento,112,3,3,2,1993,33,2018,8373.94,937881.28
SP-005788,SP,São Paulo,Saúde,Zona Sul,Casa,82,2,2,1,2011,15,2018,6292.3,515968.6
SP-005789,SP,São Paulo,Mooca,Zona Leste,Apartamento,66,2,2,2,1998,28,2024,8716.06,575259.96
SP-005790,SP,São Paulo,Jardim Paulista,Zona Oeste,Casa,87,3,3,1,2018,8,2018,13557.54,1179505.98
SP-005791,SP,São Paulo,Perdizes,Zona Oeste,Apartamento,32,1,1,0,2003,23,2020,9404.22,300935.04
SP-005792,SP,São Paulo,Lapa,Zona Oeste,Apartamento,149,4,5,3,1975,51,2014,6085.81,906785.69
SP-005793,SP,São Paulo,Jardim Paulista,Zona Oeste,Casa,97,3,3,3,2004,22,2013,10768.15,1044510.55
SP-005794,SP,São Paulo,Morumbi,Zona Sul,Casa,130,3,2,1,2013,13,2023,7273.38,945539.4
SP-005795,SP,São Paulo,Morumbi,Zona Sul,Apartamento,55,3,2,1,2022,4,2019,8474.03,466071.65
SP-005796,SP,São Paulo,Brooklin,Zona Sul,Apartamento,276,5,5,2,2016,10,2015,10530.22,2906340.72
SP-005797,SP,São Paulo,Ipiranga,Zona Sul,Apartamento,51,2,2,1,2016,10,2023,9370.64,477902.64
SP-005798,SP,São Paulo,Campo Belo,Zona Sul,Cobertura,185,4,3,3,2009,17,2022,17513.05,3239914.25
SP-005799,SP,São Paulo,Perdizes,Zona Oeste,Apartamento,48,1,1,0,2002,24,2014,8139.35,390688.8
SP-005800,SP,São Paulo,Mooca,Zona Leste,Apartamento,33,2,1,0,2015,11,2013,5975.61,197195.13
SP-005801,SP,São Paulo,Vila Madalena,Zona Oeste,Casa,144,4,4,2,1996,30,2021,10387.49,1495798.56
SP-005802,SP,São Paulo,Santana,Zona Norte,Casa,128,4,3,2,2018,8,2018,7405.38,947888.64
SP-005803,SP,São Paulo,Bela Vista,Centro/Sul,Apartamento,37,2,1,1,2025,1,2023,12381.9,458130.3
SP-005804,SP,São Paulo,Lapa,Zona Oeste,Apartamento,132,3,3,1,2021,5,2023,9749.14,1286886.48
SP-005805,SP,São Paulo,Tatuapé,Zona Leste,Apartamento,56,2,1,1,2019,7,2013,7603.6,425801.6
SP-005806,SP,São Paulo,Ipiranga,Zona Sul,Casa,126,3,2,2,2016,10,2018,7299.98,919797.48
SP-005807,SP,São Paulo,Perdizes,Zona Oeste,Casa,201,3,5,3,1997,29,2026,12896.29,2592154.29
SP-005808,SP,São Paulo,Moema,Zona Sul,Apartamento,77,2,1,1,2007,19,2013,9755.34,751161.18
SP-005809,SP,São Paulo,Jardim Paulista,Zona Oeste,Apartamento,45,1,1,1,2003,23,2022,13205.76,594259.2
SP-005810,SP,São Paulo,Pinheiros,Zona Oeste,Apartamento,50,2,2,1,1999,27,2014,9031.11,451555.5
SP-005811,SP,São Paulo,Jardim Paulista,Zona Oeste,Apartamento,85,3,2,2,2009,17,2022,14496.01,1232160.85
SP-005812,SP,São Paulo,Saúde,Zona Sul,Apartamento,104,3,2,2,2003,23,2013,6574.84,683783.36
SP-005813,SP,São Paulo,Lapa,Zona Oeste,Apartamento,97,3,2,3,2013,13,2023,8920.18,865257.46
SP-005814,SP,São Paulo,Campo Belo,Zona Sul,Apartamento,38,1,1,0,1988,38,2025,10728.0,407664.0
SP-005815,SP,São Paulo,Tatuapé,Zona Leste,Apartamento,156,5,3,2,2013,13,2021,9516.66,1484598.96
SP-005816,SP,São Paulo,Vila Madalena,Zona Oeste,Apartamento,40,2,1,0,2014,12,2017,10114.45,404578.0
SP-005817,SP,São Paulo,Bela Vista,Centro/Sul,Apartamento,46,2,1,0,1980,46,2024,7471.11,343671.06
SP-005818,SP,São Paulo,Lapa,Zona Oeste,Apartamento,62,2,2,1,2025,1,2018,9128.11,565942.82
SP-005819,SP,São Paulo,Vila Madalena,Zona Oeste,Apartamento,125,3,2,2,1987,39,2017,9681.17,1210146.25
SP-005820,SP,São Paulo,Saúde,Zona Sul,Apartamento,42,1,1,0,2009,17,2024,8060.02,338520.84
SP-005821,SP,São Paulo,Itaim Bibi,Zona Sul/Oeste,Cobertura,306,4,4,5,2018,8,2026,29970.12,9170856.72
SP-005822,SP,São Paulo,Vila Madalena,Zona Oeste,Apartamento,43,1,1,0,2000,26,2020,9707.53,417423.79
SP-005823,SP,São Paulo,Aclimação,Centro/Sul,Apartamento,34,1,1,0,2024,2,2021,10507.45,357253.3
SP-005824,SP,São Paulo,Perdizes,Zona Oeste,Apartamento,39,2,1,0,1991,35,2018,8972.23,349916.97
SP-005825,SP,São Paulo,Saúde,Zona Sul,Apartamento,53,2,2,1,2020,6,2026,10396.7,551025.1
SP-005826,SP,São Paulo,Campo Belo,Zona Sul,Apartamento,52,2,2,1,2007,19,2023,11829.27,615122.04
SP-005827,SP,São Paulo,Ipiranga,Zona Sul,Casa,214,4,5,5,1981,45,2025,7813.07,1671996.98
SP-005828,SP,São Paulo,Vila Mariana,Zona Sul,Casa,109,3,2,2,2018,8,2013,7621.5,830743.5
SP-005829,SP,São Paulo,Aclimação,Centro/Sul,Apartamento,69,2,1,1,2011,15,2015,7872.84,543225.96
SP-005830,SP,São Paulo,Bela Vista,Centro/Sul,Apartamento,46,1,1,0,2011,15,2020,7125.9,327791.4
SP-005831,SP,São Paulo,Mooca,Zona Leste,Casa,161,4,4,2,1990,36,2025,7971.14,1283353.54
SP-005832,SP,São Paulo,Santana,Zona Norte,Casa,102,4,3,2,2025,1,2019,7755.91,791102.82
SP-005833,SP,São Paulo,Mooca,Zona Leste,Apartamento,32,2,1,0,2000,26,2023,8543.46,273390.72
SP-005834,SP,São Paulo,Vila Madalena,Zona Oeste,Apartamento,45,2,1,1,2012,14,2013,9158.42,412128.9
SP-005835,SP,São Paulo,Saúde,Zona Sul,Apartamento,94,4,3,2,1997,29,2021,8090.76,760531.44
SP-005836,SP,São Paulo,Perdizes,Zona Oeste,Apartamento,64,2,2,2,1980,46,2021,10404.16,665866.24
SP-005837,SP,São Paulo,Bela Vista,Centro/Sul,Apartamento,87,3,3,2,1998,28,2016,6950.42,604686.54
SP-005838,SP,São Paulo,Moema,Zona Sul,Apartamento,161,4,4,3,2009,17,2019,12715.26,2047156.86
SP-005839,SP,São Paulo,Bela Vista,Centro/Sul,Apartamento,110,3,2,2,2025,1,2015,9209.92,1013091.2
SP-005840,SP,São Paulo,Tatuapé,Zona Leste,Casa,80,3,1,2,1975,51,2015,5247.76,419820.8
SP-005841,SP,São Paulo,Lapa,Zona Oeste,Apartamento,68,2,1,1,2004,22,2023,8847.72,601644.96
SP-005842,SP,São Paulo,Bela Vista,Centro/Sul,Apartamento,61,3,2,1,1998,28,2018,6468.15,394557.15
SP-005843,SP,São Paulo,Ipiranga,Zona Sul,Apartamento,58,2,1,1,2018,8,2017,6867.97,398342.26
SP-005844,SP,São Paulo,Aclimação,Centro/Sul,Apartamento,32,1,1,1,2023,3,2017,9207.0,294624.0
SP-005845,SP,São Paulo,Vila Mariana,Zona Sul,Apartamento,46,1,1,0,2014,12,2025,11318.91,520669.86
SP-005846,SP,São Paulo,Vila Mariana,Zona Sul,Apartamento,86,3,2,3,1978,48,2024,10130.84,871252.24
SP-005847,SP,São Paulo,Perdizes,Zona Oeste,Apartamento,150,3,4,3,2013,13,2017,10632.61,1594891.5
SP-005848,SP,São Paulo,Lapa,Zona Oeste,Apartamento,49,1,1,0,2016,10,2017,7450.22,365060.78
SP-005849,SP,São Paulo,Pinheiros,Zona Oeste,Apartamento,51,2,2,1,2012,14,2014,10312.48,525936.48
SP-005850,SP,São Paulo,Tatuapé,Zona Leste,Apartamento,64,2,1,2,2013,13,2015,8468.29,541970.56
SP-005851,SP,São Paulo,Aclimação,Centro/Sul,Apartamento,41,1,1,0,2008,18,2022,8903.05,365025.05
SP-005852,SP,São Paulo,Vila Mariana,Zona Sul,Apartamento,37,1,1,1,2003,23,2014,8586.13,317686.81
SP-005853,SP,São Paulo,Itaim Bibi,Zona Sul/Oeste,Casa,165,3,4,5,1996,30,2022,15234.01,2513611.65
SP-005854,SP,São Paulo,Ipiranga,Zona Sul,Apartamento,123,3,2,2,2013,13,2014,5770.47,709767.81
SP-005855,SP,São Paulo,Jardim Paulista,Zona Oeste,Apartamento,57,3,1,2,2016,10,2016,14478.74,825288.18
SP-005856,SP,São Paulo,Moema,Zona Sul,Apartamento,217,4,3,2,2013,13,2013,10343.38,2244513.46
SP-005857,SP,São Paulo,Bela Vista,Centro/Sul,Apartamento,53,2,1,2,1997,29,2017,7062.08,374290.24
SP-005858,SP,São Paulo,Morumbi,Zona Sul,Apartamento,43,1,1,1,2023,3,2019,9110.75,391762.25
SP-005859,SP,São Paulo,Pinheiros,Zona Oeste,Casa,219,3,3,3,2024,2,2018,15191.77,3326997.63
SP-005860,SP,São Paulo,Saúde,Zona Sul,Casa,87,3,2,2,2012,14,2017,6250.85,543823.95
SP-005861,SP,São Paulo,Jardim Paulista,Zona Oeste,Apartamento,50,3,2,2,2017,9,2024,17306.24,865312.0
SP-005862,SP,São Paulo,Tatuapé,Zona Leste,Apartamento,52,2,2,1,2021,5,2020,9950.26,517413.52
SP-005863,SP,São Paulo,Moema,Zona Sul,Apartamento,58,2,2,1,2023,3,2017,12638.25,733018.5
SP-005864,SP,São Paulo,Jardim Paulista,Zona Oeste,Apartamento,110,3,3,3,2018,8,2022,17266.96,1899365.6
SP-005865,SP,São Paulo,Moema,Zona Sul,Apartamento,99,3,3,2,1995,31,2023,13512.87,1337774.13
SP-005866,SP,São Paulo,Itaim Bibi,Zona Sul/Oeste,Apartamento,79,2,2,1,2010,16,2020,13170.59,1040476.61
SP-005867,SP,São Paulo,Vila Mariana,Zona Sul,Apartamento,53,2,2,1,2017,9,2015,10274.79,544563.87
SP-005868,SP,São Paulo,Perdizes,Zona Oeste,Apartamento,62,2,2,1,2008,18,2013,7255.81,449860.22
SP-005869,SP,São Paulo,Moema,Zona Sul,Apartamento,114,3,3,1,1996,30,2018,11113.9,1266984.6
SP-005870,SP,São Paulo,Ipiranga,Zona Sul,Apartamento,72,2,2,1,2013,13,2026,7581.46,545865.12
SP-005871,SP,São Paulo,Pinheiros,Zona Oeste,Apartamento,109,3,3,1,2011,15,2018,11201.31,1220942.79
SP-005872,SP,São Paulo,Brooklin,Zona Sul,Apartamento,42,1,1,0,2020,6,2023,12836.53,539134.26
SP-005873,SP,São Paulo,Jardim Paulista,Zona Oeste,Casa,163,4,3,3,2010,16,2018,13358.28,2177399.64
SP-005874,SP,São Paulo,Ipiranga,Zona Sul,Apartamento,105,4,3,1,2000,26,2026,8286.96,870130.8
SP-005875,SP,São Paulo,Perdizes,Zona Oeste,Apartamento,45,1,1,1,2016,10,2023,12761.68,574275.6
SP-005876,SP,São Paulo,Jardim Paulista,Zona Oeste,Apartamento,59,2,2,1,2015,11,2026,17141.16,1011328.44
SP-005877,SP,São Paulo,Lapa,Zona Oeste,Apartamento,41,1,1,0,1989,37,2015,5050.13,207055.33
SP-005878,SP,São Paulo,Aclimação,Centro/Sul,Apartamento,44,1,1,0,2020,6,2025,10465.04,460461.76
SP-005879,SP,São Paulo,Aclimação,Centro/Sul,Apartamento,45,1,1,1,2014,12,2024,9708.25,436871.25
SP-005880,SP,São Paulo,Pinheiros,Zona Oeste,Apartamento,81,2,1,2,1998,28,2014,10390.83,841657.23
SP-005881,SP,São Paulo,Morumbi,Zona Sul,Apartamento,123,3,2,2,1985,41,2015,5200.12,639614.76
SP-005882,SP,São Paulo,Perdizes,Zona Oeste,Casa,120,2,3,1,2009,17,2026,11409.34,1369120.8
SP-005883,SP,São Paulo,Vila Mariana,Zona Sul,Casa,176,3,4,3,2014,12,2024,11346.47,1996978.72
SP-005884,SP,São Paulo,Saúde,Zona Sul,Apartamento,176,4,4,4,2016,10,2019,10495.13,1847142.88
SP-005885,SP,São Paulo,Mooca,Zona Leste,Apartamento,38,1,1,1,1999,27,2019,6181.42,234893.96
SP-005886,SP,São Paulo,Santana,Zona Norte,Apartamento,65,3,2,2,1989,37,2025,8173.36,531268.4
SP-005887,SP,São Paulo,Pinheiros,Zona Oeste,Apartamento,90,4,3,2,2020,6,2022,15075.57,1356801.3
SP-005888,SP,São Paulo,Pinheiros,Zona Oeste,Apartamento,58,2,2,2,1997,29,2018,11500.1,667005.8
SP-005889,SP,São Paulo,Moema,Zona Sul,Apartamento,43,1,1,1,2013,13,2013,9704.22,417281.46
SP-005890,SP,São Paulo,Aclimação,Centro/Sul,Apartamento,66,2,2,1,2021,5,2026,11641.2,768319.2
SP-005891,SP,São Paulo,Itaim Bibi,Zona Sul/Oeste,Apartamento,103,3,3,2,2025,1,2013,14784.99,1522853.97
SP-005892,SP,São Paulo,Tatuapé,Zona Leste,Apartamento,73,3,2,1,2013,13,2021,7744.19,565325.87
SP-005893,SP,São Paulo,Itaim Bibi,Zona Sul/Oeste,Apartamento,71,2,1,1,1990,36,2016,10765.92,764380.32
SP-005894,SP,São Paulo,Tatuapé,Zona Leste,Apartamento,118,4,3,1,2018,8,2020,9879.42,1165771.56
SP-005895,SP,São Paulo,Pinheiros,Zona Oeste,Apartamento,113,3,2,3,2005,21,2017,12431.31,1404738.03
SP-005896,SP,São Paulo,Bela Vista,Centro/Sul,Apartamento,75,3,1,1,2014,12,2024,9713.82,728536.5
SP-005897,SP,São Paulo,Bela Vista,Centro/Sul,Apartamento,41,1,1,1,2011,15,2013,6401.82,262474.62
SP-005898,SP,São Paulo,Ipiranga,Zona Sul,Apartamento,123,3,2,2,2022,4,2025,11564.29,1422407.67
SP-005899,SP,São Paulo,Mooca,Zona Leste,Apartamento,86,3,3,2,2015,11,2013,6196.56,532904.16
SP-005900,SP,São Paulo,Itaim Bibi,Zona Sul/Oeste,Apartamento,38,1,1,0,2019,7,2020,17582.35,668129.3
SP-005901,SP,São Paulo,Saúde,Zona Sul,Apartamento,41,1,1,1,2019,7,2016,7494.84,307288.44
SP-005902,SP,São Paulo,Perdizes,Zona Oeste,Casa,124,3,2,2,1986,40,2014,7958.68,986876.32
SP-005903,SP,São Paulo,Santana,Zona Norte,Casa,103,3,2,2,2008,18,2014,5541.14,570737.42
SP-005904,SP,São Paulo,Moema,Zona Sul,Casa,88,4,2,3,2009,17,2020,12422.77,1093203.76
SP-005905,SP,São Paulo,Itaim Bibi,Zona Sul/Oeste,Apartamento,130,3,3,2,2002,24,2023,16552.94,2151882.2
SP-005906,SP,São Paulo,Campo Belo,Zona Sul,Casa,128,4,2,2,1984,42,2026,9980.31,1277479.68
SP-005907,SP,São Paulo,Itaim Bibi,Zona Sul/Oeste,Apartamento,39,2,1,1,2018,8,2021,16672.57,650230.23
SP-005908,SP,São Paulo,Aclimação,Centro/Sul,Apartamento,47,1,1,1,2009,17,2016,7570.66,355821.02
SP-005909,SP,São Paulo,Bela Vista,Centro/Sul,Casa,106,3,3,2,2008,18,2015,7564.08,801792.48
SP-005910,SP,São Paulo,Campo Belo,Zona Sul,Apartamento,62,2,1,1,1997,29,2019,10327.46,640302.52
SP-005911,SP,São Paulo,Campo Belo,Zona Sul,Casa,116,3,3,2,2018,8,2015,9831.26,1140426.16
SP-005912,SP,São Paulo,Vila Madalena,Zona Oeste,Apartamento,54,3,2,1,1998,28,2020,9865.94,532760.76
SP-005913,SP,São Paulo,Itaim Bibi,Zona Sul/Oeste,Casa,122,3,3,2,2000,26,2024,13554.92,1653700.24
SP-005914,SP,São Paulo,Campo Belo,Zona Sul,Apartamento,37,1,1,1,2024,2,2021,13476.25,498621.25
SP-005915,SP,São Paulo,Tatuapé,Zona Leste,Apartamento,53,3,2,1,2010,16,2022,9606.42,509140.26
SP-005916,SP,São Paulo,Vila Madalena,Zona Oeste,Apartamento,97,3,2,2,2007,19,2019,11865.49,1150952.53
SP-005917,SP,São Paulo,Vila Madalena,Zona Oeste,Casa,134,2,2,2,1999,27,2017,9987.14,1338276.76
SP-005918,SP,São Paulo,Mooca,Zona Leste,Apartamento,57,2,2,1,1999,27,2018,6952.25,396278.25
SP-005919,SP,São Paulo,Tatuapé,Zona Leste,Apartamento,338,4,3,2,2012,14,2020,8741.28,2954552.64
SP-005920,SP,São Paulo,Jardim Paulista,Zona Oeste,Casa,110,3,3,1,2024,2,2014,11176.58,1229423.8
SP-005921,SP,São Paulo,Moema,Zona Sul,Apartamento,149,4,3,3,1997,29,2018,11899.03,1772955.47
SP-005922,SP,São Paulo,Itaim Bibi,Zona Sul/Oeste,Apartamento,71,2,1,1,2007,19,2026,17589.36,1248844.56
SP-005923,SP,São Paulo,Vila Mariana,Zona Sul,Apartamento,116,3,3,1,2016,10,2026,13969.79,1620495.64
SP-005924,SP,São Paulo,Ipiranga,Zona Sul,Casa,293,3,4,3,2009,17,2024,7675.3,2248862.9
SP-005925,SP,São Paulo,Tatuapé,Zona Leste,Casa,104,2,3,2,2014,12,2018,7655.86,796209.44
SP-005926,SP,São Paulo,Jardim Paulista,Zona Oeste,Apartamento,38,1,1,0,2017,9,2017,13571.58,515720.04
SP-005927,SP,São Paulo,Moema,Zona Sul,Apartamento,62,3,2,1,1984,42,2014,8397.05,520617.1
SP-005928,SP,São Paulo,Lapa,Zona Oeste,Casa,124,3,3,2,2013,13,2025,9278.81,1150572.44
SP-005929,SP,São Paulo,Aclimação,Centro/Sul,Apartamento,43,1,1,0,2002,24,2022,8049.07,346110.01
SP-005930,SP,São Paulo,Bela Vista,Centro/Sul,Apartamento,48,1,1,0,2017,9,2016,7409.97,355678.56
SP-005931,SP,São Paulo,Santana,Zona Norte,Apartamento,39,1,1,0,2024,2,2023,9308.93,363048.27
SP-005932,SP,São Paulo,Vila Mariana,Zona Sul,Apartamento,71,2,2,1,1977,49,2022,9317.62,661551.02
SP-005933,SP,São Paulo,Campo Belo,Zona Sul,Casa,132,4,3,1,2022,4,2020,10591.84,1398122.88
SP-005934,SP,São Paulo,Saúde,Zona Sul,Apartamento,213,4,4,2,1992,34,2017,6434.56,1370561.28
SP-005935,SP,São Paulo,Campo Belo,Zona Sul,Apartamento,73,2,1,1,1986,40,2014,8669.07,632842.11
SP-005936,SP,São Paulo,Tatuapé,Zona Leste,Apartamento,54,3,2,1,1976,50,2023,7877.25,425371.5
SP-005937,SP,São Paulo,Aclimação,Centro/Sul,Apartamento,111,3,3,2,2014,12,2023,10475.19,1162746.09
SP-005938,SP,São Paulo,Saúde,Zona Sul,Apartamento,95,3,3,2,2018,8,2016,7510.75,713521.25
SP-005939,SP,São Paulo,Mooca,Zona Leste,Apartamento,88,3,3,3,2020,6,2024,10557.24,929037.12
SP-005940,SP,São Paulo,Perdizes,Zona Oeste,Casa,82,2,2,1,1999,27,2025,10929.38,896209.16
SP-005941,SP,São Paulo,Jardim Paulista,Zona Oeste,Apartamento,89,3,3,2,2021,5,2014,12800.36,1139232.04
SP-005942,SP,São Paulo,Vila Madalena,Zona Oeste,Apartamento,54,2,1,1,2013,13,2016,9854.73,532155.42
SP-005943,SP,São Paulo,Ipiranga,Zona Sul,Apartamento,37,1,1,0,2005,21,2016,6678.91,247119.67
SP-005944,SP,São Paulo,Campo Belo,Zona Sul,Apartamento,69,2,1,2,1977,49,2020,9198.01,634662.69
SP-005945,SP,São Paulo,Ipiranga,Zona Sul,Apartamento,39,1,1,0,1981,45,2022,6925.02,270075.78
SP-005946,SP,São Paulo,Morumbi,Zona Sul,Apartamento,53,2,2,1,2014,12,2021,8136.87,431254.11
SP-005947,SP,São Paulo,Vila Madalena,Zona Oeste,Apartamento,137,2,2,2,2014,12,2023,14153.39,1939014.43
SP-005948,SP,São Paulo,Mooca,Zona Leste,Casa,114,2,2,2,2019,7,2013,6471.76,737780.64
SP-005949,SP,São Paulo,Jardim Paulista,Zona Oeste,Apartamento,69,2,2,1,2012,14,2022,14175.69,978122.61
SP-005950,SP,São Paulo,Ipiranga,Zona Sul,Apartamento,48,1,1,1,1992,34,2025,8763.43,420644.64
SP-005951,SP,São Paulo,Aclimação,Centro/Sul,Casa,188,4,3,2,1976,50,2017,6647.52,1249733.76
SP-005952,SP,São Paulo,Mooca,Zona Leste,Casa,151,4,4,3,2007,19,2015,6697.41,1011308.91
SP-005953,SP,São Paulo,Jardim Paulista,Zona Oeste,Apartamento,97,3,2,2,1986,40,2017,12568.77,1219170.69
SP-005954,SP,São Paulo,Aclimação,Centro/Sul,Casa,123,4,3,2,1983,43,2016,6719.86,826542.78
SP-005955,SP,São Paulo,Ipiranga,Zona Sul,Casa,118,3,2,2,1999,27,2021,6753.96,796967.28
SP-005956,SP,São Paulo,Jardim Paulista,Zona Oeste,Apartamento,207,3,4,3,2024,2,2021,17427.52,3607496.64
SP-005957,SP,São Paulo,Bela Vista,Centro/Sul,Apartamento,44,2,1,1,1997,29,2016,6403.49,281753.56
SP-005958,SP,São Paulo,Itaim Bibi,Zona Sul/Oeste,Casa,173,5,5,3,2020,6,2024,17572.98,3040125.54
SP-005959,SP,São Paulo,Mooca,Zona Leste,Apartamento,42,1,1,0,2015,11,2025,8425.4,353866.8
SP-005960,SP,São Paulo,Pinheiros,Zona Oeste,Apartamento,134,2,2,2,1998,28,2023,13418.34,1798057.56
SP-005961,SP,São Paulo,Moema,Zona Sul,Apartamento,62,2,2,1,2001,25,2014,9774.59,606024.58
SP-005962,SP,São Paulo,Brooklin,Zona Sul,Apartamento,81,2,2,1,2015,11,2024,12868.71,1042365.51
SP-005963,SP,São Paulo,Saúde,Zona Sul,Casa,196,5,3,3,1995,31,2015,6423.7,1259045.2
SP-005964,SP,São Paulo,Brooklin,Zona Sul,Apartamento,108,3,3,2,2019,7,2025,14554.68,1571905.44
SP-005965,SP,São Paulo,Morumbi,Zona Sul,Apartamento,221,4,4,3,1997,29,2025,8749.24,1933582.04
SP-005966,SP,São Paulo,Ipiranga,Zona Sul,Apartamento,118,3,3,2,2002,24,2023,8491.81,1002033.58
SP-005967,SP,São Paulo,Aclimação,Centro/Sul,Cobertura,125,3,3,2,2006,20,2020,12840.8,1605100.0
SP-005968,SP,São Paulo,Santana,Zona Norte,Apartamento,104,2,3,1,2022,4,2015,6164.66,641124.64
SP-005969,SP,São Paulo,Itaim Bibi,Zona Sul/Oeste,Apartamento,200,4,3,4,1995,31,2021,16106.87,3221374.0
SP-005970,SP,São Paulo,Santana,Zona Norte,Apartamento,98,2,3,1,2018,8,2020,7188.9,704512.2
SP-005971,SP,São Paulo,Jardim Paulista,Zona Oeste,Cobertura,204,3,4,3,2004,22,2015,18557.73,3785776.92
SP-005972,SP,São Paulo,Saúde,Zona Sul,Apartamento,51,2,2,1,2011,15,2015,6137.73,313024.23
SP-005973,SP,São Paulo,Lapa,Zona Oeste,Casa,207,5,4,5,2024,2,2023,10847.44,2245420.08
SP-005974,SP,São Paulo,Moema,Zona Sul,Casa,146,4,4,4,2009,17,2019,12410.92,1811994.32
SP-005975,SP,São Paulo,Santana,Zona Norte,Apartamento,135,3,3,2,1996,30,2026,8652.42,1168076.7
SP-005976,SP,São Paulo,Santana,Zona Norte,Apartamento,234,3,4,2,1978,48,2025,8104.18,1896378.12
SP-005977,SP,São Paulo,Brooklin,Zona Sul,Casa,93,3,3,2,2025,1,2020,12361.56,1149625.08
SP-005978,SP,São Paulo,Perdizes,Zona Oeste,Apartamento,46,1,1,0,2020,6,2017,10276.18,472704.28
SP-005979,SP,São Paulo,Aclimação,Centro/Sul,Apartamento,57,3,2,1,2020,6,2014,7553.39,430543.23
SP-005980,SP,São Paulo,Lapa,Zona Oeste,Apartamento,93,3,2,2,2020,6,2016,8729.97,811887.21
SP-005981,SP,São Paulo,Mooca,Zona Leste,Apartamento,128,3,2,2,1988,38,2024,8395.97,1074684.16
SP-005982,SP,São Paulo,Saúde,Zona Sul,Apartamento,33,2,1,0,2018,8,2015,7029.81,231983.73
SP-005983,SP,São Paulo,Bela Vista,Centro/Sul,Cobertura,148,4,4,3,2017,9,2021,15246.16,2256431.68
SP-005984,SP,São Paulo,Itaim Bibi,Zona Sul/Oeste,Apartamento,53,3,1,1,2020,6,2023,17034.36,902821.08
SP-005985,SP,São Paulo,Tatuapé,Zona Leste,Apartamento,40,2,1,0,1990,36,2020,8002.86,320114.4
SP-005986,SP,São Paulo,Ipiranga,Zona Sul,Apartamento,82,2,2,1,1994,32,2025,7308.02,599257.64
SP-005987,SP,São Paulo,Bela Vista,Centro/Sul,Apartamento,150,3,3,2,2014,12,2015,7173.08,1075962.0
SP-005988,SP,São Paulo,Aclimação,Centro/Sul,Apartamento,156,3,4,2,2006,20,2026,11889.4,1854746.4
SP-005989,SP,São Paulo,Aclimação,Centro/Sul,Apartamento,56,2,2,1,2011,15,2015,6783.07,379851.92
SP-005990,SP,São Paulo,Perdizes,Zona Oeste,Apartamento,57,3,1,1,1978,48,2023,9670.81,551236.17
SP-005991,SP,São Paulo,Bela Vista,Centro/Sul,Apartamento,83,2,1,2,2017,9,2024,10947.71,908659.93
SP-005992,SP,São Paulo,Aclimação,Centro/Sul,Apartamento,43,1,1,1,1977,49,2015,6175.84,265561.12
SP-005993,SP,São Paulo,Aclimação,Centro/Sul,Apartamento,37,1,1,0,2022,4,2016,7656.78,283300.86
SP-005994,SP,São Paulo,Vila Mariana,Zona Sul,Casa,91,3,2,2,1992,34,2026,10576.49,962460.59
SP-005995,SP,São Paulo,Vila Madalena,Zona Oeste,Apartamento,48,1,1,1,1998,28,2018,10348.93,496748.64
SP-005996,SP,São Paulo,Tatuapé,Zona Leste,Apartamento,59,3,2,1,1999,27,2018,7239.77,427146.43
SP-005997,SP,São Paulo,Santana,Zona Norte,Apartamento,75,3,1,2,2002,24,2014,6555.61,491670.75
SP-005998,SP,São Paulo,Morumbi,Zona Sul,Apartamento,83,3,1,2,2016,10,2017,8442.4,700719.2
SP-005999,SP,São Paulo,Pinheiros,Zona Oeste,Apartamento,88,3,2,2,2002,24,2014,9977.98,878062.24
SP-006000,SP,São Paulo,Perdizes,Zona Oeste,Apartamento,150,4,5,3,2022,4,2025,13479.71,2021956.5
SP-006001,SP,São Paulo,Vila Madalena,Zona Oeste,Apartamento,74,2,2,1,2016,10,2024,14413.99,1066635.26
SP-006002,SP,São Paulo,Campo Belo,Zona Sul,Apartamento,56,2,1,1,2018,8,2020,11121.49,622803.44
SP-006003,SP,São Paulo,Vila Madalena,Zona Oeste,Casa,83,2,2,1,2003,23,2018,8845.25,734155.75
SP-006004,SP,São Paulo,Jardim Paulista,Zona Oeste,Apartamento,56,2,2,2,2005,21,2023,14206.53,795565.68
SP-006005,SP,São Paulo,Pinheiros,Zona Oeste,Cobertura,181,5,4,2,2017,9,2013,16224.71,2936672.51
SP-006006,SP,São Paulo,Vila Madalena,Zona Oeste,Casa,123,3,3,2,2008,18,2017,10498.06,1291261.38
SP-006007,SP,São Paulo,Jardim Paulista,Zona Oeste,Apartamento,108,3,2,2,2006,20,2015,12438.64,1343373.12
SP-006008,SP,São Paulo,Brooklin,Zona Sul,Apartamento,98,3,3,3,1994,32,2014,8973.3,879383.4
SP-006009,SP,São Paulo,Morumbi,Zona Sul,Casa,146,4,4,3,2012,14,2019,7118.77,1039340.42
SP-006010,SP,São Paulo,Perdizes,Zona Oeste,Apartamento,66,2,2,1,2015,11,2022,11796.2,778549.2
SP-006011,SP,São Paulo,Saúde,Zona Sul,Apartamento,86,4,3,1,2025,1,2023,9915.64,852745.04
SP-006012,SP,São Paulo,Mooca,Zona Leste,Apartamento,56,3,1,1,2024,2,2026,11283.07,631851.92
SP-006013,SP,São Paulo,Mooca,Zona Leste,Casa,83,2,1,1,2014,12,2018,7200.05,597604.15
SP-006014,SP,São Paulo,Lapa,Zona Oeste,Apartamento,62,2,1,1,2016,10,2015,7897.89,489669.18
SP-006015,SP,São Paulo,Mooca,Zona Leste,Apartamento,75,3,1,1,2018,8,2014,6754.42,506581.5
SP-006016,SP,São Paulo,Perdizes,Zona Oeste,Apartamento,44,1,1,0,2008,18,2014,8635.05,379942.2
SP-006017,SP,São Paulo,Campo Belo,Zona Sul,Apartamento,45,2,1,1,2016,10,2023,12955.71,583006.95
SP-006018,SP,São Paulo,Tatuapé,Zona Leste,Casa,81,2,1,1,2012,14,2016,6604.01,534924.81
SP-006019,SP,São Paulo,Bela Vista,Centro/Sul,Cobertura,292,4,4,3,2014,12,2015,11659.18,3404480.56
SP-006020,SP,São Paulo,Bela Vista,Centro/Sul,Apartamento,59,3,1,1,2024,2,2014,8001.32,472077.88
SP-006021,SP,São Paulo,Jardim Paulista,Zona Oeste,Apartamento,202,3,4,4,2007,19,2018,15197.65,3069925.3
SP-006022,SP,São Paulo,Jardim Paulista,Zona Oeste,Casa,126,3,2,2,2025,1,2014,13777.99,1736026.74
SP-006023,SP,São Paulo,Morumbi,Zona Sul,Cobertura,212,4,5,3,2003,23,2013,9372.82,1987037.84
SP-006024,SP,São Paulo,Morumbi,Zona Sul,Apartamento,66,2,1,1,2012,14,2014,5472.11,361159.26
SP-006025,SP,São Paulo,Vila Mariana,Zona Sul,Casa,133,2,3,3,2023,3,2021,13076.66,1739195.78
SP-006026,SP,São Paulo,Santana,Zona Norte,Apartamento,67,2,2,1,1977,49,2013,5025.96,336739.32
SP-006027,SP,São Paulo,Perdizes,Zona Oeste,Apartamento,86,3,3,3,1988,38,2016,8654.93,744323.98
SP-006028,SP,São Paulo,Pinheiros,Zona Oeste,Casa,80,2,1,1,2016,10,2023,13435.76,1074860.8
SP-006029,SP,São Paulo,Moema,Zona Sul,Apartamento,66,3,1,2,1986,40,2021,12745.4,841196.4
SP-006030,SP,São Paulo,Itaim Bibi,Zona Sul/Oeste,Casa,94,3,2,2,2009,17,2024,13108.15,1232166.1
SP-006031,SP,São Paulo,Tatuapé,Zona Leste,Apartamento,37,1,1,0,2019,7,2018,8226.89,304394.93
SP-006032,SP,São Paulo,Saúde,Zona Sul,Apartamento,80,3,1,1,2006,20,2025,8684.52,694761.6
SP-006033,SP,São Paulo,Jardim Paulista,Zona Oeste,Apartamento,51,2,2,1,2010,16,2017,12470.81,636011.31
SP-006034,SP,São Paulo,Lapa,Zona Oeste,Apartamento,54,2,1,1,2013,13,2022,9250.5,499527.0
SP-006035,SP,São Paulo,Perdizes,Zona Oeste,Casa,214,4,5,4,2004,22,2016,9464.75,2025456.5
SP-006036,SP,São Paulo,Santana,Zona Norte,Casa,92,3,2,2,2010,16,2020,6069.26,558371.92
SP-006037,SP,São Paulo,Campo Belo,Zona Sul,Apartamento,48,1,1,1,2022,4,2019,11379.51,546216.48
SP-006038,SP,São Paulo,Vila Madalena,Zona Oeste,Apartamento,234,4,4,4,1997,29,2014,8652.13,2024598.42
SP-006039,SP,São Paulo,Vila Madalena,Zona Oeste,Casa,171,3,4,3,2011,15,2014,9085.07,1553546.97
SP-006040,SP,São Paulo,Itaim Bibi,Zona Sul/Oeste,Apartamento,60,3,2,2,2021,5,2026,21810.6,1308636.0
SP-006041,SP,São Paulo,Campo Belo,Zona Sul,Cobertura,330,4,5,3,2011,15,2017,15639.3,5160969.0
SP-006042,SP,São Paulo,Jardim Paulista,Zona Oeste,Apartamento,110,3,2,2,1993,33,2026,15912.48,1750372.8
SP-006043,SP,São Paulo,Morumbi,Zona Sul,Apartamento,44,2,1,0,2002,24,2015,6446.65,283652.6
SP-006044,SP,São Paulo,Tatuapé,Zona Leste,Apartamento,86,3,3,2,2018,8,2024,11255.17,967944.62
SP-006045,SP,São Paulo,Jardim Paulista,Zona Oeste,Apartamento,102,3,3,3,2008,18,2024,16539.67,1687046.34
SP-006046,SP,São Paulo,Moema,Zona Sul,Apartamento,82,3,2,1,2017,9,2013,10676.23,875450.86
SP-006047,SP,São Paulo,Tatuapé,Zona Leste,Cobertura,218,3,4,3,1998,28,2017,11830.83,2579120.94
SP-006048,SP,São Paulo,Pinheiros,Zona Oeste,Apartamento,209,3,3,2,1994,32,2013,9847.32,2058089.88
SP-006049,SP,São Paulo,Saúde,Zona Sul,Apartamento,103,3,3,2,2022,4,2015,7889.27,812594.81
SP-006050,SP,São Paulo,Itaim Bibi,Zona Sul/Oeste,Apartamento,122,3,3,3,1995,31,2013,10663.66,1300966.52
SP-006051,SP,São Paulo,Mooca,Zona Leste,Apartamento,54,3,1,1,2012,14,2013,6066.38,327584.52
SP-006052,SP,São Paulo,Morumbi,Zona Sul,Casa,88,3,3,2,2023,3,2025,9807.08,863023.04
SP-006053,SP,São Paulo,Pinheiros,Zona Oeste,Apartamento,87,4,3,1,2002,24,2026,14369.79,1250171.73
SP-006054,SP,São Paulo,Brooklin,Zona Sul,Apartamento,39,2,1,1,2010,16,2020,11063.39,431472.21
SP-006055,SP,São Paulo,Vila Mariana,Zona Sul,Apartamento,94,3,3,2,1986,40,2022,11274.47,1059800.18
SP-006056,SP,São Paulo,Morumbi,Zona Sul,Casa,157,4,5,3,2010,16,2015,5993.18,940929.26
SP-006057,SP,São Paulo,Aclimação,Centro/Sul,Casa,148,4,5,4,2017,9,2020,10297.85,1524081.8
SP-006058,SP,São Paulo,Ipiranga,Zona Sul,Casa,169,4,4,3,1995,31,2021,7195.02,1215958.38
SP-006059,SP,São Paulo,Moema,Zona Sul,Apartamento,58,2,1,2,2011,15,2022,15114.8,876658.4
SP-006060,SP,São Paulo,Lapa,Zona Oeste,Apartamento,48,1,1,0,2022,4,2015,7444.4,357331.2
SP-006061,SP,São Paulo,Santana,Zona Norte,Apartamento,173,4,3,3,1987,39,2026,8971.82,1552124.86
SP-006062,SP,São Paulo,Morumbi,Zona Sul,Apartamento,119,3,2,2,2013,13,2016,6893.6,820338.4
SP-006063,SP,São Paulo,Perdizes,Zona Oeste,Apartamento,160,4,5,2,2025,1,2022,15267.89,2442862.4
SP-006064,SP,São Paulo,Tatuapé,Zona Leste,Casa,127,3,3,1,2011,15,2021,8186.86,1039731.22
SP-006065,SP,São Paulo,Vila Madalena,Zona Oeste,Casa,84,3,2,1,2013,13,2023,12020.3,1009705.2
SP-006066,SP,São Paulo,Saúde,Zona Sul,Casa,237,4,5,3,2020,6,2023,8411.37,1993494.69
SP-006067,SP,São Paulo,Jardim Paulista,Zona Oeste,Apartamento,49,1,1,0,2016,10,2020,14069.53,689406.97
SP-006068,SP,São Paulo,Bela Vista,Centro/Sul,Casa,149,4,5,2,1997,29,2026,9380.42,1397682.58
SP-006069,SP,São Paulo,Itaim Bibi,Zona Sul/Oeste,Apartamento,35,1,1,1,2022,4,2013,12259.08,429067.8
SP-006070,SP,São Paulo,Vila Madalena,Zona Oeste,Apartamento,65,3,2,1,2022,4,2021,13643.74,886843.1
SP-006071,SP,São Paulo,Campo Belo,Zona Sul,Apartamento,160,5,4,3,2005,21,2024,13757.01,2201121.6
SP-006072,SP,São Paulo,Mooca,Zona Leste,Apartamento,67,3,2,2,2010,16,2025,9950.25,666666.75
SP-006073,SP,São Paulo,Bela Vista,Centro/Sul,Apartamento,50,2,1,2,1975,51,2017,6828.43,341421.5
SP-006074,SP,São Paulo,Jardim Paulista,Zona Oeste,Cobertura,339,5,4,4,2020,6,2022,25281.62,8570469.18
SP-006075,SP,São Paulo,Vila Mariana,Zona Sul,Apartamento,47,1,1,1,2012,14,2024,12054.17,566545.99
SP-006076,SP,São Paulo,Bela Vista,Centro/Sul,Apartamento,44,1,1,0,1996,30,2023,8560.12,376645.28
SP-006077,SP,São Paulo,Tatuapé,Zona Leste,Apartamento,80,3,2,1,2008,18,2015,6367.72,509417.6
SP-006078,SP,São Paulo,Brooklin,Zona Sul,Apartamento,32,1,1,1,1986,40,2017,10106.92,323421.44
SP-006079,SP,São Paulo,Brooklin,Zona Sul,Casa,98,2,3,2,2010,16,2022,10030.69,983007.62
SP-006080,SP,São Paulo,Campo Belo,Zona Sul,Cobertura,161,4,3,5,2002,24,2014,15864.29,2554150.69
SP-006081,SP,São Paulo,Jardim Paulista,Zona Oeste,Apartamento,65,2,2,1,2023,3,2017,14618.42,950197.3
SP-006082,SP,São Paulo,Saúde,Zona Sul,Casa,113,3,2,2,2023,3,2025,9867.76,1115056.88
SP-006083,SP,São Paulo,Vila Madalena,Zona Oeste,Apartamento,84,3,2,1,2002,24,2016,9613.52,807535.68
SP-006084,SP,São Paulo,Perdizes,Zona Oeste,Apartamento,46,2,1,1,1996,30,2020,9408.31,432782.26
SP-006085,SP,São Paulo,Itaim Bibi,Zona Sul/Oeste,Apartamento,76,3,2,1,2009,17,2014,12067.39,917121.64
SP-006086,SP,São Paulo,Itaim Bibi,Zona Sul/Oeste,Apartamento,35,1,1,0,1999,27,2022,13734.36,480702.6
SP-006087,SP,São Paulo,Morumbi,Zona Sul,Apartamento,87,3,3,3,1993,33,2013,6252.3,543950.1
SP-006088,SP,São Paulo,Morumbi,Zona Sul,Apartamento,59,2,1,1,2008,18,2022,8537.34,503703.06
SP-006089,SP,São Paulo,Moema,Zona Sul,Apartamento,118,3,3,2,1982,44,2023,13026.89,1537173.02
SP-006090,SP,São Paulo,Bela Vista,Centro/Sul,Cobertura,122,3,3,1,2012,14,2023,14844.37,1811013.14
SP-006091,SP,São Paulo,Pinheiros,Zona Oeste,Casa,197,5,4,4,2021,5,2013,10774.18,2122513.46
SP-006092,SP,São Paulo,Saúde,Zona Sul,Casa,198,3,4,3,2011,15,2017,7040.18,1393955.64
SP-006093,SP,São Paulo,Lapa,Zona Oeste,Casa,106,3,3,1,2025,1,2013,7090.94,751639.64
SP-006094,SP,São Paulo,Lapa,Zona Oeste,Apartamento,32,1,1,0,2004,22,2022,7681.05,245793.6
SP-006095,SP,São Paulo,Ipiranga,Zona Sul,Apartamento,380,5,3,2,2014,12,2025,9057.36,3441796.8
SP-006096,SP,São Paulo,Pinheiros,Zona Oeste,Apartamento,43,2,1,1,1989,37,2018,11385.33,489569.19
SP-006097,SP,São Paulo,Saúde,Zona Sul,Casa,123,4,3,2,2023,3,2022,9593.65,1180018.95
SP-006098,SP,São Paulo,Lapa,Zona Oeste,Apartamento,92,3,2,2,1985,41,2021,7711.41,709449.72
SP-006099,SP,São Paulo,Pinheiros,Zona Oeste,Apartamento,103,3,3,2,2016,10,2018,14043.17,1446446.51
SP-006100,SP,São Paulo,Morumbi,Zona Sul,Apartamento,84,2,2,1,2006,20,2017,7248.35,608861.4
SP-006101,SP,São Paulo,Bela Vista,Centro/Sul,Casa,93,3,2,2,2019,7,2025,9267.27,861856.11
SP-006102,SP,São Paulo,Santana,Zona Norte,Apartamento,37,1,1,0,2010,16,2017,5973.98,221037.26
SP-006103,SP,São Paulo,Bela Vista,Centro/Sul,Apartamento,64,2,1,1,1981,45,2026,8313.65,532073.6
SP-006104,SP,São Paulo,Lapa,Zona Oeste,Apartamento,37,1,1,0,1989,37,2018,6295.29,232925.73
SP-006105,SP,São Paulo,Tatuapé,Zona Leste,Apartamento,47,2,1,1,2001,25,2015,7352.29,345557.63
SP-006106,SP,São Paulo,Morumbi,Zona Sul,Apartamento,38,1,1,0,2008,18,2021,7194.4,273387.2
SP-006107,SP,São Paulo,Lapa,Zona Oeste,Apartamento,76,3,1,1,2002,24,2016,7481.05,568559.8
SP-006108,SP,São Paulo,Tatuapé,Zona Leste,Casa,92,3,3,3,2020,6,2018,9350.32,860229.44
SP-006109,SP,São Paulo,Aclimação,Centro/Sul,Apartamento,34,1,1,1,2024,2,2022,11631.68,395477.12
SP-006110,SP,São Paulo,Mooca,Zona Leste,Cobertura,149,3,4,2,1996,30,2022,12890.11,1920626.39
SP-006111,SP,São Paulo,Aclimação,Centro/Sul,Apartamento,83,2,2,1,2016,10,2022,9591.3,796077.9
SP-006112,SP,São Paulo,Itaim Bibi,Zona Sul/Oeste,Apartamento,59,2,2,1,2002,24,2014,11276.92,665338.28
SP-006113,SP,São Paulo,Ipiranga,Zona Sul,Casa,80,2,2,1,2008,18,2024,8059.99,644799.2
SP-006114,SP,São Paulo,Aclimação,Centro/Sul,Apartamento,52,2,1,1,1991,35,2014,6045.26,314353.52
SP-006115,SP,São Paulo,Lapa,Zona Oeste,Cobertura,137,3,2,2,1989,37,2026,14090.79,1930438.23
SP-006116,SP,São Paulo,Pinheiros,Zona Oeste,Casa,113,3,3,3,2017,9,2020,12268.15,1386300.95
SP-006117,SP,São Paulo,Ipiranga,Zona Sul,Cobertura,136,3,2,3,2004,22,2016,10206.77,1388120.72
SP-006118,SP,São Paulo,Perdizes,Zona Oeste,Casa,126,2,3,2,2000,26,2019,10626.75,1338970.5
SP-006119,SP,São Paulo,Saúde,Zona Sul,Apartamento,132,3,3,2,2003,23,2026,9438.92,1245937.44
SP-006120,SP,São Paulo,Moema,Zona Sul,Apartamento,169,4,3,5,2019,7,2020,17936.19,3031216.11
SP-006121,SP,São Paulo,Saúde,Zona Sul,Apartamento,57,3,2,1,2007,19,2014,6949.08,396097.56
SP-006122,SP,São Paulo,Morumbi,Zona Sul,Casa,88,3,3,2,2021,5,2025,8093.37,712216.56
SP-006123,SP,São Paulo,Brooklin,Zona Sul,Apartamento,45,2,1,1,1989,37,2024,11252.97,506383.65
SP-006124,SP,São Paulo,Itaim Bibi,Zona Sul/Oeste,Apartamento,75,2,2,1,2007,19,2026,17066.13,1279959.75
SP-006125,SP,São Paulo,Pinheiros,Zona Oeste,Apartamento,61,3,2,1,2022,4,2018,13594.41,829259.01
SP-006126,SP,São Paulo,Vila Madalena,Zona Oeste,Apartamento,59,2,2,1,1999,27,2013,7134.64,420943.76
SP-006127,SP,São Paulo,Mooca,Zona Leste,Apartamento,34,2,1,0,2021,5,2021,8296.61,282084.74
SP-006128,SP,São Paulo,Aclimação,Centro/Sul,Apartamento,33,1,1,1,1997,29,2021,8401.74,277257.42
SP-006129,SP,São Paulo,Jardim Paulista,Zona Oeste,Casa,91,3,2,3,2025,1,2020,14748.12,1342078.92
SP-006130,SP,São Paulo,Aclimação,Centro/Sul,Apartamento,66,2,2,1,2016,10,2019,10446.07,689440.62
SP-006131,SP,São Paulo,Vila Mariana,Zona Sul,Apartamento,171,3,5,3,1995,31,2017,8792.16,1503459.36
SP-006132,SP,São Paulo,Lapa,Zona Oeste,Apartamento,51,3,2,1,1995,31,2013,5961.1,304016.1
SP-006133,SP,São Paulo,Mooca,Zona Leste,Apartamento,51,2,2,1,1992,34,2017,6765.05,345017.55
SP-006134,SP,São Paulo,Ipiranga,Zona Sul,Casa,117,3,3,2,2022,4,2023,7866.48,920378.16
SP-006135,SP,São Paulo,Pinheiros,Zona Oeste,Casa,102,3,3,2,2000,26,2018,11276.33,1150185.66
SP-006136,SP,São Paulo,Moema,Zona Sul,Cobertura,228,4,4,4,2013,13,2022,23446.87,5345886.36
SP-006137,SP,São Paulo,Aclimação,Centro/Sul,Apartamento,60,2,1,1,2017,9,2026,12847.71,770862.6
SP-006138,SP,São Paulo,Santana,Zona Norte,Apartamento,32,1,1,0,2021,5,2026,8604.89,275356.48
SP-006139,SP,São Paulo,Lapa,Zona Oeste,Casa,128,2,3,2,2001,25,2016,6614.26,846625.28
SP-006140,SP,São Paulo,Ipiranga,Zona Sul,Cobertura,212,3,4,4,2000,26,2023,11986.9,2541222.8
SP-006141,SP,São Paulo,Mooca,Zona Leste,Casa,163,4,4,3,1994,32,2020,7365.49,1200574.87
SP-006142,SP,São Paulo,Lapa,Zona Oeste,Apartamento,117,4,3,1,2006,20,2016,6953.44,813552.48
SP-006143,SP,São Paulo,Lapa,Zona Oeste,Apartamento,119,3,2,2,2009,17,2021,8991.52,1069990.88
SP-006144,SP,São Paulo,Tatuapé,Zona Leste,Apartamento,32,1,1,0,2019,7,2024,10332.64,330644.48
SP-006145,SP,São Paulo,Santana,Zona Norte,Cobertura,280,3,3,3,2012,14,2016,10230.95,2864666.0
SP-006146,SP,São Paulo,Aclimação,Centro/Sul,Apartamento,50,2,2,1,1994,32,2013,6793.35,339667.5
SP-006147,SP,São Paulo,Mooca,Zona Leste,Apartamento,114,2,3,2,2001,25,2016,7241.81,825566.34
SP-006148,SP,São Paulo,Aclimação,Centro/Sul,Apartamento,42,1,1,0,2020,6,2018,8163.1,342850.2
SP-006149,SP,São Paulo,Itaim Bibi,Zona Sul/Oeste,Casa,156,4,3,3,2016,10,2021,15157.73,2364605.88
SP-006150,SP,São Paulo,Lapa,Zona Oeste,Apartamento,47,1,1,1,2020,6,2018,8239.09,387237.23
SP-006151,SP,São Paulo,Jardim Paulista,Zona Oeste,Apartamento,52,2,2,1,2005,21,2020,13131.62,682844.24
SP-006152,SP,São Paulo,Aclimação,Centro/Sul,Apartamento,177,4,5,3,2001,25,2019,9435.55,1670092.35
SP-006153,SP,São Paulo,Vila Mariana,Zona Sul,Apartamento,110,2,3,3,2018,8,2014,9281.85,1021003.5
SP-006154,SP,São Paulo,Pinheiros,Zona Oeste,Apartamento,95,3,2,1,2005,21,2025,14672.62,1393898.9
SP-006155,SP,São Paulo,Vila Madalena,Zona Oeste,Apartamento,46,1,1,1,2007,19,2019,11427.2,525651.2
SP-006156,SP,São Paulo,Santana,Zona Norte,Apartamento,74,2,1,1,2014,12,2014,5918.26,437951.24
SP-006157,SP,São Paulo,Campo Belo,Zona Sul,Casa,135,3,3,1,2022,4,2023,13461.59,1817314.65
SP-006158,SP,São Paulo,Bela Vista,Centro/Sul,Apartamento,35,1,1,0,2017,9,2017,6969.4,243929.0
SP-006159,SP,São Paulo,Moema,Zona Sul,Casa,90,3,3,3,1998,28,2022,14763.2,1328688.0
SP-006160,SP,São Paulo,Aclimação,Centro/Sul,Apartamento,98,2,2,2,2024,2,2026,12220.01,1197560.98
SP-006161,SP,São Paulo,Mooca,Zona Leste,Apartamento,175,4,4,3,1986,40,2014,6132.76,1073233.0
SP-006162,SP,São Paulo,Perdizes,Zona Oeste,Apartamento,36,1,1,1,2024,2,2025,14431.31,519527.16
SP-006163,SP,São Paulo,Campo Belo,Zona Sul,Casa,163,3,5,3,2010,16,2016,9315.85,1518483.55
SP-006164,SP,São Paulo,Itaim Bibi,Zona Sul/Oeste,Apartamento,37,1,1,1,2007,19,2013,10841.51,401135.87
SP-006165,SP,São Paulo,Tatuapé,Zona Leste,Casa,100,3,3,2,2015,11,2019,8017.01,801701.0
SP-006166,SP,São Paulo,Saúde,Zona Sul,Apartamento,56,2,1,2,1994,32,2018,6854.02,383825.12
SP-006167,SP,São Paulo,Moema,Zona Sul,Casa,183,3,5,2,2008,18,2025,14939.96,2734012.68
SP-006168,SP,São Paulo,Bela Vista,Centro/Sul,Apartamento,56,2,1,1,1995,31,2014,6413.27,359143.12
SP-006169,SP,São Paulo,Moema,Zona Sul,Casa,206,5,4,2,2011,15,2013,9625.67,1982888.02
SP-006170,SP,São Paulo,Itaim Bibi,Zona Sul/Oeste,Apartamento,143,3,4,5,2023,3,2013,14787.46,2114606.78
SP-006171,SP,São Paulo,Campo Belo,Zona Sul,Cobertura,196,3,4,2,2011,15,2014,12779.92,2504864.32
SP-006172,SP,São Paulo,Brooklin,Zona Sul,Apartamento,129,2,3,2,2011,15,2021,11150.41,1438402.89
SP-006173,SP,São Paulo,Mooca,Zona Leste,Apartamento,51,2,2,1,1997,29,2024,8513.69,434198.19
SP-006174,SP,São Paulo,Saúde,Zona Sul,Apartamento,53,2,2,2,1999,27,2025,8639.79,457908.87
SP-006175,SP,São Paulo,Vila Madalena,Zona Oeste,Apartamento,72,3,1,1,2001,25,2013,8524.31,613750.32
SP-006176,SP,São Paulo,Lapa,Zona Oeste,Apartamento,70,2,2,2,1991,35,2018,7108.96,497627.2
SP-006177,SP,São Paulo,Tatuapé,Zona Leste,Apartamento,54,3,2,1,1983,43,2014,6540.57,353190.78
SP-006178,SP,São Paulo,Aclimação,Centro/Sul,Apartamento,99,3,3,2,1994,32,2024,9654.58,955803.42
SP-006179,SP,São Paulo,Jardim Paulista,Zona Oeste,Apartamento,49,2,1,0,2025,1,2023,19372.59,949256.91
SP-006180,SP,São Paulo,Vila Mariana,Zona Sul,Apartamento,49,1,1,0,1998,28,2017,8808.7,431626.3
SP-006181,SP,São Paulo,Lapa,Zona Oeste,Apartamento,39,1,1,1,1981,45,2013,5790.77,225840.03
SP-006182,SP,São Paulo,Itaim Bibi,Zona Sul/Oeste,Casa,247,4,3,3,2012,14,2013,11425.97,2822214.59
SP-006183,SP,São Paulo,Brooklin,Zona Sul,Casa,106,3,2,1,2017,9,2019,12072.96,1279733.76
SP-006184,SP,São Paulo,Aclimação,Centro/Sul,Apartamento,45,1,1,1,2012,14,2025,11650.69,524281.05
SP-006185,SP,São Paulo,Brooklin,Zona Sul,Apartamento,42,2,1,1,2012,14,2024,13909.55,584201.1
SP-006186,SP,São Paulo,Morumbi,Zona Sul,Casa,81,2,1,1,2007,19,2015,6077.17,492250.77
SP-006187,SP,São Paulo,Pinheiros,Zona Oeste,Apartamento,102,3,3,2,1987,39,2024,14634.42,1492710.84
SP-006188,SP,São Paulo,Campo Belo,Zona Sul,Apartamento,51,2,2,2,2014,12,2026,12486.62,636817.62
SP-006189,SP,São Paulo,Jardim Paulista,Zona Oeste,Apartamento,56,2,2,1,1995,31,2024,13086.96,732869.76
SP-006190,SP,São Paulo,Moema,Zona Sul,Apartamento,86,3,3,2,1995,31,2020,14363.85,1235291.1
SP-006191,SP,São Paulo,Brooklin,Zona Sul,Apartamento,44,1,1,1,2016,10,2020,11674.45,513675.8
SP-006192,SP,São Paulo,Pinheiros,Zona Oeste,Cobertura,217,3,3,2,2003,23,2014,15036.86,3262998.62
SP-006193,SP,São Paulo,Bela Vista,Centro/Sul,Apartamento,45,1,1,1,1996,30,2014,5867.52,264038.4
SP-006194,SP,São Paulo,Morumbi,Zona Sul,Apartamento,47,1,1,0,1981,45,2022,6171.35,290053.45
SP-006195,SP,São Paulo,Jardim Paulista,Zona Oeste,Apartamento,55,2,2,1,1986,40,2023,13992.03,769561.65
SP-006196,SP,São Paulo,Ipiranga,Zona Sul,Casa,366,4,3,4,2024,2,2024,11096.86,4061450.76
SP-006197,SP,São Paulo,Vila Madalena,Zona Oeste,Apartamento,76,3,2,1,2004,22,2021,12605.45,958014.2
SP-006198,SP,São Paulo,Vila Mariana,Zona Sul,Apartamento,73,2,2,1,1991,35,2025,10456.77,763344.21
SP-006199,SP,São Paulo,Lapa,Zona Oeste,Apartamento,61,2,1,1,2023,3,2023,10943.07,667527.27
SP-006200,SP,São Paulo,Itaim Bibi,Zona Sul/Oeste,Apartamento,88,3,3,2,2015,11,2013,11997.44,1055774.72
SP-006201,SP,São Paulo,Saúde,Zona Sul,Apartamento,181,4,4,4,2019,7,2020,9752.08,1765126.48
SP-006202,SP,São Paulo,Saúde,Zona Sul,Casa,80,2,2,2,1984,42,2025,7485.76,598860.8
SP-006203,SP,São Paulo,Vila Madalena,Zona Oeste,Apartamento,126,3,3,2,2010,16,2021,12071.1,1520958.6
SP-006204,SP,São Paulo,Itaim Bibi,Zona Sul/Oeste,Cobertura,174,5,5,3,2021,5,2026,29007.09,5047233.66
SP-006205,SP,São Paulo,Saúde,Zona Sul,Casa,188,5,3,2,2019,7,2021,8058.92,1515076.96
SP-006206,SP,São Paulo,Tatuapé,Zona Leste,Apartamento,53,2,2,2,2020,6,2021,9064.58,480422.74
SP-006207,SP,São Paulo,Bela Vista,Centro/Sul,Apartamento,60,3,1,1,2024,2,2019,9327.52,559651.2
SP-006208,SP,São Paulo,Ipiranga,Zona Sul,Apartamento,49,2,1,0,2015,11,2024,8448.75,413988.75
SP-006209,SP,São Paulo,Ipiranga,Zona Sul,Casa,129,3,3,2,2008,18,2018,6713.94,866098.26
SP-006210,SP,São Paulo,Morumbi,Zona Sul,Apartamento,62,2,1,1,2007,19,2021,7578.81,469886.22
SP-006211,SP,São Paulo,Aclimação,Centro/Sul,Apartamento,79,3,1,1,2014,12,2016,6748.02,533093.58
SP-006212,SP,São Paulo,Lapa,Zona Oeste,Casa,99,3,2,2,2022,4,2026,9865.13,976647.87
SP-006213,SP,São Paulo,Saúde,Zona Sul,Apartamento,72,2,2,1,2008,18,2015,7062.87,508526.64
SP-006214,SP,São Paulo,Brooklin,Zona Sul,Apartamento,74,3,1,1,1983,43,2017,8995.57,665672.18
SP-006215,SP,São Paulo,Vila Mariana,Zona Sul,Apartamento,35,1,1,1,2012,14,2021,10939.7,382889.5
SP-006216,SP,São Paulo,Mooca,Zona Leste,Casa,99,3,3,1,2004,22,2024,8241.39,815897.61
SP-006217,SP,São Paulo,Vila Madalena,Zona Oeste,Apartamento,34,1,1,0,2001,25,2019,10721.65,364536.1
SP-006218,SP,São Paulo,Itaim Bibi,Zona Sul/Oeste,Apartamento,127,2,3,2,2017,9,2024,18745.81,2380717.87
SP-006219,SP,São Paulo,Perdizes,Zona Oeste,Apartamento,43,1,1,0,2004,22,2026,11844.65,509319.95
SP-006220,SP,São Paulo,Vila Mariana,Zona Sul,Apartamento,103,3,3,2,2009,17,2017,9202.61,947868.83
SP-006221,SP,São Paulo,Moema,Zona Sul,Apartamento,74,2,2,1,2020,6,2021,14983.02,1108743.48
SP-006222,SP,São Paulo,Saúde,Zona Sul,Apartamento,114,3,3,2,2022,4,2022,10294.4,1173561.6
SP-006223,SP,São Paulo,Lapa,Zona Oeste,Apartamento,113,4,2,2,2019,7,2015,7719.35,872286.55
SP-006224,SP,São Paulo,Itaim Bibi,Zona Sul/Oeste,Apartamento,45,1,1,1,2004,22,2013,11119.11,500359.95
SP-006225,SP,São Paulo,Vila Madalena,Zona Oeste,Cobertura,180,4,4,5,1999,27,2024,19561.94,3521149.2
SP-006226,SP,São Paulo,Jardim Paulista,Zona Oeste,Casa,294,3,3,3,1995,31,2019,12940.39,3804474.66
SP-006227,SP,São Paulo,Pinheiros,Zona Oeste,Apartamento,48,1,1,0,2010,16,2023,12124.63,581982.24
SP-006228,SP,São Paulo,Lapa,Zona Oeste,Apartamento,85,2,3,2,1992,34,2026,9468.05,804784.25
SP-006229,SP,São Paulo,Brooklin,Zona Sul,Apartamento,51,2,2,1,2004,22,2026,13097.93,667994.43
SP-006230,SP,São Paulo,Vila Madalena,Zona Oeste,Apartamento,40,1,1,1,1984,42,2024,11547.55,461902.0
SP-006231,SP,São Paulo,Pinheiros,Zona Oeste,Apartamento,139,3,3,1,1994,32,2020,11553.02,1605869.78
SP-006232,SP,São Paulo,Ipiranga,Zona Sul,Apartamento,81,2,2,1,2007,19,2025,8331.01,674811.81
SP-006233,SP,São Paulo,Vila Mariana,Zona Sul,Apartamento,68,2,2,2,2009,17,2014,8454.84,574929.12
SP-006234,SP,São Paulo,Tatuapé,Zona Leste,Apartamento,56,2,2,1,2022,4,2016,7527.91,421562.96
SP-006235,SP,São Paulo,Perdizes,Zona Oeste,Apartamento,37,1,1,1,2001,25,2021,10710.07,396272.59
SP-006236,SP,São Paulo,Morumbi,Zona Sul,Cobertura,163,4,5,4,1997,29,2021,11368.16,1853010.08
SP-006237,SP,São Paulo,Brooklin,Zona Sul,Casa,100,3,3,3,2021,5,2019,12078.82,1207882.0
SP-006238,SP,São Paulo,Jardim Paulista,Zona Oeste,Apartamento,64,2,2,2,2023,3,2020,18847.68,1206251.52
SP-006239,SP,São Paulo,Vila Mariana,Zona Sul,Casa,121,3,3,2,1986,40,2018,8412.3,1017888.3
SP-006240,SP,São Paulo,Moema,Zona Sul,Apartamento,39,2,1,0,1976,50,2018,10252.12,399832.68
SP-006241,SP,São Paulo,Brooklin,Zona Sul,Apartamento,55,2,1,1,2008,18,2023,11056.06,608083.3
SP-006242,SP,São Paulo,Saúde,Zona Sul,Apartamento,101,2,2,2,2017,9,2024,10019.62,1011981.62
SP-006243,SP,São Paulo,Saúde,Zona Sul,Apartamento,71,2,2,2,1987,39,2018,7714.0,547694.0
SP-006244,SP,São Paulo,Santana,Zona Norte,Apartamento,52,3,1,2,1987,39,2023,8154.36,424026.72
SP-006245,SP,São Paulo,Vila Madalena,Zona Oeste,Apartamento,164,4,5,3,2005,21,2018,12348.6,2025170.4
SP-006246,SP,São Paulo,Vila Mariana,Zona Sul,Casa,132,2,3,2,2009,17,2022,11227.43,1482020.76
SP-006247,SP,São Paulo,Vila Madalena,Zona Oeste,Apartamento,37,1,1,1,2020,6,2024,13700.76,506928.12
SP-006248,SP,São Paulo,Vila Madalena,Zona Oeste,Cobertura,137,4,2,2,2002,24,2015,16774.7,2298133.9
SP-006249,SP,São Paulo,Santana,Zona Norte,Apartamento,60,2,1,1,2008,18,2014,5453.24,327194.4
SP-006250,SP,São Paulo,Campo Belo,Zona Sul,Apartamento,36,2,1,1,2017,9,2015,10216.15,367781.4
SP-006251,SP,São Paulo,Vila Madalena,Zona Oeste,Apartamento,56,3,2,1,2012,14,2019,12269.88,687113.28
SP-006252,SP,São Paulo,Campo Belo,Zona Sul,Apartamento,107,3,2,3,2005,21,2020,11756.02,1257894.14
SP-006253,SP,São Paulo,Bela Vista,Centro/Sul,Apartamento,61,3,1,1,1992,34,2014,5765.57,351699.77
SP-006254,SP,São Paulo,Itaim Bibi,Zona Sul/Oeste,Apartamento,40,1,1,0,2004,22,2018,11887.08,475483.2
SP-006255,SP,São Paulo,Santana,Zona Norte,Apartamento,76,2,2,2,1984,42,2026,7908.73,601063.48
SP-006256,SP,São Paulo,Morumbi,Zona Sul,Apartamento,52,2,2,1,1975,51,2014,5631.69,292847.88
SP-006257,SP,São Paulo,Pinheiros,Zona Oeste,Apartamento,43,1,1,1,1985,41,2025,11882.53,510948.79
SP-006258,SP,São Paulo,Vila Mariana,Zona Sul,Casa,103,4,3,3,2002,24,2014,7575.64,780290.92
SP-006259,SP,São Paulo,Brooklin,Zona Sul,Casa,122,2,3,2,1986,40,2021,10262.49,1252023.78
SP-006260,SP,São Paulo,Pinheiros,Zona Oeste,Apartamento,60,3,1,1,1996,30,2018,11133.44,668006.4
SP-006261,SP,São Paulo,Vila Madalena,Zona Oeste,Apartamento,69,2,2,2,1982,44,2014,8330.24,574786.56
SP-006262,SP,São Paulo,Campo Belo,Zona Sul,Apartamento,136,3,3,2,1987,39,2019,10027.81,1363782.16
SP-006263,SP,São Paulo,Jardim Paulista,Zona Oeste,Apartamento,97,3,3,2,2017,9,2016,14468.55,1403449.35
SP-006264,SP,São Paulo,Jardim Paulista,Zona Oeste,Casa,187,3,5,5,2010,16,2017,14433.01,2698972.87
SP-006265,SP,São Paulo,Brooklin,Zona Sul,Apartamento,73,3,2,2,1988,38,2024,11460.86,836642.78
SP-006266,SP,São Paulo,Ipiranga,Zona Sul,Apartamento,44,2,1,1,2016,10,2015,6739.16,296523.04
SP-006267,SP,São Paulo,Vila Mariana,Zona Sul,Casa,91,3,3,2,1989,37,2013,7651.12,696251.92
SP-006268,SP,São Paulo,Tatuapé,Zona Leste,Apartamento,74,2,2,1,2025,1,2014,7719.57,571248.18
SP-006269,SP,São Paulo,Perdizes,Zona Oeste,Apartamento,52,2,2,1,1996,30,2025,11139.32,579244.64
SP-006270,SP,São Paulo,Bela Vista,Centro/Sul,Apartamento,46,1,1,0,1997,29,2026,9572.1,440316.6
SP-006271,SP,São Paulo,Itaim Bibi,Zona Sul/Oeste,Apartamento,50,3,1,1,2013,13,2020,14045.82,702291.0
SP-006272,SP,São Paulo,Saúde,Zona Sul,Apartamento,58,3,2,1,2023,3,2017,8161.17,473347.86
SP-006273,SP,São Paulo,Ipiranga,Zona Sul,Casa,122,2,3,2,2025,1,2024,10644.31,1298605.82
SP-006274,SP,São Paulo,Jardim Paulista,Zona Oeste,Apartamento,63,3,1,1,2009,17,2015,10306.65,649318.95
SP-006275,SP,São Paulo,Santana,Zona Norte,Apartamento,58,2,2,1,2001,25,2017,6520.47,378187.26
SP-006276,SP,São Paulo,Santana,Zona Norte,Casa,122,3,2,2,2011,15,2023,7757.3,946390.6
SP-006277,SP,São Paulo,Brooklin,Zona Sul,Apartamento,36,1,1,1,2009,17,2020,11429.79,411472.44
SP-006278,SP,São Paulo,Jardim Paulista,Zona Oeste,Cobertura,162,4,3,4,1983,43,2024,23358.81,3784127.22
SP-006279,SP,São Paulo,Mooca,Zona Leste,Apartamento,58,2,1,2,2014,12,2020,8339.81,483708.98
SP-006280,SP,São Paulo,Moema,Zona Sul,Apartamento,152,3,4,3,2012,14,2024,16775.87,2549932.24
SP-006281,SP,São Paulo,Perdizes,Zona Oeste,Apartamento,55,2,2,2,2004,22,2026,12306.22,676842.1
SP-006282,SP,São Paulo,Mooca,Zona Leste,Cobertura,143,3,4,3,1992,34,2015,10139.44,1449939.92
SP-006283,SP,São Paulo,Bela Vista,Centro/Sul,Apartamento,39,1,1,1,2008,18,2024,10043.73,391705.47
SP-006284,SP,São Paulo,Ipiranga,Zona Sul,Apartamento,38,1,1,1,2019,7,2024,9249.7,351488.6
SP-006285,SP,São Paulo,Perdizes,Zona Oeste,Apartamento,71,2,1,1,1980,46,2020,8722.68,619310.28
SP-006286,SP,São Paulo,Santana,Zona Norte,Apartamento,45,1,1,0,2025,1,2017,7489.11,337009.95
SP-006287,SP,São Paulo,Campo Belo,Zona Sul,Apartamento,55,2,1,1,2012,14,2026,12731.45,700229.75
SP-006288,SP,São Paulo,Bela Vista,Centro/Sul,Apartamento,41,1,1,0,2002,24,2022,9107.77,373418.57
SP-006289,SP,São Paulo,Campo Belo,Zona Sul,Apartamento,46,2,1,0,2025,1,2024,14772.27,679524.42
SP-006290,SP,São Paulo,Ipiranga,Zona Sul,Apartamento,110,4,2,2,2014,12,2016,6661.48,732762.8
SP-006291,SP,São Paulo,Itaim Bibi,Zona Sul/Oeste,Apartamento,32,1,1,1,1986,40,2016,11589.33,370858.56
SP-006292,SP,São Paulo,Lapa,Zona Oeste,Casa,201,5,4,5,1990,36,2016,6517.07,1309931.07
SP-006293,SP,São Paulo,Perdizes,Zona Oeste,Apartamento,56,2,2,1,2015,11,2014,8315.23,465652.88
SP-006294,SP,São Paulo,Morumbi,Zona Sul,Apartamento,32,1,1,1,1981,45,2022,7243.1,231779.2
SP-006295,SP,São Paulo,Campo Belo,Zona Sul,Apartamento,70,2,2,2,2024,2,2014,11515.06,806054.2
SP-006296,SP,São Paulo,Itaim Bibi,Zona Sul/Oeste,Casa,211,4,4,2,2012,14,2024,15608.35,3293361.85
SP-006297,SP,São Paulo,Vila Madalena,Zona Oeste,Apartamento,215,3,4,2,2011,15,2018,10598.33,2278640.95
SP-006298,SP,São Paulo,Bela Vista,Centro/Sul,Casa,80,2,1,1,2006,20,2019,7064.35,565148.0
SP-006299,SP,São Paulo,Aclimação,Centro/Sul,Casa,94,3,3,2,2004,22,2026,11140.2,1047178.8
SP-006300,SP,São Paulo,Moema,Zona Sul,Cobertura,131,3,3,3,2010,16,2025,22708.66,2974834.46
SP-006301,SP,São Paulo,Ipiranga,Zona Sul,Apartamento,129,3,3,3,2023,3,2025,11859.47,1529871.63
SP-006302,SP,São Paulo,Bela Vista,Centro/Sul,Apartamento,35,1,1,0,2025,1,2020,10278.64,359752.4
SP-006303,SP,São Paulo,Aclimação,Centro/Sul,Casa,287,4,4,5,2015,11,2013,7687.37,2206275.19
SP-006304,SP,São Paulo,Ipiranga,Zona Sul,Apartamento,32,1,1,1,2021,5,2022,9171.25,293480.0
SP-006305,SP,São Paulo,Campo Belo,Zona Sul,Apartamento,58,3,2,2,2022,4,2016,10287.75,596689.5
SP-006306,SP,São Paulo,Santana,Zona Norte,Apartamento,57,3,2,2,2014,12,2025,9108.89,519206.73
SP-006307,SP,São Paulo,Jardim Paulista,Zona Oeste,Apartamento,82,2,2,2,2023,3,2013,14154.25,1160648.5
SP-006308,SP,São Paulo,Brooklin,Zona Sul,Casa,168,3,3,5,2021,5,2018,11827.67,1987048.56
SP-006309,SP,São Paulo,Lapa,Zona Oeste,Casa,84,3,2,1,2018,8,2015,6766.52,568387.68
SP-006310,SP,São Paulo,Tatuapé,Zona Leste,Apartamento,56,2,2,2,2016,10,2014,7898.61,442322.16
SP-006311,SP,São Paulo,Aclimação,Centro/Sul,Apartamento,84,2,1,2,2021,5,2018,8490.7,713218.8
SP-006312,SP,São Paulo,Itaim Bibi,Zona Sul/Oeste,Casa,232,4,4,4,2019,7,2018,15263.25,3541074.0
SP-006313,SP,São Paulo,Ipiranga,Zona Sul,Apartamento,68,3,2,2,1978,48,2020,6261.06,425752.08
SP-006314,SP,São Paulo,Perdizes,Zona Oeste,Apartamento,117,4,3,3,2005,21,2025,13531.64,1583201.88
SP-006315,SP,São Paulo,Saúde,Zona Sul,Apartamento,68,2,1,1,2023,3,2018,8491.79,577441.72
SP-006316,SP,São Paulo,Santana,Zona Norte,Apartamento,39,1,1,0,2021,5,2015,6869.0,267891.0
SP-006317,SP,São Paulo,Vila Madalena,Zona Oeste,Apartamento,34,2,1,0,1992,34,2013,8057.11,273941.74
SP-006318,SP,São Paulo,Lapa,Zona Oeste,Apartamento,122,3,3,2,1998,28,2023,8497.92,1036746.24
SP-006319,SP,São Paulo,Perdizes,Zona Oeste,Apartamento,33,1,1,0,2014,12,2022,10499.89,346496.37
SP-006320,SP,São Paulo,Saúde,Zona Sul,Casa,190,3,4,2,2019,7,2025,9293.61,1765785.9
SP-006321,SP,São Paulo,Lapa,Zona Oeste,Casa,91,3,3,2,2019,7,2020,8565.96,779502.36
SP-006322,SP,São Paulo,Vila Mariana,Zona Sul,Apartamento,68,2,1,1,2006,20,2017,9378.35,637727.8
SP-006323,SP,São Paulo,Ipiranga,Zona Sul,Apartamento,63,3,1,1,2004,22,2014,5685.22,358168.86
SP-006324,SP,São Paulo,Jardim Paulista,Zona Oeste,Apartamento,100,3,3,1,2017,9,2026,17902.58,1790258.0
SP-006325,SP,São Paulo,Tatuapé,Zona Leste,Apartamento,51,2,1,1,2022,4,2023,10287.0,524637.0
SP-006326,SP,São Paulo,Vila Madalena,Zona Oeste,Casa,309,3,4,3,2006,20,2016,10544.85,3258358.65
SP-006327,SP,São Paulo,Vila Mariana,Zona Sul,Casa,117,3,3,2,2011,15,2020,9642.92,1128221.64
SP-006328,SP,São Paulo,Lapa,Zona Oeste,Apartamento,98,3,3,2,2017,9,2019,9744.74,954984.52
SP-006329,SP,São Paulo,Lapa,Zona Oeste,Apartamento,32,1,1,1,2010,16,2018,7060.35,225931.2
SP-006330,SP,São Paulo,Vila Mariana,Zona Sul,Apartamento,68,2,1,2,2000,26,2023,9873.08,671369.44
SP-006331,SP,São Paulo,Campo Belo,Zona Sul,Apartamento,78,2,2,1,2019,7,2022,12491.73,974354.94
SP-006332,SP,São Paulo,Aclimação,Centro/Sul,Apartamento,41,1,1,0,1988,38,2016,6456.05,264698.05
SP-006333,SP,São Paulo,Santana,Zona Norte,Apartamento,36,1,1,0,1998,28,2022,6938.1,249771.6
SP-006334,SP,São Paulo,Santana,Zona Norte,Apartamento,36,1,1,0,2016,10,2017,6907.11,248655.96
SP-006335,SP,São Paulo,Brooklin,Zona Sul,Apartamento,58,3,2,1,2011,15,2017,10190.19,591031.02
SP-006336,SP,São Paulo,Jardim Paulista,Zona Oeste,Apartamento,59,2,2,2,1995,31,2020,12252.3,722885.7
SP-006337,SP,São Paulo,Santana,Zona Norte,Apartamento,61,3,1,2,1993,33,2015,5392.84,328963.24
SP-006338,SP,São Paulo,Campo Belo,Zona Sul,Apartamento,50,2,2,2,1998,28,2022,11394.15,569707.5
SP-006339,SP,São Paulo,Bela Vista,Centro/Sul,Apartamento,38,2,1,0,1980,46,2024,7197.54,273506.52
SP-006340,SP,São Paulo,Bela Vista,Centro/Sul,Apartamento,93,3,3,2,2020,6,2023,10727.76,997681.68
SP-006341,SP,São Paulo,Pinheiros,Zona Oeste,Apartamento,61,3,2,1,2009,17,2025,14076.76,858682.36
SP-006342,SP,São Paulo,Pinheiros,Zona Oeste,Apartamento,53,2,2,1,2017,9,2020,14298.98,757845.94
SP-006343,SP,São Paulo,Saúde,Zona Sul,Apartamento,52,2,1,1,2018,8,2016,7093.65,368869.8
SP-006344,SP,São Paulo,Jardim Paulista,Zona Oeste,Casa,93,3,2,2,1980,46,2016,9363.42,870798.06
SP-006345,SP,São Paulo,Brooklin,Zona Sul,Casa,197,5,4,5,2009,17,2026,15729.18,3098648.46
SP-006346,SP,São Paulo,Santana,Zona Norte,Casa,141,3,4,5,2007,19,2017,7158.58,1009359.78
SP-006347,SP,São Paulo,Aclimação,Centro/Sul,Apartamento,42,1,1,1,1985,41,2024,8593.49,360926.58
SP-006348,SP,São Paulo,Aclimação,Centro/Sul,Apartamento,40,1,1,0,2012,14,2023,8647.94,345917.6
SP-006349,SP,São Paulo,Jardim Paulista,Zona Oeste,Casa,190,4,4,3,2013,13,2016,11448.63,2175239.7
SP-006350,SP,São Paulo,Ipiranga,Zona Sul,Apartamento,56,3,2,1,1999,27,2013,5487.82,307317.92
SP-006351,SP,São Paulo,Ipiranga,Zona Sul,Casa,82,2,2,1,2021,5,2026,8709.16,714151.12
SP-006352,SP,São Paulo,Lapa,Zona Oeste,Apartamento,116,2,3,2,1977,49,2023,7091.59,822624.44
SP-006353,SP,São Paulo,Pinheiros,Zona Oeste,Apartamento,95,3,2,1,2023,3,2020,13753.03,1306537.85
SP-006354,SP,São Paulo,Lapa,Zona Oeste,Apartamento,50,2,1,2,2018,8,2025,12380.67,619033.5
SP-006355,SP,São Paulo,Morumbi,Zona Sul,Apartamento,42,1,1,1,1986,40,2013,5317.84,223349.28
SP-006356,SP,São Paulo,Tatuapé,Zona Leste,Casa,170,4,4,3,1980,46,2014,5856.31,995572.7
SP-006357,SP,São Paulo,Itaim Bibi,Zona Sul/Oeste,Apartamento,42,1,1,0,2021,5,2024,15925.3,668862.6
SP-006358,SP,São Paulo,Mooca,Zona Leste,Apartamento,96,3,2,3,1992,34,2023,8688.66,834111.36
SP-006359,SP,São Paulo,Morumbi,Zona Sul,Apartamento,90,3,3,2,1989,37,2021,7915.2,712368.0
SP-006360,SP,São Paulo,Jardim Paulista,Zona Oeste,Apartamento,43,2,1,1,2009,17,2014,10008.56,430368.08
SP-006361,SP,São Paulo,Vila Mariana,Zona Sul,Apartamento,169,5,3,3,1988,38,2022,10636.9,1797636.1
SP-006362,SP,São Paulo,Vila Madalena,Zona Oeste,Apartamento,60,3,1,1,2002,24,2018,10881.01,652860.6
SP-006363,SP,São Paulo,Lapa,Zona Oeste,Apartamento,48,1,1,0,1981,45,2016,5202.63,249726.24
SP-006364,SP,São Paulo,Tatuapé,Zona Leste,Apartamento,48,1,1,0,2019,7,2026,10283.55,493610.4
SP-006365,SP,São Paulo,Mooca,Zona Leste,Casa,103,2,3,2,1988,38,2016,5287.68,544631.04
SP-006366,SP,São Paulo,Saúde,Zona Sul,Casa,96,3,2,2,2020,6,2024,9722.39,933349.44
SP-006367,SP,São Paulo,Perdizes,Zona Oeste,Apartamento,63,2,2,1,1998,28,2018,9030.84,568942.92
SP-006368,SP,São Paulo,Itaim Bibi,Zona Sul/Oeste,Apartamento,129,3,3,3,2003,23,2026,18626.22,2402782.38
SP-006369,SP,São Paulo,Vila Madalena,Zona Oeste,Apartamento,90,3,3,2,2014,12,2013,9432.15,848893.5
SP-006370,SP,São Paulo,Santana,Zona Norte,Apartamento,117,3,2,2,2025,1,2023,9759.02,1141805.34
SP-006371,SP,São Paulo,Tatuapé,Zona Leste,Apartamento,69,2,2,1,2005,21,2022,8596.79,593178.51
SP-006372,SP,São Paulo,Moema,Zona Sul,Casa,116,3,2,1,1998,28,2020,11787.18,1367312.88
SP-006373,SP,São Paulo,Mooca,Zona Leste,Apartamento,39,2,1,0,2023,3,2016,7638.49,297901.11
SP-006374,SP,São Paulo,Campo Belo,Zona Sul,Apartamento,84,2,2,1,1996,30,2024,11575.16,972313.44
SP-006375,SP,São Paulo,Saúde,Zona Sul,Casa,120,3,3,2,1999,27,2024,7443.51,893221.2
SP-006376,SP,São Paulo,Lapa,Zona Oeste,Apartamento,98,3,2,3,2021,5,2021,10683.36,1046969.28
SP-006377,SP,São Paulo,Campo Belo,Zona Sul,Apartamento,119,3,3,1,2014,12,2026,12490.23,1486337.37
SP-006378,SP,São Paulo,Ipiranga,Zona Sul,Casa,100,3,3,2,2017,9,2014,6555.32,655532.0
SP-006379,SP,São Paulo,Brooklin,Zona Sul,Apartamento,35,1,1,1,2003,23,2023,11914.58,417010.3
SP-006380,SP,São Paulo,Pinheiros,Zona Oeste,Apartamento,100,3,3,2,2017,9,2016,12647.03,1264703.0
SP-006381,SP,São Paulo,Tatuapé,Zona Leste,Casa,145,4,4,3,2019,7,2015,7565.73,1097030.85
SP-006382,SP,São Paulo,Morumbi,Zona Sul,Casa,87,2,3,3,2014,12,2020,7347.78,639256.86
SP-006383,SP,São Paulo,Mooca,Zona Leste,Casa,191,3,4,2,2011,15,2016,6651.65,1270465.15
SP-006384,SP,São Paulo,Pinheiros,Zona Oeste,Apartamento,33,2,1,0,2015,11,2019,11246.24,371125.92
SP-006385,SP,São Paulo,Campo Belo,Zona Sul,Apartamento,47,1,1,0,2007,19,2018,9376.56,440698.32
SP-006386,SP,São Paulo,Itaim Bibi,Zona Sul/Oeste,Casa,126,3,2,3,2016,10,2014,13370.54,1684688.04
SP-006387,SP,São Paulo,Aclimação,Centro/Sul,Apartamento,55,2,1,1,2022,4,2026,12596.18,692789.9
SP-006388,SP,São Paulo,Vila Madalena,Zona Oeste,Apartamento,148,5,4,2,1990,36,2019,11591.27,1715507.96
SP-006389,SP,São Paulo,Morumbi,Zona Sul,Apartamento,54,2,2,1,2017,9,2020,8387.28,452913.12
SP-006390,SP,São Paulo,Itaim Bibi,Zona Sul/Oeste,Apartamento,74,3,1,1,2009,17,2015,12220.66,904328.84
SP-006391,SP,São Paulo,Mooca,Zona Leste,Apartamento,77,2,1,1,2025,1,2017,8081.43,622270.11
SP-006392,SP,São Paulo,Pinheiros,Zona Oeste,Apartamento,101,3,2,1,2005,21,2024,15443.08,1559751.08
SP-006393,SP,São Paulo,Morumbi,Zona Sul,Casa,136,3,2,2,2014,12,2020,7677.23,1044103.28
SP-006394,SP,São Paulo,Campo Belo,Zona Sul,Casa,218,3,3,3,1994,32,2024,11029.9,2404518.2
SP-006395,SP,São Paulo,Itaim Bibi,Zona Sul/Oeste,Apartamento,93,3,3,3,1982,44,2018,12213.44,1135849.92
SP-006396,SP,São Paulo,Bela Vista,Centro/Sul,Apartamento,131,3,3,1,1981,45,2019,7118.7,932549.7
SP-006397,SP,São Paulo,Moema,Zona Sul,Apartamento,38,1,1,0,2017,9,2022,15122.57,574657.66
SP-006398,SP,São Paulo,Lapa,Zona Oeste,Apartamento,37,1,1,1,2021,5,2014,7560.17,279726.29
SP-006399,SP,São Paulo,Brooklin,Zona Sul,Apartamento,48,1,1,0,2002,24,2022,9890.33,474735.84
SP-006400,SP,São Paulo,Jardim Paulista,Zona Oeste,Casa,86,3,2,2,2016,10,2019,13134.3,1129549.8
SP-006401,SP,São Paulo,Itaim Bibi,Zona Sul/Oeste,Apartamento,37,1,1,0,1995,31,2024,14507.08,536761.96
SP-006402,SP,São Paulo,Vila Mariana,Zona Sul,Casa,105,2,2,2,1978,48,2026,10520.8,1104684.0
SP-006403,SP,São Paulo,Pinheiros,Zona Oeste,Apartamento,97,4,3,3,1997,29,2019,12257.42,1188969.74
SP-006404,SP,São Paulo,Lapa,Zona Oeste,Apartamento,99,2,3,2,2020,6,2024,10990.72,1088081.28
SP-006405,SP,São Paulo,Ipiranga,Zona Sul,Apartamento,158,5,4,3,2007,19,2026,9705.07,1533401.06
SP-006406,SP,São Paulo,Bela Vista,Centro/Sul,Apartamento,117,3,3,2,2002,24,2024,9003.37,1053394.29
SP-006407,SP,São Paulo,Aclimação,Centro/Sul,Apartamento,85,3,3,2,2002,24,2017,8484.99,721224.15
SP-006408,SP,São Paulo,Lapa,Zona Oeste,Apartamento,114,4,3,2,2011,15,2025,9131.47,1040987.58
SP-006409,SP,São Paulo,Ipiranga,Zona Sul,Casa,170,3,4,3,1995,31,2013,5454.02,927183.4
SP-006410,SP,São Paulo,Mooca,Zona Leste,Apartamento,52,3,1,1,2004,22,2021,7543.73,392273.96
SP-006411,SP,São Paulo,Brooklin,Zona Sul,Apartamento,79,2,2,2,2016,10,2015,10928.53,863353.87
SP-006412,SP,São Paulo,Morumbi,Zona Sul,Apartamento,141,4,3,3,2013,13,2017,7288.6,1027692.6
SP-006413,SP,São Paulo,Perdizes,Zona Oeste,Apartamento,91,4,3,2,2022,4,2013,9396.32,855065.12
SP-006414,SP,São Paulo,Saúde,Zona Sul,Apartamento,216,5,3,4,2015,11,2016,7444.92,1608102.72
SP-006415,SP,São Paulo,Lapa,Zona Oeste,Apartamento,138,4,2,2,2023,3,2024,11352.32,1566620.16
SP-006416,SP,São Paulo,Mooca,Zona Leste,Apartamento,101,3,3,3,2009,17,2023,9811.26,990937.26
SP-006417,SP,São Paulo,Itaim Bibi,Zona Sul/Oeste,Apartamento,100,3,2,3,2025,1,2017,15073.12,1507312.0
SP-006418,SP,São Paulo,Campo Belo,Zona Sul,Apartamento,49,2,1,1,2004,22,2019,10993.02,538657.98
SP-006419,SP,São Paulo,Perdizes,Zona Oeste,Apartamento,126,2,2,2,2021,5,2014,9530.55,1200849.3
SP-006420,SP,São Paulo,Vila Mariana,Zona Sul,Apartamento,90,3,3,2,2015,11,2018,10480.27,943224.3
SP-006421,SP,São Paulo,Perdizes,Zona Oeste,Casa,124,3,3,1,2004,22,2019,9061.31,1123602.44
SP-006422,SP,São Paulo,Moema,Zona Sul,Apartamento,59,3,2,1,1982,44,2018,10785.73,636358.07
SP-006423,SP,São Paulo,Vila Mariana,Zona Sul,Casa,170,4,5,5,1995,31,2015,8982.44,1527014.8
SP-006424,SP,São Paulo,Saúde,Zona Sul,Apartamento,35,1,1,0,2011,15,2024,8116.56,284079.6
SP-006425,SP,São Paulo,Mooca,Zona Leste,Casa,82,3,2,1,2025,1,2019,8020.73,657699.86
SP-006426,SP,São Paulo,Morumbi,Zona Sul,Apartamento,47,1,1,0,2008,18,2024,7820.82,367578.54
SP-006427,SP,São Paulo,Morumbi,Zona Sul,Apartamento,64,2,2,1,1989,37,2019,7190.49,460191.36
SP-006428,SP,São Paulo,Vila Madalena,Zona Oeste,Apartamento,47,1,1,0,2019,7,2026,14493.02,681171.94
SP-006429,SP,São Paulo,Bela Vista,Centro/Sul,Apartamento,34,1,1,0,2009,17,2013,5818.16,197817.44
SP-006430,SP,São Paulo,Ipiranga,Zona Sul,Apartamento,34,2,1,0,2002,24,2024,8163.96,277574.64
SP-006431,SP,São Paulo,Pinheiros,Zona Oeste,Casa,91,3,2,3,2023,3,2013,11764.46,1070565.86
SP-006432,SP,São Paulo,Tatuapé,Zona Leste,Casa,106,2,3,1,1996,30,2014,6049.73,641271.38
SP-006433,SP,São Paulo,Lapa,Zona Oeste,Apartamento,42,1,1,1,2016,10,2013,7199.24,302368.08
SP-006434,SP,São Paulo,Ipiranga,Zona Sul,Apartamento,58,2,1,1,2024,2,2026,10607.12,615212.96
SP-006435,SP,São Paulo,Jardim Paulista,Zona Oeste,Casa,121,4,3,1,1993,33,2025,14072.07,1702720.47
SP-006436,SP,São Paulo,Mooca,Zona Leste,Apartamento,129,3,3,2,2017,9,2025,10604.08,1367926.32
SP-006437,SP,São Paulo,Ipiranga,Zona Sul,Apartamento,74,2,2,1,1986,40,2021,6586.43,487395.82
SP-006438,SP,São Paulo,Mooca,Zona Leste,Casa,84,3,1,1,1994,32,2021,7139.02,599677.68
SP-006439,SP,São Paulo,Aclimação,Centro/Sul,Apartamento,84,3,2,2,2004,22,2023,11456.24,962324.16
SP-006440,SP,São Paulo,Bela Vista,Centro/Sul,Apartamento,58,2,1,2,2009,17,2025,10624.14,616200.12
SP-006441,SP,São Paulo,Morumbi,Zona Sul,Apartamento,76,3,2,1,2024,2,2018,8900.26,676419.76
SP-006442,SP,São Paulo,Santana,Zona Norte,Apartamento,120,3,3,2,2017,9,2018,7810.26,937231.2
SP-006443,SP,São Paulo,Saúde,Zona Sul,Apartamento,44,1,1,0,2001,25,2026,8805.34,387434.96
SP-006444,SP,São Paulo,Mooca,Zona Leste,Apartamento,51,2,2,1,2009,17,2020,8436.86,430279.86
SP-006445,SP,São Paulo,Itaim Bibi,Zona Sul/Oeste,Casa,182,4,4,2,2012,14,2025,14311.69,2604727.58
SP-006446,SP,São Paulo,Aclimação,Centro/Sul,Casa,108,4,2,2,2023,3,2025,11262.3,1216328.4
SP-006447,SP,São Paulo,Morumbi,Zona Sul,Apartamento,34,1,1,0,1991,35,2024,7164.91,243606.94
SP-006448,SP,São Paulo,Vila Mariana,Zona Sul,Apartamento,80,3,2,1,2019,7,2026,12569.09,1005527.2
SP-006449,SP,São Paulo,Moema,Zona Sul,Casa,136,4,3,3,1998,28,2014,9033.67,1228579.12
SP-006450,SP,São Paulo,Ipiranga,Zona Sul,Apartamento,37,1,1,0,2009,17,2020,6787.1,251122.7
SP-006451,SP,São Paulo,Pinheiros,Zona Oeste,Apartamento,69,2,1,2,1989,37,2026,15691.26,1082696.94
SP-006452,SP,São Paulo,Aclimação,Centro/Sul,Cobertura,120,3,3,2,2019,7,2024,17184.57,2062148.4
SP-006453,SP,São Paulo,Jardim Paulista,Zona Oeste,Apartamento,111,2,3,1,2000,26,2019,12645.39,1403638.29
SP-006454,SP,São Paulo,Brooklin,Zona Sul,Apartamento,75,3,1,1,1979,47,2025,11048.52,828639.0
SP-006455,SP,São Paulo,Morumbi,Zona Sul,Apartamento,66,3,2,1,1994,32,2014,5571.02,367687.32
SP-006456,SP,São Paulo,Brooklin,Zona Sul,Apartamento,44,1,1,0,1992,34,2014,8366.79,368138.76
SP-006457,SP,São Paulo,Aclimação,Centro/Sul,Apartamento,118,3,3,2,1985,41,2013,6181.62,729431.16
SP-006458,SP,São Paulo,Brooklin,Zona Sul,Apartamento,139,3,3,2,2021,5,2023,14880.94,2068450.66
SP-006459,SP,São Paulo,Bela Vista,Centro/Sul,Apartamento,58,3,2,1,2021,5,2023,8631.15,500606.7
SP-006460,SP,São Paulo,Tatuapé,Zona Leste,Apartamento,32,1,1,0,2017,9,2016,8041.92,257341.44
SP-006461,SP,São Paulo,Tatuapé,Zona Leste,Apartamento,111,3,3,2,2025,1,2021,11124.59,1234829.49
SP-006462,SP,São Paulo,Vila Mariana,Zona Sul,Apartamento,45,1,1,1,1976,50,2014,6836.53,307643.85
SP-006463,SP,São Paulo,Campo Belo,Zona Sul,Apartamento,52,3,2,2,2010,16,2023,12936.83,672715.16
SP-006464,SP,São Paulo,Moema,Zona Sul,Apartamento,110,3,3,2,2005,21,2026,17026.28,1872890.8
SP-006465,SP,São Paulo,Brooklin,Zona Sul,Casa,160,4,3,3,2015,11,2017,10949.39,1751902.4
SP-006466,SP,São Paulo,Mooca,Zona Leste,Apartamento,57,3,2,2,2007,19,2016,7021.51,400226.07
SP-006467,SP,São Paulo,Itaim Bibi,Zona Sul/Oeste,Cobertura,140,5,3,3,2000,26,2024,21609.01,3025261.4
SP-006468,SP,São Paulo,Itaim Bibi,Zona Sul/Oeste,Casa,128,3,2,2,2025,1,2021,16765.85,2146028.8
SP-006469,SP,São Paulo,Santana,Zona Norte,Apartamento,44,1,1,0,2013,13,2016,6156.03,270865.32
SP-006470,SP,São Paulo,Mooca,Zona Leste,Casa,193,5,4,3,2004,22,2016,7258.95,1400977.35
SP-006471,SP,São Paulo,Lapa,Zona Oeste,Apartamento,36,1,1,1,2008,18,2022,8947.4,322106.4
SP-006472,SP,São Paulo,Lapa,Zona Oeste,Apartamento,77,3,2,1,2016,10,2020,8939.13,688313.01
SP-006473,SP,São Paulo,Ipiranga,Zona Sul,Casa,343,3,3,3,1980,46,2022,6508.79,2232514.97
SP-006474,SP,São Paulo,Lapa,Zona Oeste,Apartamento,37,2,1,0,2022,4,2019,8150.96,301585.52
SP-006475,SP,São Paulo,Ipiranga,Zona Sul,Apartamento,36,1,1,1,2007,19,2020,7433.56,267608.16
SP-006476,SP,São Paulo,Aclimação,Centro/Sul,Apartamento,55,3,2,2,1993,33,2025,9347.9,514134.5
SP-006477,SP,São Paulo,Brooklin,Zona Sul,Apartamento,58,3,2,1,1977,49,2022,10327.46,598992.68
SP-006478,SP,São Paulo,Tatuapé,Zona Leste,Apartamento,102,2,2,2,1992,34,2024,8090.51,825232.02
SP-006479,SP,São Paulo,Aclimação,Centro/Sul,Apartamento,61,3,2,1,2015,11,2025,10384.23,633438.03
SP-006480,SP,São Paulo,Ipiranga,Zona Sul,Apartamento,105,4,3,2,2008,18,2020,8699.07,913402.35
SP-006481,SP,São Paulo,Saúde,Zona Sul,Apartamento,109,3,2,2,2025,1,2017,9263.36,1009706.24
SP-006482,SP,São Paulo,Ipiranga,Zona Sul,Apartamento,104,4,3,2,2020,6,2016,7317.0,760968.0
SP-006483,SP,São Paulo,Saúde,Zona Sul,Apartamento,84,3,1,2,2014,12,2021,8111.4,681357.6
SP-006484,SP,São Paulo,Moema,Zona Sul,Cobertura,197,3,4,3,2002,24,2020,18508.71,3646215.87
SP-006485,SP,São Paulo,Vila Madalena,Zona Oeste,Apartamento,36,2,1,0,1995,31,2018,8500.51,306018.36
SP-006486,SP,São Paulo,Tatuapé,Zona Leste,Casa,115,3,2,2,2019,7,2019,8750.33,1006287.95
SP-006487,SP,São Paulo,Moema,Zona Sul,Apartamento,185,4,3,3,1992,34,2021,13240.36,2449466.6
SP-006488,SP,São Paulo,Brooklin,Zona Sul,Apartamento,65,3,2,1,2025,1,2025,16674.37,1083834.05
SP-006489,SP,São Paulo,Itaim Bibi,Zona Sul/Oeste,Apartamento,72,3,1,2,2020,6,2022,18270.25,1315458.0
SP-006490,SP,São Paulo,Itaim Bibi,Zona Sul/Oeste,Cobertura,127,3,3,2,2005,21,2024,25855.17,3283606.59
SP-006491,SP,São Paulo,Saúde,Zona Sul,Apartamento,48,1,1,0,1998,28,2023,6933.34,332800.32
SP-006492,SP,São Paulo,Morumbi,Zona Sul,Apartamento,42,1,1,0,2006,20,2022,7153.44,300444.48
SP-006493,SP,São Paulo,Perdizes,Zona Oeste,Apartamento,69,2,2,1,2014,12,2017,9277.74,640164.06
SP-006494,SP,São Paulo,Brooklin,Zona Sul,Apartamento,56,2,1,2,1976,50,2022,9898.15,554296.4
SP-006495,SP,São Paulo,Itaim Bibi,Zona Sul/Oeste,Apartamento,33,1,1,0,1992,34,2018,10652.59,351535.47
SP-006496,SP,São Paulo,Santana,Zona Norte,Cobertura,151,3,3,3,1999,27,2019,10006.37,1510961.87
SP-006497,SP,São Paulo,Vila Madalena,Zona Oeste,Apartamento,86,4,3,1,2002,24,2020,11792.97,1014195.42
SP-006498,SP,São Paulo,Brooklin,Zona Sul,Apartamento,65,2,1,2,1983,43,2017,9194.27,597627.55
SP-006499,SP,São Paulo,Tatuapé,Zona Leste,Apartamento,61,3,2,2,1989,37,2021,8590.63,524028.43
SP-006500,SP,São Paulo,Saúde,Zona Sul,Casa,135,3,3,2,2020,6,2020,8617.3,1163335.5
SP-006501,SP,São Paulo,Moema,Zona Sul,Casa,306,3,3,2,2012,14,2022,14617.75,4473031.5
SP-006502,SP,São Paulo,Morumbi,Zona Sul,Apartamento,34,2,1,0,1994,32,2024,7081.09,240757.06
SP-006503,SP,São Paulo,Saúde,Zona Sul,Apartamento,66,3,2,1,2019,7,2021,8440.47,557071.02
SP-006504,SP,São Paulo,Mooca,Zona Leste,Apartamento,59,2,1,2,1995,31,2021,7787.22,459445.98
SP-006505,SP,São Paulo,Aclimação,Centro/Sul,Apartamento,120,4,3,1,1990,36,2016,6848.87,821864.4
SP-006506,SP,São Paulo,Morumbi,Zona Sul,Apartamento,83,3,2,1,1994,32,2024,7674.58,636990.14
SP-006507,SP,São Paulo,Santana,Zona Norte,Apartamento,50,2,2,1,2005,21,2021,8514.19,425709.5
SP-006508,SP,São Paulo,Brooklin,Zona Sul,Apartamento,45,1,1,0,1977,49,2023,10088.98,454004.1
SP-006509,SP,São Paulo,Lapa,Zona Oeste,Apartamento,63,2,1,2,1991,35,2024,8443.42,531935.46
SP-006510,SP,São Paulo,Moema,Zona Sul,Apartamento,36,2,1,1,1999,27,2015,10426.48,375353.28
SP-006511,SP,São Paulo,Brooklin,Zona Sul,Apartamento,53,2,2,1,2011,15,2018,9829.32,520953.96
SP-006512,SP,São Paulo,Campo Belo,Zona Sul,Apartamento,44,2,1,1,1985,41,2014,6538.03,287673.32
SP-006513,SP,São Paulo,Lapa,Zona Oeste,Apartamento,39,2,1,1,1982,44,2017,5233.97,204124.83
SP-006514,SP,São Paulo,Saúde,Zona Sul,Apartamento,159,4,4,3,2021,5,2024,9986.91,1587918.69
SP-006515,SP,São Paulo,Saúde,Zona Sul,Apartamento,54,3,2,1,1995,31,2015,6066.03,327565.62
SP-006516,SP,São Paulo,Jardim Paulista,Zona Oeste,Apartamento,123,3,3,1,2005,21,2024,14330.59,1762662.57
SP-006517,SP,São Paulo,Vila Mariana,Zona Sul,Apartamento,39,1,1,0,1997,29,2025,11073.67,431873.13
SP-006518,SP,São Paulo,Morumbi,Zona Sul,Apartamento,39,1,1,0,1985,41,2014,5484.73,213904.47
SP-006519,SP,São Paulo,Vila Madalena,Zona Oeste,Apartamento,113,3,3,3,2013,13,2025,15280.82,1726732.66
SP-006520,SP,São Paulo,Perdizes,Zona Oeste,Apartamento,109,3,2,2,2008,18,2013,7733.56,842958.04
SP-006521,SP,São Paulo,Vila Madalena,Zona Oeste,Apartamento,41,2,1,0,2025,1,2023,16282.74,667592.34
SP-006522,SP,São Paulo,Lapa,Zona Oeste,Apartamento,50,3,1,1,1995,31,2021,8405.69,420284.5
SP-006523,SP,São Paulo,Moema,Zona Sul,Apartamento,132,4,3,3,2012,14,2026,17702.23,2336694.36
SP-006524,SP,São Paulo,Ipiranga,Zona Sul,Apartamento,104,2,2,3,2000,26,2013,5621.29,584614.16
SP-006525,SP,São Paulo,Itaim Bibi,Zona Sul/Oeste,Apartamento,222,4,4,3,2017,9,2016,14207.28,3154016.16
SP-006526,SP,São Paulo,Moema,Zona Sul,Apartamento,43,1,1,1,2010,16,2020,11857.58,509875.94
SP-006527,SP,São Paulo,Morumbi,Zona Sul,Apartamento,114,3,3,1,2011,15,2024,8010.25,913168.5
SP-006528,SP,São Paulo,Itaim Bibi,Zona Sul/Oeste,Apartamento,40,1,1,0,2004,22,2020,14865.32,594612.8
SP-006529,SP,São Paulo,Lapa,Zona Oeste,Cobertura,144,3,3,3,1999,27,2019,11049.06,1591064.64
SP-006530,SP,São Paulo,Tatuapé,Zona Leste,Apartamento,207,5,4,3,2006,20,2020,10110.7,2092914.9
SP-006531,SP,São Paulo,Brooklin,Zona Sul,Cobertura,132,3,2,2,2008,18,2016,15516.7,2048204.4
SP-006532,SP,São Paulo,Campo Belo,Zona Sul,Apartamento,165,4,4,3,2015,11,2014,9272.8,1530012.0
SP-006533,SP,São Paulo,Morumbi,Zona Sul,Casa,89,3,3,2,2022,4,2020,8067.58,718014.62
SP-006534,SP,São Paulo,Bela Vista,Centro/Sul,Apartamento,74,3,2,1,2006,20,2023,8768.52,648870.48
SP-006535,SP,São Paulo,Perdizes,Zona Oeste,Cobertura,489,5,4,2,1988,38,2015,11891.34,5814865.26
SP-006536,SP,São Paulo,Bela Vista,Centro/Sul,Casa,217,4,4,2,1987,39,2017,6439.08,1397280.36
SP-006537,SP,São Paulo,Jardim Paulista,Zona Oeste,Apartamento,37,1,1,0,2008,18,2018,13061.17,483263.29
SP-006538,SP,São Paulo,Ipiranga,Zona Sul,Apartamento,68,2,2,1,2018,8,2015,6838.11,464991.48
SP-006539,SP,São Paulo,Brooklin,Zona Sul,Apartamento,105,3,3,2,2000,26,2016,9043.11,949526.55
SP-006540,SP,São Paulo,Mooca,Zona Leste,Apartamento,48,1,1,0,2008,18,2024,9149.86,439193.28
SP-006541,SP,São Paulo,Brooklin,Zona Sul,Apartamento,58,2,2,1,1983,43,2026,11020.46,639186.68
SP-006542,SP,São Paulo,Mooca,Zona Leste,Apartamento,52,2,2,1,2015,11,2016,6989.94,363476.88
SP-006543,SP,São Paulo,Bela Vista,Centro/Sul,Apartamento,65,2,1,2,2001,25,2021,8496.31,552260.15
SP-006544,SP,São Paulo,Brooklin,Zona Sul,Apartamento,72,3,2,1,2009,17,2017,10445.68,752088.96
SP-006545,SP,São Paulo,Lapa,Zona Oeste,Apartamento,130,3,3,3,2000,26,2026,9431.8,1226134.0
SP-006546,SP,São Paulo,Vila Mariana,Zona Sul,Apartamento,137,3,3,2,2014,12,2019,10846.9,1486025.3
SP-006547,SP,São Paulo,Tatuapé,Zona Leste,Apartamento,128,3,3,2,2022,4,2019,9003.81,1152487.68
SP-006548,SP,São Paulo,Mooca,Zona Leste,Casa,86,3,3,3,1988,38,2018,7293.44,627235.84
SP-006549,SP,São Paulo,Lapa,Zona Oeste,Casa,346,3,3,4,2000,26,2023,8663.37,2997526.02
SP-006550,SP,São Paulo,Mooca,Zona Leste,Apartamento,84,2,1,1,2007,19,2021,8622.73,724309.32
SP-006551,SP,São Paulo,Vila Mariana,Zona Sul,Apartamento,100,2,2,3,1995,31,2025,13271.9,1327190.0
SP-006552,SP,São Paulo,Lapa,Zona Oeste,Apartamento,64,3,1,1,2025,1,2018,8485.44,543068.16
SP-006553,SP,São Paulo,Morumbi,Zona Sul,Casa,131,3,2,2,2024,2,2021,9479.5,1241814.5
SP-006554,SP,São Paulo,Brooklin,Zona Sul,Apartamento,34,1,1,0,2014,12,2024,11565.97,393242.98
SP-006555,SP,São Paulo,Morumbi,Zona Sul,Apartamento,52,2,1,2,2019,7,2014,5757.72,299401.44
SP-006556,SP,São Paulo,Bela Vista,Centro/Sul,Apartamento,83,2,1,2,2002,24,2018,7323.22,607827.26
SP-006557,SP,São Paulo,Moema,Zona Sul,Apartamento,65,3,2,1,2023,3,2025,17810.16,1157660.4
SP-006558,SP,São Paulo,Bela Vista,Centro/Sul,Apartamento,38,1,1,1,2009,17,2023,10164.45,386249.1
SP-006559,SP,São Paulo,Campo Belo,Zona Sul,Apartamento,45,2,1,0,2010,16,2025,12430.53,559373.85
SP-006560,SP,São Paulo,Santana,Zona Norte,Apartamento,49,1,1,0,2009,17,2022,7194.89,352549.61
SP-006561,SP,São Paulo,Moema,Zona Sul,Casa,271,5,4,3,2025,1,2013,12244.01,3318126.71
SP-006562,SP,São Paulo,Lapa,Zona Oeste,Apartamento,41,1,1,1,2016,10,2016,7845.24,321654.84
SP-006563,SP,São Paulo,Brooklin,Zona Sul,Apartamento,213,4,4,4,2007,19,2022,11919.75,2538906.75
SP-006564,SP,São Paulo,Moema,Zona Sul,Casa,109,3,2,2,2000,26,2022,13633.79,1486083.11
SP-006565,SP,São Paulo,Campo Belo,Zona Sul,Apartamento,80,3,2,1,2021,5,2015,11130.84,890467.2
SP-006566,SP,São Paulo,Jardim Paulista,Zona Oeste,Apartamento,36,1,1,1,1988,38,2015,10692.77,384939.72
SP-006567,SP,São Paulo,Campo Belo,Zona Sul,Apartamento,52,2,1,1,1995,31,2026,12282.14,638671.28
SP-006568,SP,São Paulo,Brooklin,Zona Sul,Casa,81,2,1,1,2011,15,2017,8745.6,708393.6
SP-006569,SP,São Paulo,Moema,Zona Sul,Casa,88,4,3,2,2001,25,2025,14418.39,1268818.32
SP-006570,SP,São Paulo,Campo Belo,Zona Sul,Apartamento,45,2,1,1,2024,2,2021,13449.99,605249.55
SP-006571,SP,São Paulo,Jardim Paulista,Zona Oeste,Casa,85,3,3,2,2001,25,2014,10208.37,867711.45
SP-006572,SP,São Paulo,Bela Vista,Centro/Sul,Apartamento,118,3,3,2,2023,3,2020,10820.35,1276801.3
SP-006573,SP,São Paulo,Pinheiros,Zona Oeste,Apartamento,45,1,1,0,1985,41,2025,11502.9,517630.5
SP-006574,SP,São Paulo,Ipiranga,Zona Sul,Apartamento,41,1,1,0,2025,1,2025,10198.31,418130.71
SP-006575,SP,São Paulo,Aclimação,Centro/Sul,Apartamento,54,2,2,1,2001,25,2019,7462.5,402975.0
SP-006576,SP,São Paulo,Ipiranga,Zona Sul,Casa,100,3,3,2,2014,12,2013,5791.61,579161.0
SP-006577,SP,São Paulo,Brooklin,Zona Sul,Casa,196,4,3,2,2019,7,2013,8580.08,1681695.68
SP-006578,SP,São Paulo,Aclimação,Centro/Sul,Apartamento,32,1,1,1,2022,4,2018,8911.25,285160.0
SP-006579,SP,São Paulo,Bela Vista,Centro/Sul,Apartamento,89,3,3,2,2024,2,2020,10326.28,919038.92
SP-006580,SP,São Paulo,Saúde,Zona Sul,Apartamento,65,2,1,1,1979,47,2016,6485.98,421588.7
SP-006581,SP,São Paulo,Ipiranga,Zona Sul,Apartamento,190,4,3,3,2018,8,2025,9201.74,1748330.6
SP-006582,SP,São Paulo,Bela Vista,Centro/Sul,Apartamento,44,1,1,0,1993,33,2016,6033.98,265495.12
SP-006583,SP,São Paulo,Saúde,Zona Sul,Apartamento,123,2,3,2,1980,46,2014,6222.32,765345.36
SP-006584,SP,São Paulo,Campo Belo,Zona Sul,Cobertura,127,4,3,2,2015,11,2024,18851.48,2394137.96
SP-006585,SP,São Paulo,Pinheiros,Zona Oeste,Apartamento,130,3,2,2,2025,1,2024,17887.89,2325425.7
SP-006586,SP,São Paulo,Itaim Bibi,Zona Sul/Oeste,Apartamento,107,3,3,2,1998,28,2016,13485.14,1442909.98
SP-006587,SP,São Paulo,Mooca,Zona Leste,Cobertura,264,4,4,4,1989,37,2014,9469.09,2499839.76
SP-006588,SP,São Paulo,Campo Belo,Zona Sul,Apartamento,166,3,4,3,2017,9,2022,13878.73,2303869.18
SP-006589,SP,São Paulo,Santana,Zona Norte,Apartamento,95,3,2,2,2011,15,2022,7887.53,749315.35
SP-006590,SP,São Paulo,Brooklin,Zona Sul,Apartamento,98,3,3,1,2020,6,2021,13308.08,1304191.84
SP-006591,SP,São Paulo,Santana,Zona Norte,Casa,114,2,3,2,1997,29,2023,7175.12,817963.68
SP-006592,SP,São Paulo,Morumbi,Zona Sul,Casa,82,3,2,2,2023,3,2014,7238.17,593529.94
SP-006593,SP,São Paulo,Mooca,Zona Leste,Apartamento,152,4,4,2,2001,25,2023,8450.59,1284489.68
SP-006594,SP,São Paulo,Pinheiros,Zona Oeste,Apartamento,108,3,3,2,2000,26,2025,13789.85,1489303.8
SP-006595,SP,São Paulo,Morumbi,Zona Sul,Apartamento,66,3,2,1,2014,12,2021,8392.73,553920.18
SP-006596,SP,São Paulo,Pinheiros,Zona Oeste,Apartamento,116,3,3,2,1994,32,2026,15228.73,1766532.68
SP-006597,SP,São Paulo,Saúde,Zona Sul,Apartamento,50,2,2,1,1979,47,2022,6063.21,303160.5
SP-006598,SP,São Paulo,Tatuapé,Zona Leste,Apartamento,56,2,1,2,2008,18,2025,11329.4,634446.4
SP-006599,SP,São Paulo,Morumbi,Zona Sul,Casa,103,3,3,2,2019,7,2023,8614.58,887301.74
SP-006600,SP,São Paulo,Bela Vista,Centro/Sul,Apartamento,248,4,4,3,2012,14,2017,8568.5,2124988.0
SP-006601,SP,São Paulo,Brooklin,Zona Sul,Casa,256,3,3,4,2021,5,2022,14113.29,3613002.24
SP-006602,SP,São Paulo,Vila Madalena,Zona Oeste,Apartamento,38,1,1,0,2020,6,2018,12124.8,460742.4
SP-006603,SP,São Paulo,Morumbi,Zona Sul,Apartamento,111,3,2,2,1994,32,2015,6567.8,729025.8
SP-006604,SP,São Paulo,Vila Mariana,Zona Sul,Apartamento,115,2,2,2,2018,8,2026,14814.21,1703634.15
SP-006605,SP,São Paulo,Perdizes,Zona Oeste,Apartamento,36,2,1,0,2000,26,2016,8363.27,301077.72
SP-006606,SP,São Paulo,Vila Mariana,Zona Sul,Apartamento,80,2,2,1,2019,7,2019,10689.53,855162.4
SP-006607,SP,São Paulo,Saúde,Zona Sul,Apartamento,32,1,1,0,2005,21,2019,7155.65,228980.8
SP-006608,SP,São Paulo,Saúde,Zona Sul,Cobertura,322,4,3,4,2013,13,2025,16577.0,5337794.0
SP-006609,SP,São Paulo,Pinheiros,Zona Oeste,Casa,101,3,3,3,2019,7,2015,12174.72,1229646.72
SP-006610,SP,São Paulo,Itaim Bibi,Zona Sul/Oeste,Apartamento,66,2,2,1,1993,33,2026,16660.28,1099578.48
SP-006611,SP,São Paulo,Brooklin,Zona Sul,Apartamento,66,2,2,1,2007,19,2026,12519.24,826269.84
SP-006612,SP,São Paulo,Tatuapé,Zona Leste,Apartamento,36,2,1,1,2012,14,2018,8556.72,308041.92
SP-006613,SP,São Paulo,Aclimação,Centro/Sul,Apartamento,182,3,3,3,2020,6,2023,10783.89,1962667.98
SP-006614,SP,São Paulo,Pinheiros,Zona Oeste,Casa,94,3,3,2,2020,6,2014,10150.42,954139.48
SP-006615,SP,São Paulo,Vila Mariana,Zona Sul,Apartamento,86,2,3,2,2003,23,2014,9171.38,788738.68
SP-006616,SP,São Paulo,Tatuapé,Zona Leste,Apartamento,43,1,1,0,2019,7,2018,8072.81,347130.83
SP-006617,SP,São Paulo,Vila Madalena,Zona Oeste,Casa,94,3,2,3,2000,26,2021,12198.2,1146630.8
SP-006618,SP,São Paulo,Campo Belo,Zona Sul,Casa,142,4,5,3,2003,23,2023,13037.0,1851254.0
SP-006619,SP,São Paulo,Mooca,Zona Leste,Apartamento,184,3,4,3,2021,5,2021,9910.46,1823524.64
SP-006620,SP,São Paulo,Saúde,Zona Sul,Apartamento,32,2,1,0,2002,24,2013,5647.08,180706.56
SP-006621,SP,São Paulo,Pinheiros,Zona Oeste,Apartamento,34,1,1,0,2019,7,2015,11421.19,388320.46
SP-006622,SP,São Paulo,Bela Vista,Centro/Sul,Apartamento,41,1,1,0,2011,15,2022,7969.33,326742.53
SP-006623,SP,São Paulo,Morumbi,Zona Sul,Apartamento,91,4,3,2,1999,27,2020,7620.3,693447.3
SP-006624,SP,São Paulo,Lapa,Zona Oeste,Cobertura,226,3,4,3,2025,1,2025,16463.91,3720843.66
SP-006625,SP,São Paulo,Perdizes,Zona Oeste,Apartamento,49,1,1,1,2018,8,2021,10703.02,524447.98
SP-006626,SP,São Paulo,Santana,Zona Norte,Apartamento,46,1,1,0,2015,11,2018,6072.28,279324.88
SP-006627,SP,São Paulo,Santana,Zona Norte,Apartamento,116,2,2,2,1999,27,2023,7668.21,889512.36
SP-006628,SP,São Paulo,Tatuapé,Zona Leste,Apartamento,41,1,1,0,2010,16,2016,6150.19,252157.79
SP-006629,SP,São Paulo,Perdizes,Zona Oeste,Apartamento,46,1,1,0,2021,5,2019,9767.72,449315.12
SP-006630,SP,São Paulo,Lapa,Zona Oeste,Casa,85,3,2,2,2005,21,2016,6478.16,550643.6
SP-006631,SP,São Paulo,Itaim Bibi,Zona Sul/Oeste,Apartamento,106,3,2,2,2025,1,2026,21369.57,2265174.42
SP-006632,SP,São Paulo,Jardim Paulista,Zona Oeste,Casa,95,3,2,3,2011,15,2019,13189.1,1252964.5
SP-006633,SP,São Paulo,Santana,Zona Norte,Apartamento,80,3,2,1,2001,25,2019,7051.21,564096.8
SP-006634,SP,São Paulo,Morumbi,Zona Sul,Casa,125,3,2,1,1990,36,2022,7199.49,899936.25
SP-006635,SP,São Paulo,Bela Vista,Centro/Sul,Apartamento,50,3,1,2,2005,21,2013,6576.06,328803.0
SP-006636,SP,São Paulo,Jardim Paulista,Zona Oeste,Apartamento,72,2,1,1,1986,40,2014,10414.81,749866.32
SP-006637,SP,São Paulo,Brooklin,Zona Sul,Apartamento,95,3,2,2,1983,43,2013,8181.89,777279.55
SP-006638,SP,São Paulo,Moema,Zona Sul,Apartamento,380,4,4,3,1989,37,2015,10459.63,3974659.4
SP-006639,SP,São Paulo,Vila Mariana,Zona Sul,Cobertura,168,4,4,3,1979,47,2015,11727.3,1970186.4
SP-006640,SP,São Paulo,Aclimação,Centro/Sul,Apartamento,253,4,4,4,2016,10,2017,10750.96,2719992.88
SP-006641,SP,São Paulo,Morumbi,Zona Sul,Apartamento,39,1,1,0,2022,4,2026,9121.01,355719.39
SP-006642,SP,São Paulo,Campo Belo,Zona Sul,Casa,108,3,2,2,2002,24,2019,9979.77,1077815.16
SP-006643,SP,São Paulo,Moema,Zona Sul,Apartamento,44,2,1,1,2024,2,2020,14481.27,637175.88
SP-006644,SP,São Paulo,Mooca,Zona Leste,Apartamento,77,3,1,2,2014,12,2013,6638.32,511150.64
SP-006645,SP,São Paulo,Morumbi,Zona Sul,Apartamento,63,2,2,2,1993,33,2017,6423.64,404689.32
SP-006646,SP,São Paulo,Vila Madalena,Zona Oeste,Apartamento,60,2,1,1,2020,6,2016,10606.29,636377.4
SP-006647,SP,São Paulo,Morumbi,Zona Sul,Apartamento,46,2,1,0,1980,46,2019,6210.53,285684.38
SP-006648,SP,São Paulo,Lapa,Zona Oeste,Apartamento,91,3,3,1,1979,47,2018,6129.61,557794.51
SP-006649,SP,São Paulo,Aclimação,Centro/Sul,Casa,116,4,2,2,2017,9,2015,7177.68,832610.88
SP-006650,SP,São Paulo,Campo Belo,Zona Sul,Apartamento,80,2,1,1,2006,20,2017,10456.0,836480.0
SP-006651,SP,São Paulo,Vila Madalena,Zona Oeste,Apartamento,46,1,1,1,1990,36,2016,9509.57,437440.22
SP-006652,SP,São Paulo,Santana,Zona Norte,Apartamento,146,3,3,3,1985,41,2022,7018.15,1024649.9
SP-006653,SP,São Paulo,Vila Mariana,Zona Sul,Apartamento,35,1,1,1,2022,4,2023,13050.64,456772.4
SP-006654,SP,São Paulo,Lapa,Zona Oeste,Apartamento,80,2,2,1,2020,6,2015,7216.55,577324.0
SP-006655,SP,São Paulo,Lapa,Zona Oeste,Apartamento,45,1,1,0,2004,22,2024,8616.41,387738.45
SP-006656,SP,São Paulo,Tatuapé,Zona Leste,Apartamento,76,2,2,1,2022,4,2024,11780.95,895352.2
SP-006657,SP,São Paulo,Morumbi,Zona Sul,Apartamento,38,2,1,0,2018,8,2022,7774.17,295418.46
SP-006658,SP,São Paulo,Lapa,Zona Oeste,Apartamento,63,2,2,1,2019,7,2023,9262.49,583536.87
SP-006659,SP,São Paulo,Mooca,Zona Leste,Apartamento,80,2,2,1,2025,1,2018,8350.24,668019.2
SP-006660,SP,São Paulo,Santana,Zona Norte,Casa,96,3,3,2,2008,18,2023,8539.83,819823.68
SP-006661,SP,São Paulo,Morumbi,Zona Sul,Casa,94,3,3,2,2006,20,2016,6697.79,629592.26
SP-006662,SP,São Paulo,Moema,Zona Sul,Apartamento,131,3,2,1,1985,41,2021,12634.92,1655174.52
SP-006663,SP,São Paulo,Saúde,Zona Sul,Apartamento,53,2,1,2,2020,6,2015,8344.93,442281.29
SP-006664,SP,São Paulo,Jardim Paulista,Zona Oeste,Apartamento,70,2,2,2,2014,12,2026,17233.7,1206359.0
SP-006665,SP,São Paulo,Jardim Paulista,Zona Oeste,Apartamento,32,1,1,0,2013,13,2018,11301.43,361645.76
SP-006666,SP,São Paulo,Lapa,Zona Oeste,Casa,86,3,3,3,2009,17,2025,9182.11,789661.46
SP-006667,SP,São Paulo,Santana,Zona Norte,Casa,93,3,3,2,2012,14,2015,4746.26,441402.18
SP-006668,SP,São Paulo,Brooklin,Zona Sul,Apartamento,70,2,1,1,2014,12,2019,10132.66,709286.2
SP-006669,SP,São Paulo,Mooca,Zona Leste,Apartamento,94,3,3,2,2017,9,2018,9205.06,865275.64
SP-006670,SP,São Paulo,Pinheiros,Zona Oeste,Apartamento,70,2,2,2,2007,19,2013,9890.69,692348.3
SP-006671,SP,São Paulo,Jardim Paulista,Zona Oeste,Casa,207,4,4,3,2025,1,2025,17891.98,3703639.86
SP-006672,SP,São Paulo,Pinheiros,Zona Oeste,Apartamento,48,2,1,1,2019,7,2024,13454.19,645801.12
SP-006673,SP,São Paulo,Brooklin,Zona Sul,Apartamento,60,2,2,1,2013,13,2021,11397.13,683827.8
SP-006674,SP,São Paulo,Morumbi,Zona Sul,Apartamento,135,3,2,2,2002,24,2013,6163.57,832081.95
SP-006675,SP,São Paulo,Mooca,Zona Leste,Apartamento,70,3,2,2,1991,35,2021,8670.72,606950.4
SP-006676,SP,São Paulo,Vila Madalena,Zona Oeste,Apartamento,32,1,1,1,2025,1,2017,13088.9,418844.8
SP-006677,SP,São Paulo,Mooca,Zona Leste,Apartamento,113,2,3,2,1994,32,2013,5996.08,677557.04
SP-006678,SP,São Paulo,Morumbi,Zona Sul,Apartamento,36,1,1,1,2005,21,2026,9717.98,349847.28
SP-006679,SP,São Paulo,Brooklin,Zona Sul,Apartamento,87,3,3,2,1980,46,2025,12690.74,1104094.38
SP-006680,SP,São Paulo,Morumbi,Zona Sul,Casa,162,4,4,2,1998,28,2023,7069.38,1145239.56
SP-006681,SP,São Paulo,Pinheiros,Zona Oeste,Apartamento,33,1,1,1,2015,11,2018,11430.9,377219.7
SP-006682,SP,São Paulo,Morumbi,Zona Sul,Apartamento,146,4,5,4,2003,23,2016,8163.75,1191907.5
SP-006683,SP,São Paulo,Brooklin,Zona Sul,Casa,106,4,3,2,1987,39,2019,10720.92,1136417.52
SP-006684,SP,São Paulo,Bela Vista,Centro/Sul,Apartamento,90,3,3,2,1998,28,2026,9826.59,884393.1
SP-006685,SP,São Paulo,Brooklin,Zona Sul,Apartamento,43,2,1,0,2003,23,2024,11812.64,507943.52
SP-006686,SP,São Paulo,Morumbi,Zona Sul,Casa,253,3,4,3,1990,36,2018,6523.43,1650427.79
SP-006687,SP,São Paulo,Morumbi,Zona Sul,Apartamento,75,2,2,2,2019,7,2018,7296.55,547241.25
SP-006688,SP,São Paulo,Itaim Bibi,Zona Sul/Oeste,Apartamento,73,2,2,1,2010,16,2026,16260.25,1186998.25
SP-006689,SP,São Paulo,Moema,Zona Sul,Apartamento,129,3,3,1,2001,25,2017,12617.79,1627694.91
SP-006690,SP,São Paulo,Itaim Bibi,Zona Sul/Oeste,Apartamento,47,1,1,1,1998,28,2016,12301.69,578179.43
SP-006691,SP,São Paulo,Ipiranga,Zona Sul,Casa,136,3,3,1,1992,34,2021,6310.62,858244.32
SP-006692,SP,São Paulo,Tatuapé,Zona Leste,Casa,160,3,3,3,2020,6,2013,7193.17,1150907.2
SP-006693,SP,São Paulo,Saúde,Zona Sul,Apartamento,50,2,2,1,1988,38,2019,6588.28,329414.0
SP-006694,SP,São Paulo,Mooca,Zona Leste,Casa,86,2,3,2,2000,26,2026,7785.41,669545.26
SP-006695,SP,São Paulo,Tatuapé,Zona Leste,Apartamento,71,2,1,2,2009,17,2013,7007.12,497505.52
SP-006696,SP,São Paulo,Itaim Bibi,Zona Sul/Oeste,Apartamento,70,3,1,1,1980,46,2017,10474.79,733235.3
SP-006697,SP,São Paulo,Ipiranga,Zona Sul,Apartamento,162,4,3,4,2012,14,2025,9412.44,1524815.28
SP-006698,SP,São Paulo,Itaim Bibi,Zona Sul/Oeste,Apartamento,43,1,1,0,2025,1,2019,15935.71,685235.53
SP-006699,SP,São Paulo,Morumbi,Zona Sul,Casa,152,5,3,3,1977,49,2016,6138.76,933091.52
SP-006700,SP,São Paulo,Pinheiros,Zona Oeste,Casa,94,3,2,2,2015,11,2024,13729.4,1290563.6
SP-006701,SP,São Paulo,Jardim Paulista,Zona Oeste,Apartamento,47,2,1,0,2003,23,2025,15708.77,738312.19
SP-006702,SP,São Paulo,Perdizes,Zona Oeste,Casa,128,3,2,1,1981,45,2018,7277.42,931509.76
SP-006703,SP,São Paulo,Saúde,Zona Sul,Apartamento,110,4,2,2,1983,43,2016,5860.15,644616.5
SP-006704,SP,São Paulo,Pinheiros,Zona Oeste,Apartamento,40,1,1,1,2019,7,2021,14575.92,583036.8
SP-006705,SP,São Paulo,Vila Mariana,Zona Sul,Casa,133,3,3,2,2022,4,2013,9388.9,1248723.7
SP-006706,SP,São Paulo,Mooca,Zona Leste,Apartamento,34,1,1,1,2005,21,2015,6646.57,225983.38
SP-006707,SP,São Paulo,Mooca,Zona Leste,Casa,320,4,5,4,1999,27,2023,8475.88,2712281.6
SP-006708,SP,São Paulo,Mooca,Zona Leste,Apartamento,43,1,1,0,2011,15,2019,7269.18,312574.74
SP-006709,SP,São Paulo,Pinheiros,Zona Oeste,Casa,130,2,2,2,2019,7,2014,11309.56,1470242.8
SP-006710,SP,São Paulo,Jardim Paulista,Zona Oeste,Casa,152,4,5,2,1991,35,2024,13964.91,2122666.32
SP-006711,SP,São Paulo,Itaim Bibi,Zona Sul/Oeste,Casa,229,4,4,4,1980,46,2025,13632.74,3121897.46
SP-006712,SP,São Paulo,Lapa,Zona Oeste,Apartamento,46,1,1,0,2009,17,2019,7652.51,352015.46
SP-006713,SP,São Paulo,Perdizes,Zona Oeste,Apartamento,63,2,2,1,2018,8,2024,12735.0,802305.0
SP-006714,SP,São Paulo,Campo Belo,Zona Sul,Casa,149,3,4,4,2018,8,2021,12794.6,1906395.4
SP-006715,SP,São Paulo,Tatuapé,Zona Leste,Apartamento,105,3,3,2,2020,6,2013,7565.46,794373.3
SP-006716,SP,São Paulo,Vila Madalena,Zona Oeste,Apartamento,43,1,1,0,1978,48,2019,8505.67,365743.81
SP-006717,SP,São Paulo,Vila Mariana,Zona Sul,Apartamento,58,2,2,1,2022,4,2026,13368.71,775385.18
SP-006718,SP,São Paulo,Pinheiros,Zona Oeste,Casa,86,2,3,2,2003,23,2022,12892.8,1108780.8
SP-006719,SP,São Paulo,Ipiranga,Zona Sul,Apartamento,42,1,1,1,2019,7,2022,9004.1,378172.2
SP-006720,SP,São Paulo,Aclimação,Centro/Sul,Casa,252,5,4,3,2013,13,2025,10886.68,2743443.36
SP-006721,SP,São Paulo,Bela Vista,Centro/Sul,Apartamento,105,3,3,2,2005,21,2016,7692.23,807684.15
SP-006722,SP,São Paulo,Itaim Bibi,Zona Sul/Oeste,Apartamento,44,1,1,1,2009,17,2017,11413.08,502175.52
SP-006723,SP,São Paulo,Moema,Zona Sul,Apartamento,128,3,3,2,2000,26,2025,14149.73,1811165.44
SP-006724,SP,São Paulo,Vila Madalena,Zona Oeste,Apartamento,51,2,2,2,2002,24,2024,13742.39,700861.89
SP-006725,SP,São Paulo,Perdizes,Zona Oeste,Apartamento,59,2,2,2,2007,19,2016,9966.8,588041.2
SP-006726,SP,São Paulo,Ipiranga,Zona Sul,Casa,93,4,2,2,2019,7,2014,6389.1,594186.3
SP-006727,SP,São Paulo,Brooklin,Zona Sul,Casa,126,4,2,2,2009,17,2018,9657.53,1216848.78
SP-006728,SP,São Paulo,Bela Vista,Centro/Sul,Cobertura,392,5,3,3,1998,28,2015,11175.12,4380647.04
SP-006729,SP,São Paulo,Saúde,Zona Sul,Apartamento,93,3,3,1,2021,5,2016,7673.45,713630.85
SP-006730,SP,São Paulo,Lapa,Zona Oeste,Casa,106,3,3,3,2006,20,2018,7858.39,832989.34
SP-006731,SP,São Paulo,Perdizes,Zona Oeste,Apartamento,32,2,1,1,2015,11,2016,9760.76,312344.32
SP-006732,SP,São Paulo,Vila Mariana,Zona Sul,Apartamento,198,4,5,3,1989,37,2022,11450.18,2267135.64
SP-006733,SP,São Paulo,Perdizes,Zona Oeste,Apartamento,129,3,3,2,2022,4,2018,11801.16,1522349.64
SP-006734,SP,São Paulo,Vila Mariana,Zona Sul,Apartamento,37,1,1,0,1988,38,2021,8671.42,320842.54
SP-006735,SP,São Paulo,Lapa,Zona Oeste,Casa,100,4,2,1,2015,11,2015,6113.08,611308.0
SP-006736,SP,São Paulo,Bela Vista,Centro/Sul,Apartamento,44,1,1,1,1999,27,2013,5699.89,250795.16
SP-006737,SP,São Paulo,Moema,Zona Sul,Apartamento,38,1,1,1,2025,1,2016,14236.31,540979.78
SP-006738,SP,São Paulo,Brooklin,Zona Sul,Apartamento,90,3,3,1,1992,34,2017,8878.23,799040.7
SP-006739,SP,São Paulo,Lapa,Zona Oeste,Apartamento,65,2,1,2,2008,18,2021,8181.27,531782.55
SP-006740,SP,São Paulo,Lapa,Zona Oeste,Apartamento,34,2,1,1,2018,8,2013,6311.97,214606.98
SP-006741,SP,São Paulo,Saúde,Zona Sul,Casa,87,3,2,2,1990,36,2013,5409.84,470656.08
SP-006742,SP,São Paulo,Mooca,Zona Leste,Apartamento,89,3,3,2,1975,51,2013,4951.24,440660.36
SP-006743,SP,São Paulo,Brooklin,Zona Sul,Casa,105,3,3,2,2007,19,2016,9717.67,1020355.35
SP-006744,SP,São Paulo,Pinheiros,Zona Oeste,Casa,91,3,3,1,2019,7,2016,10500.56,955550.96
SP-006745,SP,São Paulo,Jardim Paulista,Zona Oeste,Apartamento,150,4,5,2,2024,2,2020,20071.73,3010759.5
SP-006746,SP,São Paulo,Morumbi,Zona Sul,Casa,189,5,3,3,2016,10,2020,8208.8,1551463.2
SP-006747,SP,São Paulo,Vila Madalena,Zona Oeste,Apartamento,43,1,1,0,2007,19,2022,12593.11,541503.73
SP-006748,SP,São Paulo,Aclimação,Centro/Sul,Cobertura,406,4,3,5,2018,8,2014,13038.3,5293549.8
SP-006749,SP,São Paulo,Morumbi,Zona Sul,Apartamento,43,1,1,0,2025,1,2020,8891.25,382323.75
SP-006750,SP,São Paulo,Aclimação,Centro/Sul,Apartamento,49,1,1,0,2020,6,2022,9968.1,488436.9
SP-006751,SP,São Paulo,Saúde,Zona Sul,Apartamento,46,1,1,1,1995,31,2013,5809.86,267253.56
SP-006752,SP,São Paulo,Vila Mariana,Zona Sul,Apartamento,49,2,1,1,1991,35,2020,10459.13,512497.37
SP-006753,SP,São Paulo,Mooca,Zona Leste,Casa,82,2,2,1,2005,21,2026,9315.79,763894.78
SP-006754,SP,São Paulo,Brooklin,Zona Sul,Casa,127,3,3,2,2009,17,2025,13041.32,1656247.64
SP-006755,SP,São Paulo,Jardim Paulista,Zona Oeste,Apartamento,121,3,2,2,2016,10,2022,17053.09,2063423.89
SP-006756,SP,São Paulo,Aclimação,Centro/Sul,Apartamento,48,1,1,1,2000,26,2020,7570.6,363388.8
SP-006757,SP,São Paulo,Brooklin,Zona Sul,Casa,143,4,4,3,1982,44,2013,7587.53,1085016.79
SP-006758,SP,São Paulo,Aclimação,Centro/Sul,Apartamento,32,2,1,1,2011,15,2013,7137.54,228401.28
SP-006759,SP,São Paulo,Morumbi,Zona Sul,Apartamento,120,4,3,3,2006,20,2024,10343.15,1241178.0
SP-006760,SP,São Paulo,Campo Belo,Zona Sul,Apartamento,35,1,1,0,2017,9,2025,13086.86,458040.1
SP-006761,SP,São Paulo,Morumbi,Zona Sul,Apartamento,77,2,1,2,2002,24,2025,9660.77,743879.29
SP-006762,SP,São Paulo,Morumbi,Zona Sul,Apartamento,76,2,2,1,2022,4,2024,8480.61,644526.36
SP-006763,SP,São Paulo,Tatuapé,Zona Leste,Apartamento,41,1,1,1,2016,10,2019,8911.87,365386.67
SP-006764,SP,São Paulo,Pinheiros,Zona Oeste,Apartamento,116,3,3,1,2021,5,2013,10797.53,1252513.48
SP-006765,SP,São Paulo,Santana,Zona Norte,Cobertura,178,3,5,4,2022,4,2015,11051.57,1967179.46
SP-006766,SP,São Paulo,Pinheiros,Zona Oeste,Apartamento,45,2,1,0,2014,12,2017,11000.48,495021.6
SP-006767,SP,São Paulo,Vila Mariana,Zona Sul,Apartamento,129,3,3,2,2022,4,2021,11301.49,1457892.21
SP-006768,SP,São Paulo,Bela Vista,Centro/Sul,Cobertura,121,2,3,2,2007,19,2025,14388.11,1740961.31
SP-006769,SP,São Paulo,Brooklin,Zona Sul,Casa,103,3,2,2,2016,10,2013,9236.49,951358.47
SP-006770,SP,São Paulo,Mooca,Zona Leste,Casa,81,3,2,2,2001,25,2019,7004.27,567345.87
SP-006771,SP,São Paulo,Mooca,Zona Leste,Apartamento,43,2,1,0,1992,34,2014,5528.34,237718.62
SP-006772,SP,São Paulo,Campo Belo,Zona Sul,Apartamento,154,5,5,3,1994,32,2026,13506.08,2079936.32
SP-006773,SP,São Paulo,Itaim Bibi,Zona Sul/Oeste,Apartamento,135,2,2,2,2002,24,2013,11042.85,1490784.75
SP-006774,SP,São Paulo,Jardim Paulista,Zona Oeste,Apartamento,91,3,3,2,2011,15,2019,12625.12,1148885.92
SP-006775,SP,São Paulo,Bela Vista,Centro/Sul,Apartamento,116,3,3,2,2017,9,2018,8363.51,970167.16
SP-006776,SP,São Paulo,Ipiranga,Zona Sul,Apartamento,45,2,1,0,2014,12,2014,5399.02,242955.9
SP-006777,SP,São Paulo,Itaim Bibi,Zona Sul/Oeste,Apartamento,82,2,1,1,2004,22,2017,12949.18,1061832.76
SP-006778,SP,São Paulo,Jardim Paulista,Zona Oeste,Apartamento,103,3,2,3,2003,23,2020,14914.88,1536232.64
SP-006779,SP,São Paulo,Lapa,Zona Oeste,Apartamento,46,2,1,1,1982,44,2022,7057.86,324661.56
SP-006780,SP,São Paulo,Pinheiros,Zona Oeste,Apartamento,121,3,2,2,2017,9,2018,14947.16,1808606.36
SP-006781,SP,São Paulo,Morumbi,Zona Sul,Apartamento,169,4,4,2,2002,24,2014,6985.24,1180505.56
SP-006782,SP,São Paulo,Aclimação,Centro/Sul,Apartamento,106,2,2,1,2002,24,2015,7426.69,787229.14
SP-006783,SP,São Paulo,Vila Madalena,Zona Oeste,Apartamento,188,5,5,2,2014,12,2026,13595.7,2555991.6
SP-006784,SP,São Paulo,Vila Madalena,Zona Oeste,Apartamento,137,3,3,2,2015,11,2021,13813.38,1892433.06
SP-006785,SP,São Paulo,Moema,Zona Sul,Apartamento,33,1,1,0,2020,6,2025,16166.9,533507.7
SP-006786,SP,São Paulo,Saúde,Zona Sul,Apartamento,108,3,2,2,2007,19,2021,7538.47,814154.76
SP-006787,SP,São Paulo,Pinheiros,Zona Oeste,Apartamento,40,2,1,1,2014,12,2019,13372.31,534892.4
SP-006788,SP,São Paulo,Mooca,Zona Leste,Apartamento,119,4,3,2,1990,36,2017,7102.23,845165.37
SP-006789,SP,São Paulo,Moema,Zona Sul,Casa,128,2,2,2,1995,31,2013,9800.65,1254483.2
SP-006790,SP,São Paulo,Aclimação,Centro/Sul,Cobertura,277,5,3,3,2012,14,2018,13594.15,3765579.55
SP-006791,SP,São Paulo,Pinheiros,Zona Oeste,Apartamento,49,1,1,0,2023,3,2021,16110.51,789414.99
SP-006792,SP,São Paulo,Saúde,Zona Sul,Apartamento,91,3,2,2,1992,34,2023,8460.99,769950.09
SP-006793,SP,São Paulo,Santana,Zona Norte,Apartamento,53,2,2,1,2012,14,2025,8794.39,466102.67
SP-006794,SP,São Paulo,Jardim Paulista,Zona Oeste,Casa,104,4,3,2,2024,2,2018,13812.86,1436537.44
SP-006795,SP,São Paulo,Tatuapé,Zona Leste,Apartamento,32,1,1,0,1983,43,2025,7796.11,249475.52
SP-006796,SP,São Paulo,Perdizes,Zona Oeste,Apartamento,45,1,1,0,2014,12,2018,8639.28,388767.6
SP-006797,SP,São Paulo,Mooca,Zona Leste,Apartamento,53,3,2,1,2003,23,2014,6105.66,323599.98
SP-006798,SP,São Paulo,Mooca,Zona Leste,Casa,95,3,3,2,2023,3,2016,8068.67,766523.65
SP-006799,SP,São Paulo,Santana,Zona Norte,Casa,232,5,5,3,2008,18,2013,5774.68,1339725.76
SP-006800,SP,São Paulo,Ipiranga,Zona Sul,Cobertura,224,5,3,2,2017,9,2024,13168.87,2949826.88
SP-006801,SP,São Paulo,Lapa,Zona Oeste,Casa,168,4,4,3,1995,31,2017,7262.41,1220084.88
SP-006802,SP,São Paulo,Campo Belo,Zona Sul,Apartamento,60,3,1,1,1977,49,2022,9584.73,575083.8
SP-006803,SP,São Paulo,Morumbi,Zona Sul,Apartamento,42,2,1,0,1992,34,2024,7252.22,304593.24
SP-006804,SP,São Paulo,Santana,Zona Norte,Apartamento,65,2,1,1,2020,6,2026,10174.89,661367.85
SP-006805,SP,São Paulo,Mooca,Zona Leste,Apartamento,131,3,3,1,1988,38,2022,8249.43,1080675.33
SP-006806,SP,São Paulo,Brooklin,Zona Sul,Apartamento,44,2,1,0,2006,20,2023,12089.02,531916.88
SP-006807,SP,São Paulo,Tatuapé,Zona Leste,Casa,182,4,3,4,2017,9,2025,11405.8,2075855.6
SP-006808,SP,São Paulo,Lapa,Zona Oeste,Apartamento,232,4,4,2,2010,16,2022,8441.92,1958525.44
SP-006809,SP,São Paulo,Moema,Zona Sul,Casa,82,2,1,1,2022,4,2016,11759.39,964269.98
SP-006810,SP,São Paulo,Perdizes,Zona Oeste,Apartamento,45,1,1,0,2001,25,2022,11129.41,500823.45
SP-006811,SP,São Paulo,Aclimação,Centro/Sul,Cobertura,382,4,4,3,1987,39,2015,11190.91,4274927.62
SP-006812,SP,São Paulo,Tatuapé,Zona Leste,Apartamento,177,4,4,4,2007,19,2014,6816.14,1206456.78
SP-006813,SP,São Paulo,Mooca,Zona Leste,Apartamento,195,5,4,3,1990,36,2023,9275.0,1808625.0
SP-006814,SP,São Paulo,Pinheiros,Zona Oeste,Casa,206,4,4,4,2019,7,2018,15205.57,3132347.42
SP-006815,SP,São Paulo,Ipiranga,Zona Sul,Casa,188,3,3,3,1990,36,2013,4976.12,935510.56
SP-006816,SP,São Paulo,Mooca,Zona Leste,Apartamento,34,1,1,0,1979,47,2015,5346.52,181781.68
SP-006817,SP,São Paulo,Vila Madalena,Zona Oeste,Apartamento,43,1,1,0,2021,5,2020,12293.83,528634.69
SP-006818,SP,São Paulo,Lapa,Zona Oeste,Apartamento,44,1,1,1,1992,34,2026,8885.35,390955.4
SP-006819,SP,São Paulo,Mooca,Zona Leste,Apartamento,109,3,2,1,2022,4,2024,10760.42,1172885.78
SP-006820,SP,São Paulo,Bela Vista,Centro/Sul,Apartamento,33,1,1,1,2009,17,2021,9132.64,301377.12
SP-006821,SP,São Paulo,Perdizes,Zona Oeste,Cobertura,125,3,3,3,2009,17,2023,17741.48,2217685.0
SP-006822,SP,São Paulo,Campo Belo,Zona Sul,Apartamento,55,2,2,1,2018,8,2024,12237.75,673076.25
SP-006823,SP,São Paulo,Itaim Bibi,Zona Sul/Oeste,Apartamento,40,1,1,1,2021,5,2014,13394.6,535784.0
SP-006824,SP,São Paulo,Mooca,Zona Leste,Apartamento,63,2,1,2,1997,29,2016,6304.53,397185.39
SP-006825,SP,São Paulo,Ipiranga,Zona Sul,Apartamento,88,3,2,2,2011,15,2020,7699.05,677516.4
SP-006826,SP,São Paulo,Lapa,Zona Oeste,Apartamento,67,2,2,1,2009,17,2026,9723.02,651442.34
SP-006827,SP,São Paulo,Vila Mariana,Zona Sul,Apartamento,88,3,3,2,2009,17,2025,13476.58,1185939.04
SP-006828,SP,São Paulo,Santana,Zona Norte,Apartamento,38,1,1,1,1998,28,2014,5208.54,197924.52
SP-006829,SP,São Paulo,Tatuapé,Zona Leste,Apartamento,85,3,2,3,2012,14,2023,10097.84,858316.4
SP-006830,SP,São Paulo,Moema,Zona Sul,Apartamento,56,3,1,1,2017,9,2014,10943.13,612815.28
SP-006831,SP,São Paulo,Moema,Zona Sul,Apartamento,34,1,1,0,2006,20,2021,13003.82,442129.88
SP-006832,SP,São Paulo,Vila Madalena,Zona Oeste,Apartamento,45,2,1,0,1998,28,2024,10559.47,475176.15
SP-006833,SP,São Paulo,Saúde,Zona Sul,Casa,130,3,3,2,1995,31,2021,7191.85,934940.5
SP-006834,SP,São Paulo,Ipiranga,Zona Sul,Apartamento,32,1,1,1,2000,26,2025,8080.91,258589.12
SP-006835,SP,São Paulo,Vila Madalena,Zona Oeste,Apartamento,121,3,2,2,2012,14,2022,13009.96,1574205.16
SP-006836,SP,São Paulo,Moema,Zona Sul,Apartamento,111,4,3,2,2011,15,2024,14926.51,1656842.61
SP-006837,SP,São Paulo,Morumbi,Zona Sul,Apartamento,52,2,1,1,2016,10,2026,9669.75,502827.0
SP-006838,SP,São Paulo,Mooca,Zona Leste,Apartamento,105,2,3,2,1982,44,2016,6369.32,668778.6
SP-006839,SP,São Paulo,Morumbi,Zona Sul,Apartamento,34,1,1,0,2001,25,2022,7690.36,261472.24
SP-006840,SP,São Paulo,Moema,Zona Sul,Apartamento,42,1,1,0,1999,27,2016,9979.55,419141.1
SP-006841,SP,São Paulo,Bela Vista,Centro/Sul,Casa,98,3,3,2,1985,41,2017,5975.51,585599.98
SP-006842,SP,São Paulo,Vila Madalena,Zona Oeste,Apartamento,181,4,4,4,1982,44,2014,9713.82,1758201.42
SP-006843,SP,São Paulo,Lapa,Zona Oeste,Apartamento,55,3,2,1,2017,9,2025,10893.33,599133.15
SP-006844,SP,São Paulo,Itaim Bibi,Zona Sul/Oeste,Apartamento,183,3,3,3,2015,11,2015,12699.94,2324089.02
SP-006845,SP,São Paulo,Mooca,Zona Leste,Apartamento,44,2,1,0,2006,20,2025,8742.76,384681.44
SP-006846,SP,São Paulo,Vila Mariana,Zona Sul,Apartamento,33,2,1,1,2008,18,2018,8714.21,287568.93
SP-006847,SP,São Paulo,Campo Belo,Zona Sul,Apartamento,56,3,1,2,2024,2,2017,13316.46,745721.76
SP-006848,SP,São Paulo,Perdizes,Zona Oeste,Apartamento,95,2,3,3,2019,7,2024,16075.28,1527151.6
SP-006849,SP,São Paulo,Santana,Zona Norte,Apartamento,34,1,1,0,2009,17,2020,7026.84,238912.56
SP-006850,SP,São Paulo,Morumbi,Zona Sul,Apartamento,81,2,1,1,2008,18,2022,7884.89,638676.09
SP-006851,SP,São Paulo,Perdizes,Zona Oeste,Apartamento,32,1,1,0,2023,3,2023,13024.59,416786.88
SP-006852,SP,São Paulo,Mooca,Zona Leste,Apartamento,36,1,1,0,2011,15,2017,6824.59,245685.24
SP-006853,SP,São Paulo,Campo Belo,Zona Sul,Apartamento,161,4,3,2,2019,7,2017,11657.61,1876875.21
SP-006854,SP,São Paulo,Vila Mariana,Zona Sul,Apartamento,105,4,3,1,2001,25,2018,9419.73,989071.65
SP-006855,SP,São Paulo,Brooklin,Zona Sul,Apartamento,69,3,2,1,2025,1,2018,12066.49,832587.81
SP-006856,SP,São Paulo,Santana,Zona Norte,Apartamento,136,3,3,2,2016,10,2024,9571.39,1301709.04
SP-006857,SP,São Paulo,Brooklin,Zona Sul,Apartamento,68,2,2,2,2024,2,2020,13340.91,907181.88
SP-006858,SP,São Paulo,Pinheiros,Zona Oeste,Casa,162,4,3,2,2014,12,2020,11958.64,1937299.68
SP-006859,SP,São Paulo,Moema,Zona Sul,Casa,237,4,4,2,1995,31,2024,12891.6,3055309.2
SP-006860,SP,São Paulo,Santana,Zona Norte,Casa,142,3,5,5,1976,50,2026,8676.6,1232077.2
SP-006861,SP,São Paulo,Brooklin,Zona Sul,Apartamento,48,1,1,0,2001,25,2022,11156.02,535488.96
SP-006862,SP,São Paulo,Itaim Bibi,Zona Sul/Oeste,Casa,232,3,4,2,2007,19,2013,10315.8,2393265.6
SP-006863,SP,São Paulo,Vila Mariana,Zona Sul,Casa,131,3,3,2,2018,8,2017,9279.35,1215594.85
SP-006864,SP,São Paulo,Moema,Zona Sul,Casa,294,3,5,3,2024,2,2021,16656.41,4896984.54
SP-006865,SP,São Paulo,Itaim Bibi,Zona Sul/Oeste,Apartamento,78,2,1,1,2019,7,2016,13213.94,1030687.32
SP-006866,SP,São Paulo,Vila Mariana,Zona Sul,Casa,122,3,3,2,1994,32,2016,7319.75,893009.5
SP-006867,SP,São Paulo,Jardim Paulista,Zona Oeste,Apartamento,40,1,1,0,2025,1,2025,18652.67,746106.8
SP-006868,SP,São Paulo,Pinheiros,Zona Oeste,Casa,80,2,2,1,2015,11,2023,11695.99,935679.2
SP-006869,SP,São Paulo,Bela Vista,Centro/Sul,Apartamento,54,3,1,2,2015,11,2020,9164.49,494882.46
SP-006870,SP,São Paulo,Santana,Zona Norte,Apartamento,42,1,1,0,1994,32,2018,6893.63,289532.46
SP-006871,SP,São Paulo,Campo Belo,Zona Sul,Apartamento,61,2,1,2,2007,19,2013,9250.42,564275.62
SP-006872,SP,São Paulo,Moema,Zona Sul,Apartamento,95,3,2,2,2024,2,2017,13341.06,1267400.7
SP-006873,SP,São Paulo,Aclimação,Centro/Sul,Apartamento,55,3,2,1,2006,20,2024,8898.11,489396.05
SP-006874,SP,São Paulo,Itaim Bibi,Zona Sul/Oeste,Apartamento,51,2,2,2,2022,4,2022,18279.73,932266.23
SP-006875,SP,São Paulo,Brooklin,Zona Sul,Casa,132,3,2,2,2004,22,2013,8728.44,1152154.08
SP-006876,SP,São Paulo,Perdizes,Zona Oeste,Apartamento,85,3,3,2,2017,9,2017,10540.61,895951.85
SP-006877,SP,São Paulo,Moema,Zona Sul,Casa,145,4,5,3,1991,35,2015,10952.8,1588156.0
SP-006878,SP,São Paulo,Campo Belo,Zona Sul,Apartamento,45,2,1,1,2011,15,2024,11403.46,513155.7
SP-006879,SP,São Paulo,Campo Belo,Zona Sul,Apartamento,99,3,3,2,1982,44,2026,12611.39,1248527.61
SP-006880,SP,São Paulo,Bela Vista,Centro/Sul,Apartamento,85,3,2,2,2025,1,2017,9360.35,795629.75
SP-006881,SP,São Paulo,Pinheiros,Zona Oeste,Cobertura,131,3,2,2,1989,37,2016,14691.92,1924641.52
SP-006882,SP,São Paulo,Mooca,Zona Leste,Apartamento,33,1,1,1,2013,13,2017,7001.8,231059.4
SP-006883,SP,São Paulo,Bela Vista,Centro/Sul,Apartamento,92,3,2,2,2000,26,2023,9733.99,895527.08
SP-006884,SP,São Paulo,Brooklin,Zona Sul,Apartamento,46,1,1,0,2002,24,2018,8856.45,407396.7
SP-006885,SP,São Paulo,Saúde,Zona Sul,Apartamento,52,2,1,1,1999,27,2016,6141.56,319361.12
SP-006886,SP,São Paulo,Saúde,Zona Sul,Apartamento,66,2,1,1,1982,44,2020,6475.48,427381.68
SP-006887,SP,São Paulo,Pinheiros,Zona Oeste,Apartamento,135,3,2,1,1998,28,2026,12192.79,1646026.65
SP-006888,SP,São Paulo,Lapa,Zona Oeste,Apartamento,173,3,4,4,2004,22,2023,9527.03,1648176.19
SP-006889,SP,São Paulo,Bela Vista,Centro/Sul,Apartamento,43,1,1,1,2020,6,2025,11604.53,498994.79
SP-006890,SP,São Paulo,Perdizes,Zona Oeste,Apartamento,59,3,1,1,1983,43,2022,10373.2,612018.8
SP-006891,SP,São Paulo,Bela Vista,Centro/Sul,Apartamento,65,2,1,1,2019,7,2021,10379.7,674680.5
SP-006892,SP,São Paulo,Morumbi,Zona Sul,Casa,162,4,3,2,2011,15,2025,8220.39,1331703.18
SP-006893,SP,São Paulo,Ipiranga,Zona Sul,Casa,179,5,5,2,1979,47,2014,4977.07,890895.53
SP-006894,SP,São Paulo,Campo Belo,Zona Sul,Apartamento,139,3,3,2,1987,39,2018,9446.81,1313106.59
SP-006895,SP,São Paulo,Pinheiros,Zona Oeste,Apartamento,72,2,2,1,2010,16,2020,11819.16,850979.52
SP-006896,SP,São Paulo,Saúde,Zona Sul,Casa,93,3,3,2,2009,17,2024,7391.64,687422.52
SP-006897,SP,São Paulo,Itaim Bibi,Zona Sul/Oeste,Apartamento,73,2,2,1,2018,8,2025,18417.18,1344454.14
SP-006898,SP,São Paulo,Mooca,Zona Leste,Casa,111,2,3,2,2019,7,2026,9164.1,1017215.1
SP-006899,SP,São Paulo,Aclimação,Centro/Sul,Casa,468,5,5,4,2012,14,2024,10399.11,4866783.48
SP-006900,SP,São Paulo,Pinheiros,Zona Oeste,Apartamento,41,1,1,0,2000,26,2016,9040.83,370674.03
SP-006901,SP,São Paulo,Santana,Zona Norte,Apartamento,98,3,3,3,2006,20,2013,5768.17,565280.66
SP-006902,SP,São Paulo,Perdizes,Zona Oeste,Apartamento,72,2,1,1,1982,44,2019,8494.31,611590.32
SP-006903,SP,São Paulo,Pinheiros,Zona Oeste,Apartamento,50,2,2,1,2007,19,2014,10122.62,506131.0
SP-006904,SP,São Paulo,Mooca,Zona Leste,Casa,114,3,3,2,2009,17,2022,8787.73,1001801.22
SP-006905,SP,São Paulo,Saúde,Zona Sul,Apartamento,35,1,1,0,1988,38,2025,8052.74,281845.9
SP-006906,SP,São Paulo,Itaim Bibi,Zona Sul/Oeste,Casa,146,5,4,4,2015,11,2021,16624.93,2427239.78
SP-006907,SP,São Paulo,Brooklin,Zona Sul,Casa,282,4,4,3,2002,24,2024,12293.34,3466721.88
SP-006908,SP,São Paulo,Tatuapé,Zona Leste,Apartamento,46,2,1,1,2022,4,2021,9759.61,448942.06
SP-006909,SP,São Paulo,Morumbi,Zona Sul,Apartamento,49,2,1,0,2011,15,2017,6507.96,318890.04
SP-006910,SP,São Paulo,Vila Mariana,Zona Sul,Casa,216,3,3,2,1987,39,2019,9171.0,1980936.0
SP-006911,SP,São Paulo,Jardim Paulista,Zona Oeste,Apartamento,38,2,1,0,2005,21,2016,11213.66,426119.08
SP-006912,SP,São Paulo,Aclimação,Centro/Sul,Apartamento,35,1,1,1,2000,26,2022,8972.92,314052.2
SP-006913,SP,São Paulo,Bela Vista,Centro/Sul,Apartamento,46,1,1,1,2021,5,2014,7423.16,341465.36
SP-006914,SP,São Paulo,Tatuapé,Zona Leste,Apartamento,183,3,4,2,2024,2,2015,9180.25,1679985.75
SP-006915,SP,São Paulo,Santana,Zona Norte,Apartamento,53,2,1,1,2008,18,2020,7106.51,376645.03
SP-006916,SP,São Paulo,Tatuapé,Zona Leste,Apartamento,84,2,2,1,1977,49,2026,9404.76,789999.84
SP-006917,SP,São Paulo,Bela Vista,Centro/Sul,Apartamento,113,3,3,1,2014,12,2017,7310.82,826122.66
SP-006918,SP,São Paulo,Tatuapé,Zona Leste,Apartamento,70,2,2,1,1983,43,2022,7848.48,549393.6
SP-006919,SP,São Paulo,Santana,Zona Norte,Casa,170,5,5,3,2025,1,2022,9679.33,1645486.1
SP-006920,SP,São Paulo,Brooklin,Zona Sul,Apartamento,51,3,1,1,1998,28,2019,9037.32,460903.32
SP-006921,SP,São Paulo,Mooca,Zona Leste,Apartamento,37,1,1,0,2017,9,2020,7569.25,280062.25
SP-006922,SP,São Paulo,Saúde,Zona Sul,Apartamento,72,2,2,1,2025,1,2026,11474.47,826161.84
SP-006923,SP,São Paulo,Itaim Bibi,Zona Sul/Oeste,Apartamento,94,3,3,2,2019,7,2026,19227.86,1807418.84
SP-006924,SP,São Paulo,Tatuapé,Zona Leste,Casa,156,4,3,2,1981,45,2013,5913.79,922551.24
SP-006925,SP,São Paulo,Pinheiros,Zona Oeste,Casa,159,3,4,5,2023,3,2013,12892.52,2049910.68
SP-006926,SP,São Paulo,Moema,Zona Sul,Apartamento,56,2,1,1,1985,41,2013,8298.18,464698.08
SP-006927,SP,São Paulo,Ipiranga,Zona Sul,Apartamento,120,3,3,2,2019,7,2024,11380.85,1365702.0
SP-006928,SP,São Paulo,Perdizes,Zona Oeste,Apartamento,38,1,1,0,2022,4,2020,12071.58,458720.04
SP-006929,SP,São Paulo,Morumbi,Zona Sul,Apartamento,115,2,3,2,2020,6,2018,9274.22,1066535.3
SP-006930,SP,São Paulo,Jardim Paulista,Zona Oeste,Apartamento,133,3,2,2,2016,10,2023,17948.75,2387183.75
SP-006931,SP,São Paulo,Mooca,Zona Leste,Apartamento,49,1,1,1,2004,22,2024,8366.55,409960.95
SP-006932,SP,São Paulo,Tatuapé,Zona Leste,Apartamento,54,2,2,2,2024,2,2024,12060.29,651255.66
SP-006933,SP,São Paulo,Saúde,Zona Sul,Apartamento,90,3,3,2,2018,8,2024,9918.95,892705.5
SP-006934,SP,São Paulo,Pinheiros,Zona Oeste,Apartamento,33,1,1,0,1991,35,2020,11719.28,386736.24
SP-006935,SP,São Paulo,Vila Mariana,Zona Sul,Casa,89,2,2,1,1991,35,2013,6488.99,577520.11
SP-006936,SP,São Paulo,Vila Mariana,Zona Sul,Apartamento,70,2,1,2,1988,38,2020,10171.6,712012.0
SP-006937,SP,São Paulo,Ipiranga,Zona Sul,Apartamento,60,2,2,1,2001,25,2022,6644.8,398688.0
SP-006938,SP,São Paulo,Aclimação,Centro/Sul,Apartamento,83,3,1,1,2008,18,2024,9992.04,829339.32
SP-006939,SP,São Paulo,Bela Vista,Centro/Sul,Apartamento,100,3,3,2,2003,23,2013,7304.69,730469.0
SP-006940,SP,São Paulo,Brooklin,Zona Sul,Casa,148,4,4,2,2017,9,2026,14472.19,2141884.12
SP-006941,SP,São Paulo,Vila Madalena,Zona Oeste,Apartamento,81,2,2,2,2006,20,2014,9682.94,784318.14
SP-006942,SP,São Paulo,Campo Belo,Zona Sul,Apartamento,41,1,1,0,1996,30,2024,10406.19,426653.79
SP-006943,SP,São Paulo,Vila Mariana,Zona Sul,Casa,86,3,3,1,2014,12,2018,8806.52,757360.72
SP-006944,SP,São Paulo,Vila Madalena,Zona Oeste,Apartamento,101,3,2,1,2022,4,2019,12167.07,1228874.07
SP-006945,SP,São Paulo,Brooklin,Zona Sul,Apartamento,158,3,4,3,2008,18,2026,14588.44,2304973.52
SP-006946,SP,São Paulo,Morumbi,Zona Sul,Apartamento,53,2,1,2,2005,21,2022,8242.08,436830.24
SP-006947,SP,São Paulo,Pinheiros,Zona Oeste,Casa,116,3,2,2,2015,11,2026,14679.32,1702801.12
SP-006948,SP,São Paulo,Ipiranga,Zona Sul,Apartamento,45,1,1,1,2025,1,2014,7395.88,332814.6
SP-006949,SP,São Paulo,Jardim Paulista,Zona Oeste,Casa,137,3,3,1,2016,10,2024,16822.89,2304735.93
SP-006950,SP,São Paulo,Vila Madalena,Zona Oeste,Casa,141,3,5,2,1998,28,2014,8441.96,1190316.36
SP-006951,SP,São Paulo,Perdizes,Zona Oeste,Casa,243,4,3,5,2011,15,2018,10199.81,2478553.83
SP-006952,SP,São Paulo,Tatuapé,Zona Leste,Apartamento,113,4,3,1,1994,32,2023,8401.23,949338.99
SP-006953,SP,São Paulo,Perdizes,Zona Oeste,Casa,116,3,2,2,2015,11,2022,10772.28,1249584.48
SP-006954,SP,São Paulo,Perdizes,Zona Oeste,Apartamento,89,3,2,2,1997,29,2017,9317.32,829241.48
SP-006955,SP,São Paulo,Lapa,Zona Oeste,Apartamento,34,1,1,1,2002,24,2017,6596.96,224296.64
SP-006956,SP,São Paulo,Ipiranga,Zona Sul,Apartamento,55,3,2,1,2012,14,2014,6302.85,346656.75
SP-006957,SP,São Paulo,Pinheiros,Zona Oeste,Apartamento,50,3,2,1,2008,18,2025,14517.25,725862.5
SP-006958,SP,São Paulo,Vila Mariana,Zona Sul,Apartamento,50,2,2,1,2008,18,2016,8440.05,422002.5
SP-006959,SP,São Paulo,Lapa,Zona Oeste,Apartamento,125,3,3,2,2024,2,2016,10541.57,1317696.25
SP-006960,SP,São Paulo,Ipiranga,Zona Sul,Casa,109,4,3,2,2012,14,2023,9348.36,1018971.24
SP-006961,SP,São Paulo,Pinheiros,Zona Oeste,Apartamento,74,2,1,1,2013,13,2023,13696.31,1013526.94
SP-006962,SP,São Paulo,Lapa,Zona Oeste,Casa,168,3,4,3,2025,1,2015,7850.96,1318961.28
SP-006963,SP,São Paulo,Campo Belo,Zona Sul,Apartamento,40,2,1,0,1991,35,2019,9403.32,376132.8
SP-006964,SP,São Paulo,Bela Vista,Centro/Sul,Apartamento,55,2,1,1,1995,31,2018,6415.65,352860.75
SP-006965,SP,São Paulo,Vila Madalena,Zona Oeste,Apartamento,58,3,2,1,2022,4,2026,16869.85,978451.3
SP-006966,SP,São Paulo,Bela Vista,Centro/Sul,Casa,132,4,3,3,2014,12,2022,9489.77,1252649.64
SP-006967,SP,São Paulo,Pinheiros,Zona Oeste,Apartamento,90,3,3,2,2025,1,2017,16138.17,1452435.3
SP-006968,SP,São Paulo,Vila Madalena,Zona Oeste,Apartamento,49,1,1,0,2015,11,2019,9430.6,462099.4
SP-006969,SP,São Paulo,Morumbi,Zona Sul,Casa,86,4,3,3,1994,32,2024,8298.88,713703.68
SP-006970,SP,São Paulo,Lapa,Zona Oeste,Apartamento,127,3,2,1,2014,12,2022,7405.45,940492.15
SP-006971,SP,São Paulo,Mooca,Zona Leste,Casa,127,2,3,3,2023,3,2015,8106.1,1029474.7
SP-006972,SP,São Paulo,Ipiranga,Zona Sul,Apartamento,48,1,1,0,2005,21,2020,7584.3,364046.4
SP-006973,SP,São Paulo,Vila Madalena,Zona Oeste,Apartamento,55,2,1,1,2021,5,2019,12196.02,670781.1
SP-006974,SP,São Paulo,Tatuapé,Zona Leste,Apartamento,96,3,2,1,2013,13,2015,7201.84,691376.64
SP-006975,SP,São Paulo,Saúde,Zona Sul,Cobertura,194,4,4,4,2010,16,2019,12986.88,2519454.72
SP-006976,SP,São Paulo,Campo Belo,Zona Sul,Casa,106,4,3,2,1984,42,2015,7069.87,749406.22
SP-006977,SP,São Paulo,Saúde,Zona Sul,Casa,85,3,3,2,2025,1,2016,7559.11,642524.35
SP-006978,SP,São Paulo,Ipiranga,Zona Sul,Apartamento,38,2,1,1,2005,21,2016,6698.64,254548.32
SP-006979,SP,São Paulo,Campo Belo,Zona Sul,Apartamento,33,1,1,1,2013,13,2024,12438.7,410477.1
SP-006980,SP,São Paulo,Brooklin,Zona Sul,Apartamento,81,3,2,1,1992,34,2018,10206.89,826758.09
SP-006981,SP,São Paulo,Jardim Paulista,Zona Oeste,Apartamento,52,3,1,1,2000,26,2014,10428.38,542275.76
SP-006982,SP,São Paulo,Morumbi,Zona Sul,Apartamento,42,1,1,0,2009,17,2024,8363.96,351286.32
SP-006983,SP,São Paulo,Brooklin,Zona Sul,Apartamento,205,3,3,4,2011,15,2016,10352.62,2122287.1
SP-006984,SP,São Paulo,Aclimação,Centro/Sul,Apartamento,35,1,1,0,2018,8,2026,10781.02,377335.7
SP-006985,SP,São Paulo,Tatuapé,Zona Leste,Apartamento,73,2,2,1,2020,6,2015,7971.09,581889.57
SP-006986,SP,São Paulo,Perdizes,Zona Oeste,Apartamento,89,2,3,2,1989,37,2020,10461.11,931038.79
SP-006987,SP,São Paulo,Ipiranga,Zona Sul,Apartamento,93,3,2,2,1990,36,2025,8427.34,783742.62
SP-006988,SP,São Paulo,Vila Madalena,Zona Oeste,Apartamento,60,3,1,1,1984,42,2015,7856.76,471405.6
SP-006989,SP,São Paulo,Itaim Bibi,Zona Sul/Oeste,Casa,240,3,4,4,1995,31,2022,16126.82,3870436.8
SP-006990,SP,São Paulo,Morumbi,Zona Sul,Apartamento,62,2,1,2,1990,36,2016,5966.29,369909.98
SP-006991,SP,São Paulo,Aclimação,Centro/Sul,Apartamento,37,1,1,1,2001,25,2024,10279.75,380350.75
SP-006992,SP,São Paulo,Ipiranga,Zona Sul,Apartamento,56,2,2,1,2018,8,2026,8279.64,463659.84
SP-006993,SP,São Paulo,Jardim Paulista,Zona Oeste,Apartamento,67,3,2,1,2011,15,2016,11990.69,803376.23
SP-006994,SP,São Paulo,Tatuapé,Zona Leste,Casa,104,3,2,1,2013,13,2016,6724.32,699329.28
SP-006995,SP,São Paulo,Itaim Bibi,Zona Sul/Oeste,Casa,183,4,4,3,2007,19,2020,13888.49,2541593.67
SP-006996,SP,São Paulo,Brooklin,Zona Sul,Apartamento,38,2,1,0,2019,7,2022,11630.25,441949.5
SP-006997,SP,São Paulo,Ipiranga,Zona Sul,Apartamento,40,2,1,0,1989,37,2014,5557.81,222312.4
SP-006998,SP,São Paulo,Morumbi,Zona Sul,Apartamento,92,3,3,2,2015,11,2025,9372.75,862293.0
SP-006999,SP,São Paulo,Pinheiros,Zona Oeste,Apartamento,46,1,1,0,2016,10,2025,15553.89,715478.94
SP-007000,SP,São Paulo,Vila Madalena,Zona Oeste,Apartamento,72,2,2,1,2017,9,2022,13722.49,988019.28
SP-007001,SP,São Paulo,Morumbi,Zona Sul,Apartamento,47,1,1,0,1994,32,2021,6788.2,319045.4
SP-007002,SP,São Paulo,Bela Vista,Centro/Sul,Apartamento,86,3,3,2,2016,10,2022,10833.9,931715.4
SP-007003,SP,São Paulo,Brooklin,Zona Sul,Casa,108,2,2,2,2005,21,2025,10631.0,1148148.0
SP-007004,SP,São Paulo,Bela Vista,Centro/Sul,Apartamento,41,1,1,0,2012,14,2014,6530.3,267742.3
SP-007005,SP,São Paulo,Vila Mariana,Zona Sul,Apartamento,97,3,3,2,2009,17,2020,11277.68,1093934.96
SP-007006,SP,São Paulo,Santana,Zona Norte,Apartamento,61,2,2,1,2022,4,2026,9309.39,567872.79
SP-007007,SP,São Paulo,Bela Vista,Centro/Sul,Apartamento,48,2,1,0,2002,24,2014,6596.35,316624.8
SP-007008,SP,São Paulo,Aclimação,Centro/Sul,Apartamento,58,2,2,2,1982,44,2021,8045.3,466627.4
SP-007009,SP,São Paulo,Lapa,Zona Oeste,Casa,102,3,3,2,1998,28,2020,7312.08,745832.16
SP-007010,SP,São Paulo,Brooklin,Zona Sul,Apartamento,224,4,4,3,1985,41,2014,8789.43,1968832.32
SP-007011,SP,São Paulo,Campo Belo,Zona Sul,Apartamento,89,3,3,2,1975,51,2025,11477.66,1021511.74
SP-007012,SP,São Paulo,Aclimação,Centro/Sul,Apartamento,134,3,2,3,2017,9,2017,9568.2,1282138.8
SP-007013,SP,São Paulo,Aclimação,Centro/Sul,Apartamento,73,2,2,1,2020,6,2020,9854.76,719397.48
SP-007014,SP,São Paulo,Pinheiros,Zona Oeste,Apartamento,55,2,2,1,1991,35,2019,11904.74,654760.7
SP-007015,SP,São Paulo,Vila Mariana,Zona Sul,Apartamento,57,2,1,1,1989,37,2019,9677.09,551594.13
SP-007016,SP,São Paulo,Aclimação,Centro/Sul,Casa,121,3,2,1,2018,8,2019,7988.65,966626.65
SP-007017,SP,São Paulo,Santana,Zona Norte,Casa,267,3,5,5,2008,18,2018,6272.1,1674650.7
SP-007018,SP,São Paulo,Lapa,Zona Oeste,Apartamento,69,2,2,2,1999,27,2014,6152.5,424522.5
SP-007019,SP,São Paulo,Moema,Zona Sul,Apartamento,42,1,1,1,2021,5,2020,14531.9,610339.8
SP-007020,SP,São Paulo,Ipiranga,Zona Sul,Casa,113,4,2,2,1975,51,2024,5911.56,668006.28
SP-007021,SP,São Paulo,Perdizes,Zona Oeste,Casa,103,3,2,1,2021,5,2023,11588.1,1193574.3
SP-007022,SP,São Paulo,Morumbi,Zona Sul,Apartamento,45,1,1,0,1976,50,2016,5806.14,261276.3
SP-007023,SP,São Paulo,Perdizes,Zona Oeste,Casa,170,4,4,2,2024,2,2017,11157.81,1896827.7
SP-007024,SP,São Paulo,Vila Mariana,Zona Sul,Apartamento,41,1,1,1,2009,17,2025,12542.52,514243.32
SP-007025,SP,São Paulo,Lapa,Zona Oeste,Apartamento,54,3,1,2,2016,10,2016,8119.51,438453.54
SP-007026,SP,São Paulo,Saúde,Zona Sul,Casa,131,4,3,2,2011,15,2014,6777.33,887830.23
SP-007027,SP,São Paulo,Aclimação,Centro/Sul,Apartamento,40,1,1,1,1997,29,2019,8035.08,321403.2
SP-007028,SP,São Paulo,Ipiranga,Zona Sul,Apartamento,66,2,1,2,2020,6,2021,8945.04,590372.64
SP-007029,SP,São Paulo,Aclimação,Centro/Sul,Cobertura,138,3,2,2,2020,6,2019,13849.18,1911186.84
SP-007030,SP,São Paulo,Pinheiros,Zona Oeste,Apartamento,35,2,1,0,1977,49,2013,7012.12,245424.2
SP-007031,SP,São Paulo,Pinheiros,Zona Oeste,Casa,85,3,2,2,2020,6,2015,12278.65,1043685.25
SP-007032,SP,São Paulo,Itaim Bibi,Zona Sul/Oeste,Apartamento,56,3,1,1,2018,8,2014,12632.07,707395.92
SP-007033,SP,São Paulo,Mooca,Zona Leste,Casa,103,2,2,2,2019,7,2026,10642.03,1096129.09
SP-007034,SP,São Paulo,Saúde,Zona Sul,Apartamento,84,2,2,1,1991,35,2020,7841.4,658677.6
SP-007035,SP,São Paulo,Pinheiros,Zona Oeste,Apartamento,36,2,1,1,2010,16,2023,13739.24,494612.64
SP-007036,SP,São Paulo,Pinheiros,Zona Oeste,Casa,155,5,3,3,1998,28,2026,12582.19,1950239.45
SP-007037,SP,São Paulo,Jardim Paulista,Zona Oeste,Apartamento,104,3,2,1,2012,14,2024,16180.72,1682794.88
SP-007038,SP,São Paulo,Tatuapé,Zona Leste,Apartamento,35,1,1,0,1998,28,2018,6637.78,232322.3
SP-007039,SP,São Paulo,Lapa,Zona Oeste,Apartamento,121,3,3,2,1983,43,2022,7680.98,929398.58
SP-007040,SP,São Paulo,Santana,Zona Norte,Apartamento,152,4,5,3,2022,4,2021,8791.57,1336318.64
SP-007041,SP,São Paulo,Mooca,Zona Leste,Casa,151,5,5,3,2020,6,2025,10919.96,1648913.96
SP-007042,SP,São Paulo,Mooca,Zona Leste,Apartamento,50,3,2,2,1989,37,2025,9618.43,480921.5
SP-007043,SP,São Paulo,Pinheiros,Zona Oeste,Apartamento,60,2,2,1,1990,36,2018,10124.11,607446.6
SP-007044,SP,São Paulo,Saúde,Zona Sul,Apartamento,33,1,1,0,1983,43,2023,6588.24,217411.92
SP-007045,SP,São Paulo,Aclimação,Centro/Sul,Apartamento,69,2,2,1,2022,4,2023,12045.31,831126.39
SP-007046,SP,São Paulo,Brooklin,Zona Sul,Apartamento,53,3,2,1,2018,8,2018,11950.25,633363.25
SP-007047,SP,São Paulo,Tatuapé,Zona Leste,Apartamento,46,1,1,0,2002,24,2023,8913.33,410013.18
SP-007048,SP,São Paulo,Vila Madalena,Zona Oeste,Casa,293,3,4,4,1998,28,2018,10518.07,3081794.51
SP-007049,SP,São Paulo,Morumbi,Zona Sul,Cobertura,152,3,3,5,2003,23,2025,15118.35,2297989.2
SP-007050,SP,São Paulo,Pinheiros,Zona Oeste,Apartamento,46,1,1,1,2023,3,2015,13987.33,643417.18
SP-007051,SP,São Paulo,Pinheiros,Zona Oeste,Apartamento,37,2,1,1,1987,39,2019,10248.14,379181.18
SP-007052,SP,São Paulo,Campo Belo,Zona Sul,Apartamento,48,1,1,1,2017,9,2022,12712.07,610179.36
SP-007053,SP,São Paulo,Santana,Zona Norte,Casa,89,3,3,1,2014,12,2016,6098.87,542799.43
SP-007054,SP,São Paulo,Vila Mariana,Zona Sul,Apartamento,143,3,3,3,2017,9,2022,12629.29,1805988.47
SP-007055,SP,São Paulo,Vila Madalena,Zona Oeste,Cobertura,175,3,4,3,2023,3,2023,23529.36,4117638.0
SP-007056,SP,São Paulo,Santana,Zona Norte,Apartamento,42,1,1,1,2002,24,2017,7149.97,300298.74
SP-007057,SP,São Paulo,Tatuapé,Zona Leste,Apartamento,122,3,2,2,1985,41,2018,7517.6,917147.2
SP-007058,SP,São Paulo,Perdizes,Zona Oeste,Apartamento,43,1,1,1,2000,26,2022,11272.94,484736.42
SP-007059,SP,São Paulo,Saúde,Zona Sul,Apartamento,40,1,1,0,1990,36,2020,7184.58,287383.2
SP-007060,SP,São Paulo,Tatuapé,Zona Leste,Apartamento,130,3,3,1,2025,1,2025,11750.83,1527607.9
SP-007061,SP,São Paulo,Saúde,Zona Sul,Apartamento,68,2,2,1,2010,16,2023,9189.55,624889.4
SP-007062,SP,São Paulo,Campo Belo,Zona Sul,Casa,262,5,5,3,2002,24,2022,10794.81,2828240.22
SP-007063,SP,São Paulo,Vila Mariana,Zona Sul,Apartamento,41,1,1,1,2006,20,2020,10532.32,431825.12
SP-007064,SP,São Paulo,Morumbi,Zona Sul,Apartamento,184,4,4,4,2001,25,2016,7826.48,1440072.32
SP-007065,SP,São Paulo,Pinheiros,Zona Oeste,Apartamento,99,4,2,2,1996,30,2021,12924.72,1279547.28
SP-007066,SP,São Paulo,Jardim Paulista,Zona Oeste,Apartamento,51,3,2,2,2020,6,2015,11152.16,568760.16
SP-007067,SP,São Paulo,Ipiranga,Zona Sul,Apartamento,224,4,4,4,2022,4,2020,10007.85,2241758.4
SP-007068,SP,São Paulo,Vila Mariana,Zona Sul,Apartamento,106,3,2,2,2007,19,2013,8888.25,942154.5
SP-007069,SP,São Paulo,Aclimação,Centro/Sul,Cobertura,167,4,5,4,2016,10,2019,16251.58,2714013.86
SP-007070,SP,São Paulo,Morumbi,Zona Sul,Apartamento,39,1,1,0,2012,14,2020,6617.91,258098.49
SP-007071,SP,São Paulo,Tatuapé,Zona Leste,Apartamento,51,2,1,2,2001,25,2025,9661.24,492723.24
SP-007072,SP,São Paulo,Vila Madalena,Zona Oeste,Apartamento,85,3,3,2,2024,2,2024,15910.23,1352369.55
SP-007073,SP,São Paulo,Campo Belo,Zona Sul,Casa,133,4,3,3,2021,5,2013,10111.98,1344893.34
SP-007074,SP,São Paulo,Jardim Paulista,Zona Oeste,Apartamento,183,4,4,2,2001,25,2022,16328.11,2988044.13
SP-007075,SP,São Paulo,Aclimação,Centro/Sul,Apartamento,63,3,1,1,2021,5,2017,8720.01,549360.63
SP-007076,SP,São Paulo,Santana,Zona Norte,Apartamento,132,2,3,1,2008,18,2016,6424.16,847989.12
SP-007077,SP,São Paulo,Ipiranga,Zona Sul,Apartamento,56,2,1,2,2004,22,2021,8014.21,448795.76
SP-007078,SP,São Paulo,Campo Belo,Zona Sul,Apartamento,103,4,3,2,1990,36,2022,10773.02,1109621.06
SP-007079,SP,São Paulo,Vila Mariana,Zona Sul,Apartamento,143,5,3,3,2021,5,2017,10438.59,1492718.37
SP-007080,SP,São Paulo,Lapa,Zona Oeste,Apartamento,100,3,3,2,1993,33,2022,7641.74,764174.0
SP-007081,SP,São Paulo,Morumbi,Zona Sul,Apartamento,117,3,3,2,2016,10,2020,9239.34,1081002.78
SP-007082,SP,São Paulo,Itaim Bibi,Zona Sul/Oeste,Apartamento,43,1,1,1,1995,31,2022,13874.11,596586.73
SP-007083,SP,São Paulo,Pinheiros,Zona Oeste,Casa,216,3,4,2,2024,2,2022,16206.46,3500595.36
SP-007084,SP,São Paulo,Mooca,Zona Leste,Apartamento,56,3,2,1,2004,22,2016,7450.43,417224.08
SP-007085,SP,São Paulo,Moema,Zona Sul,Casa,139,3,2,2,2003,23,2014,10550.47,1466515.33
SP-007086,SP,São Paulo,Pinheiros,Zona Oeste,Apartamento,58,3,1,2,2022,4,2021,15581.76,903742.08
SP-007087,SP,São Paulo,Moema,Zona Sul,Casa,121,3,3,1,1980,46,2024,12470.97,1508987.37
SP-007088,SP,São Paulo,Vila Madalena,Zona Oeste,Apartamento,117,3,2,2,2025,1,2014,12358.26,1445916.42
SP-007089,SP,São Paulo,Santana,Zona Norte,Casa,86,3,3,1,2001,25,2024,7417.3,637887.8
SP-007090,SP,São Paulo,Mooca,Zona Leste,Apartamento,46,2,1,0,2005,21,2025,9034.69,415595.74
SP-007091,SP,São Paulo,Santana,Zona Norte,Apartamento,88,3,2,2,1997,29,2016,5592.72,492159.36
SP-007092,SP,São Paulo,Vila Madalena,Zona Oeste,Apartamento,66,2,2,1,2020,6,2017,12069.65,796596.9
SP-007093,SP,São Paulo,Perdizes,Zona Oeste,Casa,90,2,3,2,2007,19,2014,8905.76,801518.4
SP-007094,SP,São Paulo,Moema,Zona Sul,Apartamento,51,2,1,2,2013,13,2017,12638.12,644544.12
SP-007095,SP,São Paulo,Mooca,Zona Leste,Apartamento,34,1,1,1,1995,31,2017,6473.55,220100.7
SP-007096,SP,São Paulo,Bela Vista,Centro/Sul,Apartamento,37,1,1,0,2013,13,2026,10170.49,376308.13
SP-007097,SP,São Paulo,Perdizes,Zona Oeste,Casa,82,3,2,1,1984,42,2024,10408.69,853512.58
SP-007098,SP,São Paulo,Aclimação,Centro/Sul,Apartamento,121,3,2,2,2023,3,2021,11564.83,1399344.43
SP-007099,SP,São Paulo,Bela Vista,Centro/Sul,Apartamento,39,1,1,0,2007,19,2013,7078.68,276068.52
SP-007100,SP,São Paulo,Tatuapé,Zona Leste,Apartamento,147,3,5,4,1982,44,2019,8310.95,1221709.65
SP-007101,SP,São Paulo,Ipiranga,Zona Sul,Apartamento,50,2,2,1,1997,29,2018,6691.73,334586.5
SP-007102,SP,São Paulo,Mooca,Zona Leste,Apartamento,42,1,1,0,2016,10,2014,6400.47,268819.74
SP-007103,SP,São Paulo,Tatuapé,Zona Leste,Apartamento,124,3,3,2,2017,9,2024,10017.43,1242161.32
SP-007104,SP,São Paulo,Morumbi,Zona Sul,Apartamento,86,3,3,3,1993,33,2023,7994.02,687485.72
SP-007105,SP,São Paulo,Jardim Paulista,Zona Oeste,Apartamento,41,2,1,0,2007,19,2016,10279.42,421456.22
SP-007106,SP,São Paulo,Vila Mariana,Zona Sul,Apartamento,120,3,2,3,2010,16,2018,11253.86,1350463.2
SP-007107,SP,São Paulo,Tatuapé,Zona Leste,Casa,95,2,2,2,1991,35,2018,6573.16,624450.2
SP-007108,SP,São Paulo,Vila Madalena,Zona Oeste,Apartamento,33,1,1,0,2020,6,2026,14311.64,472284.12
SP-007109,SP,São Paulo,Perdizes,Zona Oeste,Apartamento,32,1,1,0,2016,10,2024,12664.77,405272.64
SP-007110,SP,São Paulo,Morumbi,Zona Sul,Apartamento,49,1,1,1,1993,33,2026,8990.73,440545.77
SP-007111,SP,São Paulo,Morumbi,Zona Sul,Apartamento,79,2,2,2,2020,6,2015,6913.8,546190.2
SP-007112,SP,São Paulo,Morumbi,Zona Sul,Apartamento,55,2,2,1,1978,48,2014,5021.58,276186.9
SP-007113,SP,São Paulo,Mooca,Zona Leste,Apartamento,40,1,1,1,2021,5,2021,8678.92,347156.8
SP-007114,SP,São Paulo,Brooklin,Zona Sul,Apartamento,138,3,2,3,2025,1,2026,17129.74,2363904.12
SP-007115,SP,São Paulo,Brooklin,Zona Sul,Apartamento,48,1,1,0,2008,18,2013,7912.26,379788.48
SP-007116,SP,São Paulo,Jardim Paulista,Zona Oeste,Apartamento,76,2,2,1,2009,17,2017,12381.85,941020.6
SP-007117,SP,São Paulo,Pinheiros,Zona Oeste,Apartamento,74,2,2,1,2014,12,2026,14463.04,1070264.96
SP-007118,SP,São Paulo,Vila Madalena,Zona Oeste,Apartamento,101,3,3,2,2014,12,2018,11167.93,1127960.93
SP-007119,SP,São Paulo,Vila Madalena,Zona Oeste,Apartamento,78,3,1,1,1975,51,2018,8457.54,659688.12
SP-007120,SP,São Paulo,Itaim Bibi,Zona Sul/Oeste,Apartamento,36,1,1,0,2009,17,2017,11851.55,426655.8
SP-007121,SP,São Paulo,Pinheiros,Zona Oeste,Apartamento,116,2,2,2,2005,21,2019,12430.47,1441934.52
SP-007122,SP,São Paulo,Itaim Bibi,Zona Sul/Oeste,Apartamento,241,5,4,3,2017,9,2024,18647.77,4494112.57
SP-007123,SP,São Paulo,Bela Vista,Centro/Sul,Apartamento,32,1,1,1,2006,20,2022,9549.3,305577.6
SP-007124,SP,São Paulo,Itaim Bibi,Zona Sul/Oeste,Casa,113,3,3,2,1995,31,2026,15909.64,1797789.32
SP-007125,SP,São Paulo,Morumbi,Zona Sul,Apartamento,72,3,2,1,1993,33,2022,7588.55,546375.6
SP-007126,SP,São Paulo,Saúde,Zona Sul,Apartamento,380,3,4,4,2022,4,2024,11653.47,4428318.6
SP-007127,SP,São Paulo,Mooca,Zona Leste,Apartamento,63,2,2,1,2024,2,2017,8701.24,548178.12
SP-007128,SP,São Paulo,Vila Mariana,Zona Sul,Cobertura,228,4,4,5,1996,30,2016,15621.77,3561763.56
SP-007129,SP,São Paulo,Vila Mariana,Zona Sul,Apartamento,80,3,2,1,2006,20,2021,10323.12,825849.6
SP-007130,SP,São Paulo,Aclimação,Centro/Sul,Apartamento,201,4,3,3,1995,31,2020,8170.76,1642322.76
SP-007131,SP,São Paulo,Vila Mariana,Zona Sul,Apartamento,43,1,1,0,2011,15,2017,9115.38,391961.34
SP-007132,SP,São Paulo,Campo Belo,Zona Sul,Apartamento,37,2,1,1,2001,25,2016,9096.09,336555.33
SP-007133,SP,São Paulo,Jardim Paulista,Zona Oeste,Apartamento,101,4,3,2,2021,5,2018,15376.46,1553022.46
SP-007134,SP,São Paulo,Pinheiros,Zona Oeste,Casa,91,3,3,3,2003,23,2021,12008.36,1092760.76
SP-007135,SP,São Paulo,Tatuapé,Zona Leste,Apartamento,98,3,3,2,1999,27,2019,8107.77,794561.46
SP-007136,SP,São Paulo,Saúde,Zona Sul,Apartamento,34,1,1,0,2006,20,2015,5871.79,199640.86
SP-007137,SP,São Paulo,Jardim Paulista,Zona Oeste,Casa,157,5,5,5,2009,17,2013,12421.54,1950181.78
SP-007138,SP,São Paulo,Ipiranga,Zona Sul,Apartamento,80,2,2,1,2018,8,2020,7592.43,607394.4
SP-007139,SP,São Paulo,Mooca,Zona Leste,Apartamento,114,3,3,3,2017,9,2021,10047.5,1145415.0
SP-007140,SP,São Paulo,Pinheiros,Zona Oeste,Apartamento,99,3,3,2,2001,25,2013,10472.31,1036758.69
SP-007141,SP,São Paulo,Jardim Paulista,Zona Oeste,Apartamento,56,2,1,1,1994,32,2019,11900.83,666446.48
SP-007142,SP,São Paulo,Campo Belo,Zona Sul,Casa,89,3,2,3,1994,32,2020,10234.17,910841.13
SP-007143,SP,São Paulo,Ipiranga,Zona Sul,Casa,98,2,3,2,2016,10,2026,9108.14,892597.72
SP-007144,SP,São Paulo,Moema,Zona Sul,Apartamento,35,1,1,1,1994,32,2020,13073.99,457589.65
SP-007145,SP,São Paulo,Brooklin,Zona Sul,Apartamento,63,2,2,2,2018,8,2024,15149.64,954427.32
SP-007146,SP,São Paulo,Aclimação,Centro/Sul,Casa,87,3,2,2,2025,1,2023,12085.55,1051442.85
SP-007147,SP,São Paulo,Pinheiros,Zona Oeste,Cobertura,150,3,4,2,2000,26,2014,14764.08,2214612.0
SP-007148,SP,São Paulo,Aclimação,Centro/Sul,Apartamento,40,1,1,1,2020,6,2015,8108.67,324346.8
SP-007149,SP,São Paulo,Morumbi,Zona Sul,Apartamento,62,2,2,1,2015,11,2018,8078.37,500858.94
SP-007150,SP,São Paulo,Morumbi,Zona Sul,Casa,103,3,3,2,2016,10,2020,7898.39,813534.17
SP-007151,SP,São Paulo,Perdizes,Zona Oeste,Apartamento,80,2,2,1,1989,37,2019,9949.09,795927.2
SP-007152,SP,São Paulo,Morumbi,Zona Sul,Apartamento,49,1,1,1,2014,12,2020,7312.84,358329.16
SP-007153,SP,São Paulo,Vila Madalena,Zona Oeste,Apartamento,40,1,1,0,1991,35,2026,12804.44,512177.6
SP-007154,SP,São Paulo,Pinheiros,Zona Oeste,Casa,91,3,3,3,2010,16,2020,13588.32,1236537.12
SP-007155,SP,São Paulo,Saúde,Zona Sul,Apartamento,100,3,2,2,2007,19,2020,7847.72,784772.0
SP-007156,SP,São Paulo,Brooklin,Zona Sul,Apartamento,34,1,1,0,1994,32,2021,11677.26,397026.84
SP-007157,SP,São Paulo,Moema,Zona Sul,Apartamento,40,1,1,0,2023,3,2017,14973.04,598921.6
SP-007158,SP,São Paulo,Perdizes,Zona Oeste,Apartamento,103,3,3,1,2007,19,2024,11138.37,1147252.11
SP-007159,SP,São Paulo,Pinheiros,Zona Oeste,Apartamento,78,3,2,1,2024,2,2014,12633.57,985418.46
SP-007160,SP,São Paulo,Vila Madalena,Zona Oeste,Apartamento,49,1,1,0,1995,31,2025,11747.02,575603.98
SP-007161,SP,São Paulo,Saúde,Zona Sul,Apartamento,252,5,4,2,2024,2,2020,10558.62,2660772.24
SP-007162,SP,São Paulo,Pinheiros,Zona Oeste,Casa,153,5,4,5,2025,1,2018,15305.62,2341759.86
SP-007163,SP,São Paulo,Moema,Zona Sul,Casa,137,3,3,2,2002,24,2015,10240.77,1402985.49
SP-007164,SP,São Paulo,Aclimação,Centro/Sul,Casa,102,2,3,1,2015,11,2013,6244.07,636895.14
SP-007165,SP,São Paulo,Mooca,Zona Leste,Apartamento,68,2,2,1,1997,29,2026,7361.38,500573.84
SP-007166,SP,São Paulo,Jardim Paulista,Zona Oeste,Casa,123,3,3,2,2015,11,2022,14521.36,1786127.28
SP-007167,SP,São Paulo,Santana,Zona Norte,Apartamento,60,2,2,2,1992,34,2017,5845.7,350742.0
SP-007168,SP,São Paulo,Perdizes,Zona Oeste,Apartamento,86,2,3,2,1995,31,2013,7436.31,639522.66
SP-007169,SP,São Paulo,Saúde,Zona Sul,Apartamento,39,1,1,0,1992,34,2016,6002.16,234084.24
SP-007170,SP,São Paulo,Mooca,Zona Leste,Apartamento,43,2,1,1,2003,23,2023,8131.87,349670.41
SP-007171,SP,São Paulo,Tatuapé,Zona Leste,Apartamento,71,2,1,1,2015,11,2016,6356.32,451298.72
SP-007172,SP,São Paulo,Morumbi,Zona Sul,Apartamento,55,2,2,1,2017,9,2015,6827.24,375498.2
SP-007173,SP,São Paulo,Santana,Zona Norte,Apartamento,58,2,2,2,2023,3,2013,6779.46,393208.68
SP-007174,SP,São Paulo,Campo Belo,Zona Sul,Apartamento,60,2,1,1,1990,36,2022,9561.27,573676.2
SP-007175,SP,São Paulo,Brooklin,Zona Sul,Apartamento,49,1,1,1,1997,29,2015,7840.98,384208.02
SP-007176,SP,São Paulo,Itaim Bibi,Zona Sul/Oeste,Apartamento,44,2,1,1,2004,22,2021,13751.67,605073.48
SP-007177,SP,São Paulo,Lapa,Zona Oeste,Apartamento,107,3,3,2,2022,4,2023,11483.12,1228693.84
SP-007178,SP,São Paulo,Campo Belo,Zona Sul,Apartamento,101,3,2,2,1987,39,2015,8650.94,873744.94
SP-007179,SP,São Paulo,Bela Vista,Centro/Sul,Casa,121,3,3,2,1986,40,2026,8624.08,1043513.68
SP-007180,SP,São Paulo,Tatuapé,Zona Leste,Apartamento,45,1,1,0,1981,45,2016,6235.73,280607.85
SP-007181,SP,São Paulo,Ipiranga,Zona Sul,Casa,137,2,2,2,1995,31,2024,7701.47,1055101.39
SP-007182,SP,São Paulo,Tatuapé,Zona Leste,Apartamento,41,1,1,1,2007,19,2023,9805.88,402041.08
SP-007183,SP,São Paulo,Lapa,Zona Oeste,Apartamento,57,3,1,2,2007,19,2014,6418.83,365873.31
SP-007184,SP,São Paulo,Bela Vista,Centro/Sul,Cobertura,135,3,3,3,2007,19,2019,11770.48,1589014.8
SP-007185,SP,São Paulo,Brooklin,Zona Sul,Apartamento,120,3,3,1,2025,1,2016,10447.03,1253643.6
SP-007186,SP,São Paulo,Moema,Zona Sul,Casa,116,3,3,2,2015,11,2016,10007.64,1160886.24
SP-007187,SP,São Paulo,Campo Belo,Zona Sul,Casa,136,3,2,2,1992,34,2020,10059.28,1368062.08
SP-007188,SP,São Paulo,Ipiranga,Zona Sul,Apartamento,45,1,1,1,2007,19,2017,6672.19,300248.55
SP-007189,SP,São Paulo,Jardim Paulista,Zona Oeste,Apartamento,42,1,1,1,2021,5,2015,12144.63,510074.46
SP-007190,SP,São Paulo,Tatuapé,Zona Leste,Apartamento,215,3,4,2,2016,10,2024,11256.94,2420242.1
SP-007191,SP,São Paulo,Pinheiros,Zona Oeste,Casa,115,4,3,3,2021,5,2014,10637.06,1223261.9
SP-007192,SP,São Paulo,Brooklin,Zona Sul,Apartamento,34,2,1,0,2023,3,2024,13399.7,455589.8
SP-007193,SP,São Paulo,Perdizes,Zona Oeste,Apartamento,71,3,2,2,1992,34,2014,8669.93,615565.03
SP-007194,SP,São Paulo,Brooklin,Zona Sul,Apartamento,87,3,3,2,1986,40,2026,13326.88,1159438.56
SP-007195,SP,São Paulo,Ipiranga,Zona Sul,Apartamento,48,2,1,0,2008,18,2017,6495.75,311796.0
SP-007196,SP,São Paulo,Lapa,Zona Oeste,Casa,92,3,3,2,2017,9,2019,8626.08,793599.36
SP-007197,SP,São Paulo,Vila Madalena,Zona Oeste,Apartamento,69,2,2,1,2021,5,2024,13587.5,937537.5
SP-007198,SP,São Paulo,Saúde,Zona Sul,Apartamento,39,1,1,0,2011,15,2019,7116.89,277558.71
SP-007199,SP,São Paulo,Vila Mariana,Zona Sul,Casa,91,4,2,2,2014,12,2018,10215.03,929567.73
SP-007200,SP,São Paulo,Vila Mariana,Zona Sul,Apartamento,171,4,3,3,2020,6,2022,13907.83,2378238.93
SP-007201,SP,São Paulo,Morumbi,Zona Sul,Apartamento,40,1,1,1,2025,1,2025,11377.98,455119.2
SP-007202,SP,São Paulo,Mooca,Zona Leste,Apartamento,75,3,2,1,2002,24,2020,8498.58,637393.5
SP-007203,SP,São Paulo,Campo Belo,Zona Sul,Apartamento,56,2,2,1,1988,38,2017,9042.46,506377.76
SP-007204,SP,São Paulo,Bela Vista,Centro/Sul,Apartamento,45,2,1,0,2018,8,2015,8027.5,361237.5
SP-007205,SP,São Paulo,Pinheiros,Zona Oeste,Apartamento,101,3,2,2,2016,10,2024,16963.05,1713268.05
SP-007206,SP,São Paulo,Saúde,Zona Sul,Casa,110,3,2,2,2021,5,2021,7970.95,876804.5
SP-007207,SP,São Paulo,Morumbi,Zona Sul,Apartamento,54,2,2,2,2006,20,2019,8007.23,432390.42
SP-007208,SP,São Paulo,Mooca,Zona Leste,Apartamento,56,2,1,1,1983,43,2022,6984.74,391145.44
SP-007209,SP,São Paulo,Aclimação,Centro/Sul,Casa,144,4,3,4,2025,1,2025,13659.41,1966955.04
SP-007210,SP,São Paulo,Campo Belo,Zona Sul,Apartamento,67,2,2,2,1982,44,2016,8307.11,556576.37
SP-007211,SP,São Paulo,Campo Belo,Zona Sul,Apartamento,76,3,1,1,1984,42,2020,8681.39,659785.64
SP-007212,SP,São Paulo,Jardim Paulista,Zona Oeste,Apartamento,87,3,2,2,2021,5,2023,17621.71,1533088.77
SP-007213,SP,São Paulo,Saúde,Zona Sul,Cobertura,154,5,4,3,2021,5,2025,15014.73,2312268.42
SP-007214,SP,São Paulo,Bela Vista,Centro/Sul,Apartamento,43,2,1,0,2012,14,2021,8093.01,347999.43
SP-007215,SP,São Paulo,Jardim Paulista,Zona Oeste,Cobertura,130,3,2,2,1996,30,2023,19515.0,2536950.0
SP-007216,SP,São Paulo,Moema,Zona Sul,Apartamento,79,2,1,2,2003,23,2013,10085.62,796763.98
SP-007217,SP,São Paulo,Lapa,Zona Oeste,Apartamento,111,3,2,2,2004,22,2018,9037.88,1003204.68
SP-007218,SP,São Paulo,Aclimação,Centro/Sul,Casa,137,3,3,2,2015,11,2014,7361.77,1008562.49
SP-007219,SP,São Paulo,Pinheiros,Zona Oeste,Apartamento,53,2,1,1,1987,39,2024,13108.28,694738.84
SP-007220,SP,São Paulo,Jardim Paulista,Zona Oeste,Apartamento,37,1,1,0,2013,13,2021,11563.62,427853.94
SP-007221,SP,São Paulo,Moema,Zona Sul,Casa,125,3,3,1,2019,7,2018,12107.73,1513466.25
SP-007222,SP,São Paulo,Aclimação,Centro/Sul,Apartamento,47,1,1,0,2004,22,2021,8492.24,399135.28
SP-007223,SP,São Paulo,Moema,Zona Sul,Apartamento,46,1,1,1,1992,34,2013,8548.58,393234.68
SP-007224,SP,São Paulo,Vila Mariana,Zona Sul,Casa,90,4,2,2,1995,31,2016,7522.44,677019.6
SP-007225,SP,São Paulo,Ipiranga,Zona Sul,Apartamento,103,3,3,2,2019,7,2024,9453.94,973755.82
SP-007226,SP,São Paulo,Perdizes,Zona Oeste,Cobertura,141,5,3,3,2002,24,2015,14625.71,2062225.11
SP-007227,SP,São Paulo,Vila Madalena,Zona Oeste,Apartamento,47,2,1,0,2012,14,2021,10969.22,515553.34
SP-007228,SP,São Paulo,Santana,Zona Norte,Cobertura,139,3,3,2,2024,2,2021,12940.7,1798757.3
SP-007229,SP,São Paulo,Pinheiros,Zona Oeste,Casa,171,5,3,3,2009,17,2016,10736.76,1835985.96
SP-007230,SP,São Paulo,Morumbi,Zona Sul,Apartamento,56,2,1,1,1995,31,2015,5168.16,289416.96
SP-007231,SP,São Paulo,Pinheiros,Zona Oeste,Casa,121,4,2,2,1988,38,2021,10939.42,1323669.82
SP-007232,SP,São Paulo,Aclimação,Centro/Sul,Apartamento,97,3,2,1,2006,20,2019,8374.08,812285.76
SP-007233,SP,São Paulo,Bela Vista,Centro/Sul,Apartamento,290,3,4,3,2022,4,2017,8319.87,2412762.3
SP-007234,SP,São Paulo,Perdizes,Zona Oeste,Apartamento,180,4,4,5,1997,29,2020,12161.17,2189010.6
SP-007235,SP,São Paulo,Campo Belo,Zona Sul,Apartamento,36,2,1,1,2013,13,2021,9714.24,349712.64
SP-007236,SP,São Paulo,Moema,Zona Sul,Apartamento,35,2,1,0,2003,23,2013,9842.37,344482.95
SP-007237,SP,São Paulo,Vila Mariana,Zona Sul,Apartamento,46,2,1,0,2023,3,2013,8942.38,411349.48
SP-007238,SP,São Paulo,Vila Madalena,Zona Oeste,Apartamento,34,1,1,1,1997,29,2024,11455.18,389476.12
SP-007239,SP,São Paulo,Itaim Bibi,Zona Sul/Oeste,Casa,96,3,3,2,2014,12,2015,11071.6,1062873.6
SP-007240,SP,São Paulo,Jardim Paulista,Zona Oeste,Apartamento,36,2,1,1,2003,23,2022,13450.12,484204.32
SP-007241,SP,São Paulo,Pinheiros,Zona Oeste,Apartamento,89,2,3,2,1985,41,2022,12621.23,1123289.47
SP-007242,SP,São Paulo,Perdizes,Zona Oeste,Apartamento,87,2,2,2,1993,33,2026,12219.01,1063053.87
SP-007243,SP,São Paulo,Saúde,Zona Sul,Apartamento,79,2,1,1,1999,27,2021,7844.57,619721.03
SP-007244,SP,São Paulo,Vila Mariana,Zona Sul,Apartamento,218,4,4,4,2016,10,2015,11414.34,2488326.12
SP-007245,SP,São Paulo,Mooca,Zona Leste,Apartamento,38,1,1,0,2003,23,2015,6145.66,233535.08
SP-007246,SP,São Paulo,Vila Madalena,Zona Oeste,Apartamento,42,1,1,1,1991,35,2016,8169.05,343100.1
SP-007247,SP,São Paulo,Campo Belo,Zona Sul,Apartamento,38,1,1,0,2011,15,2020,10193.92,387368.96
SP-007248,SP,São Paulo,Pinheiros,Zona Oeste,Apartamento,211,3,4,2,2016,10,2024,14660.17,3093295.87
SP-007249,SP,São Paulo,Santana,Zona Norte,Apartamento,84,2,2,1,2017,9,2014,6090.41,511594.44
SP-007250,SP,São Paulo,Santana,Zona Norte,Apartamento,52,2,2,2,1982,44,2016,5283.44,274738.88
SP-007251,SP,São Paulo,Mooca,Zona Leste,Apartamento,179,3,4,4,1985,41,2013,5987.9,1071834.1
SP-007252,SP,São Paulo,Vila Madalena,Zona Oeste,Casa,82,2,1,1,2022,4,2021,12675.53,1039393.46
SP-007253,SP,São Paulo,Tatuapé,Zona Leste,Apartamento,97,3,3,2,2009,17,2017,8220.94,797431.18
SP-007254,SP,São Paulo,Pinheiros,Zona Oeste,Apartamento,80,2,2,1,2011,15,2025,14396.3,1151704.0
SP-007255,SP,São Paulo,Perdizes,Zona Oeste,Apartamento,33,1,1,0,1999,27,2023,9319.06,307528.98
SP-007256,SP,São Paulo,Santana,Zona Norte,Apartamento,43,2,1,0,1999,27,2025,7779.96,334538.28
SP-007257,SP,São Paulo,Moema,Zona Sul,Casa,289,5,5,3,1993,33,2023,13646.31,3943783.59
SP-007258,SP,São Paulo,Pinheiros,Zona Oeste,Apartamento,37,2,1,0,1991,35,2021,11777.74,435776.38
SP-007259,SP,São Paulo,Perdizes,Zona Oeste,Apartamento,174,4,3,3,2024,2,2017,13097.34,2278937.16
SP-007260,SP,São Paulo,Bela Vista,Centro/Sul,Apartamento,36,1,1,0,2016,10,2015,7256.86,261246.96
SP-007261,SP,São Paulo,Jardim Paulista,Zona Oeste,Casa,326,5,4,3,1986,40,2017,10584.38,3450507.88
SP-007262,SP,São Paulo,Lapa,Zona Oeste,Apartamento,44,1,1,0,2008,18,2025,8996.4,395841.6
SP-007263,SP,São Paulo,Bela Vista,Centro/Sul,Cobertura,199,5,4,3,2024,2,2014,12440.28,2475615.72
SP-007264,SP,São Paulo,Itaim Bibi,Zona Sul/Oeste,Casa,390,4,5,5,2025,1,2023,21307.48,8309917.2
SP-007265,SP,São Paulo,Ipiranga,Zona Sul,Apartamento,143,4,4,4,2017,9,2020,8576.43,1226429.49
SP-007266,SP,São Paulo,Lapa,Zona Oeste,Apartamento,33,1,1,1,2001,25,2016,7757.43,255995.19
SP-007267,SP,São Paulo,Ipiranga,Zona Sul,Apartamento,193,4,4,3,2013,13,2016,7379.24,1424193.32
SP-007268,SP,São Paulo,Pinheiros,Zona Oeste,Casa,109,2,3,1,2019,7,2018,11088.4,1208635.6
SP-007269,SP,São Paulo,Brooklin,Zona Sul,Apartamento,38,2,1,0,1992,34,2016,8243.26,313243.88
SP-007270,SP,São Paulo,Bela Vista,Centro/Sul,Apartamento,73,2,2,1,2025,1,2017,9085.72,663257.56
SP-007271,SP,São Paulo,Tatuapé,Zona Leste,Apartamento,52,3,2,1,2017,9,2020,9050.14,470607.28
SP-007272,SP,São Paulo,Campo Belo,Zona Sul,Apartamento,97,3,3,2,1996,30,2014,7529.69,730379.93
SP-007273,SP,São Paulo,Bela Vista,Centro/Sul,Apartamento,235,4,5,3,2025,1,2021,11616.26,2729821.1
SP-007274,SP,São Paulo,Tatuapé,Zona Leste,Apartamento,111,3,2,2,1981,45,2013,6246.95,693411.45
SP-007275,SP,São Paulo,Vila Mariana,Zona Sul,Apartamento,76,2,1,2,2014,12,2018,9794.53,744384.28
SP-007276,SP,São Paulo,Bela Vista,Centro/Sul,Casa,98,3,2,2,1984,42,2021,6908.9,677072.2
SP-007277,SP,São Paulo,Itaim Bibi,Zona Sul/Oeste,Apartamento,43,1,1,0,1996,30,2013,9855.13,423770.59
SP-007278,SP,São Paulo,Saúde,Zona Sul,Apartamento,149,4,3,2,1993,33,2024,9619.88,1433362.12
SP-007279,SP,São Paulo,Perdizes,Zona Oeste,Apartamento,85,3,3,2,2013,13,2018,10308.84,876251.4
SP-007280,SP,São Paulo,Lapa,Zona Oeste,Cobertura,182,3,4,2,2014,12,2016,10481.01,1907543.82
SP-007281,SP,São Paulo,Itaim Bibi,Zona Sul/Oeste,Apartamento,122,3,2,1,2005,21,2013,9764.85,1191311.7
SP-007282,SP,São Paulo,Pinheiros,Zona Oeste,Apartamento,95,3,2,2,2012,14,2014,9947.75,945036.25
SP-007283,SP,São Paulo,Moema,Zona Sul,Apartamento,87,3,2,2,2021,5,2015,11804.52,1026993.24
SP-007284,SP,São Paulo,Jardim Paulista,Zona Oeste,Apartamento,44,1,1,0,1987,39,2022,13907.17,611915.48
SP-007285,SP,São Paulo,Bela Vista,Centro/Sul,Casa,101,3,3,2,2024,2,2022,9939.7,1003909.7
SP-007286,SP,São Paulo,Tatuapé,Zona Leste,Apartamento,32,1,1,0,1997,29,2025,8718.49,278991.68
SP-007287,SP,São Paulo,Perdizes,Zona Oeste,Apartamento,73,2,2,1,1985,41,2018,8401.23,613289.79
SP-007288,SP,São Paulo,Pinheiros,Zona Oeste,Apartamento,65,3,2,1,2008,18,2026,15586.89,1013147.85
SP-007289,SP,São Paulo,Bela Vista,Centro/Sul,Apartamento,57,2,2,2,2010,16,2021,8812.15,502292.55
SP-007290,SP,São Paulo,Moema,Zona Sul,Apartamento,68,2,1,2,1982,44,2016,11149.6,758172.8
SP-007291,SP,São Paulo,Perdizes,Zona Oeste,Apartamento,66,2,2,1,1999,27,2024,11389.73,751722.18
SP-007292,SP,São Paulo,Brooklin,Zona Sul,Apartamento,93,3,2,1,1995,31,2018,9353.33,869859.69
SP-007293,SP,São Paulo,Mooca,Zona Leste,Apartamento,107,3,3,2,2019,7,2017,8990.54,961987.78
SP-007294,SP,São Paulo,Lapa,Zona Oeste,Casa,82,3,2,1,1990,36,2023,7210.89,591292.98
SP-007295,SP,São Paulo,Ipiranga,Zona Sul,Apartamento,58,3,2,1,2016,10,2019,7657.47,444133.26
SP-007296,SP,São Paulo,Pinheiros,Zona Oeste,Apartamento,41,2,1,1,1992,34,2015,9245.46,379063.86
SP-007297,SP,São Paulo,Vila Madalena,Zona Oeste,Apartamento,34,2,1,0,2024,2,2015,10555.69,358893.46
SP-007298,SP,São Paulo,Lapa,Zona Oeste,Apartamento,60,2,1,1,2014,12,2023,8781.66,526899.6
SP-007299,SP,São Paulo,Santana,Zona Norte,Apartamento,43,2,1,0,2017,9,2024,9191.58,395237.94
SP-007300,SP,São Paulo,Ipiranga,Zona Sul,Apartamento,80,2,2,1,2011,15,2016,6332.51,506600.8
SP-007301,SP,São Paulo,Moema,Zona Sul,Apartamento,38,1,1,0,2021,5,2024,14719.55,559342.9
SP-007302,SP,São Paulo,Campo Belo,Zona Sul,Apartamento,139,2,3,1,2004,22,2018,8652.0,1202628.0
SP-007303,SP,São Paulo,Lapa,Zona Oeste,Apartamento,35,1,1,0,2025,1,2025,11752.69,411344.15
SP-007304,SP,São Paulo,Brooklin,Zona Sul,Apartamento,55,2,1,1,1983,43,2023,10768.92,592290.6
SP-007305,SP,São Paulo,Tatuapé,Zona Leste,Apartamento,56,2,2,1,1987,39,2016,7694.23,430876.88
SP-007306,SP,São Paulo,Brooklin,Zona Sul,Casa,155,4,4,4,2006,20,2026,13803.29,2139509.95
SP-007307,SP,São Paulo,Campo Belo,Zona Sul,Casa,273,4,4,2,1990,36,2017,9638.94,2631430.62
SP-007308,SP,São Paulo,Brooklin,Zona Sul,Casa,146,4,5,3,1997,29,2017,8920.34,1302369.64
SP-007309,SP,São Paulo,Jardim Paulista,Zona Oeste,Apartamento,40,1,1,0,2017,9,2016,12033.97,481358.8
SP-007310,SP,São Paulo,Pinheiros,Zona Oeste,Apartamento,52,2,1,2,2025,1,2019,13576.3,705967.6
SP-007311,SP,São Paulo,Campo Belo,Zona Sul,Apartamento,60,3,1,1,2008,18,2021,10848.01,650880.6
SP-007312,SP,São Paulo,Moema,Zona Sul,Apartamento,62,2,2,1,1993,33,2015,9717.93,602511.66
SP-007313,SP,São Paulo,Morumbi,Zona Sul,Apartamento,54,2,1,2,2016,10,2020,8808.98,475684.92
SP-007314,SP,São Paulo,Campo Belo,Zona Sul,Apartamento,60,3,1,1,2009,17,2021,11761.26,705675.6
SP-007315,SP,São Paulo,Santana,Zona Norte,Apartamento,57,3,2,1,1986,40,2014,5372.39,306226.23
SP-007316,SP,São Paulo,Vila Madalena,Zona Oeste,Casa,203,5,4,5,1983,43,2025,12173.8,2471281.4
SP-007317,SP,São Paulo,Ipiranga,Zona Sul,Apartamento,80,3,2,1,2019,7,2018,7120.9,569672.0
SP-007318,SP,São Paulo,Brooklin,Zona Sul,Apartamento,46,1,1,0,2016,10,2025,12665.65,582619.9
SP-007319,SP,São Paulo,Lapa,Zona Oeste,Casa,148,3,4,3,1975,51,2016,6021.33,891156.84
SP-007320,SP,São Paulo,Aclimação,Centro/Sul,Apartamento,61,3,1,2,2003,23,2021,10666.12,650633.32
SP-007321,SP,São Paulo,Brooklin,Zona Sul,Apartamento,60,2,1,1,1996,30,2013,7210.23,432613.8
SP-007322,SP,São Paulo,Bela Vista,Centro/Sul,Apartamento,42,1,1,0,1990,36,2022,7723.91,324404.22
SP-007323,SP,São Paulo,Vila Madalena,Zona Oeste,Apartamento,128,3,2,2,2022,4,2016,11719.9,1500147.2
SP-007324,SP,São Paulo,Morumbi,Zona Sul,Apartamento,42,2,1,0,2001,25,2017,6655.31,279523.02
SP-007325,SP,São Paulo,Jardim Paulista,Zona Oeste,Casa,106,2,2,2,1987,39,2015,10326.54,1094613.24
SP-007326,SP,São Paulo,Lapa,Zona Oeste,Apartamento,80,2,1,2,2005,21,2023,9239.57,739165.6
SP-007327,SP,São Paulo,Bela Vista,Centro/Sul,Apartamento,38,1,1,0,1976,50,2014,5398.1,205127.8
SP-007328,SP,São Paulo,Ipiranga,Zona Sul,Apartamento,89,3,2,2,2018,8,2015,7438.23,662002.47
SP-007329,SP,São Paulo,Tatuapé,Zona Leste,Cobertura,151,5,4,2,2020,6,2025,17154.64,2590350.64
SP-007330,SP,São Paulo,Saúde,Zona Sul,Casa,144,4,3,3,1986,40,2022,7844.33,1129583.52
SP-007331,SP,São Paulo,Vila Madalena,Zona Oeste,Apartamento,112,3,3,2,1982,44,2023,11914.91,1334469.92
SP-007332,SP,São Paulo,Lapa,Zona Oeste,Apartamento,101,2,2,2,2004,22,2023,10006.85,1010691.85
SP-007333,SP,São Paulo,Aclimação,Centro/Sul,Cobertura,200,3,3,4,1986,40,2015,10885.38,2177076.0
SP-007334,SP,São Paulo,Vila Mariana,Zona Sul,Cobertura,194,4,4,3,1998,28,2018,14314.2,2776954.8
SP-007335,SP,São Paulo,Moema,Zona Sul,Cobertura,189,3,3,4,1978,48,2023,20401.75,3855930.75
SP-007336,SP,São Paulo,Aclimação,Centro/Sul,Apartamento,96,2,3,1,1989,37,2015,6621.04,635619.84
SP-007337,SP,São Paulo,Ipiranga,Zona Sul,Apartamento,121,3,3,1,2015,11,2017,6570.12,794984.52
SP-007338,SP,São Paulo,Lapa,Zona Oeste,Apartamento,81,2,2,2,2003,23,2025,9203.01,745443.81
SP-007339,SP,São Paulo,Brooklin,Zona Sul,Casa,266,4,3,5,2020,6,2026,16471.41,4381395.06
SP-007340,SP,São Paulo,Jardim Paulista,Zona Oeste,Apartamento,82,3,1,1,1993,33,2022,13829.87,1134049.34
SP-007341,SP,São Paulo,Vila Madalena,Zona Oeste,Apartamento,94,3,3,2,2019,7,2013,10667.49,1002744.06
SP-007342,SP,São Paulo,Lapa,Zona Oeste,Apartamento,62,2,1,1,2021,5,2022,9088.38,563479.56
SP-007343,SP,São Paulo,Morumbi,Zona Sul,Casa,195,4,3,2,1998,28,2017,6790.42,1324131.9
SP-007344,SP,São Paulo,Campo Belo,Zona Sul,Casa,127,3,2,2,1997,29,2020,9509.05,1207649.35
SP-007345,SP,São Paulo,Tatuapé,Zona Leste,Casa,88,3,2,2,2022,4,2021,8784.58,773043.04
SP-007346,SP,São Paulo,Santana,Zona Norte,Apartamento,62,2,2,1,2012,14,2024,7455.96,462269.52
SP-007347,SP,São Paulo,Lapa,Zona Oeste,Apartamento,127,3,2,2,2018,8,2020,9622.28,1222029.56
SP-007348,SP,São Paulo,Ipiranga,Zona Sul,Apartamento,41,1,1,0,2017,9,2026,9347.04,383228.64
SP-007349,SP,São Paulo,Vila Madalena,Zona Oeste,Apartamento,118,3,3,3,2006,20,2018,10110.61,1193051.98
SP-007350,SP,São Paulo,Pinheiros,Zona Oeste,Apartamento,59,2,1,1,2008,18,2021,13475.76,795069.84
SP-007351,SP,São Paulo,Itaim Bibi,Zona Sul/Oeste,Apartamento,40,2,1,1,1994,32,2018,12651.59,506063.6
SP-007352,SP,São Paulo,Aclimação,Centro/Sul,Apartamento,142,3,5,2,2025,1,2018,10867.54,1543190.68
SP-007353,SP,São Paulo,Itaim Bibi,Zona Sul/Oeste,Casa,93,4,3,2,2016,10,2024,17680.24,1644262.32
SP-007354,SP,São Paulo,Itaim Bibi,Zona Sul/Oeste,Casa,241,5,4,3,2012,14,2021,15195.84,3662197.44
SP-007355,SP,São Paulo,Vila Madalena,Zona Oeste,Casa,178,5,4,4,2024,2,2022,14998.84,2669793.52
SP-007356,SP,São Paulo,Santana,Zona Norte,Apartamento,95,4,2,2,2005,21,2022,8244.85,783260.75
SP-007357,SP,São Paulo,Moema,Zona Sul,Apartamento,34,1,1,0,2023,3,2022,16217.42,551392.28
SP-007358,SP,São Paulo,Vila Mariana,Zona Sul,Apartamento,82,2,2,1,1995,31,2022,10090.06,827384.92
SP-007359,SP,São Paulo,Bela Vista,Centro/Sul,Apartamento,61,3,2,1,1978,48,2021,7577.77,462243.97
SP-007360,SP,São Paulo,Vila Madalena,Zona Oeste,Apartamento,61,2,2,1,2012,14,2021,11601.15,707670.15
SP-007361,SP,São Paulo,Perdizes,Zona Oeste,Apartamento,175,3,4,4,2016,10,2017,12673.04,2217782.0
SP-007362,SP,São Paulo,Tatuapé,Zona Leste,Apartamento,52,3,2,1,2013,13,2024,9011.68,468607.36
SP-007363,SP,São Paulo,Lapa,Zona Oeste,Cobertura,155,4,5,3,2016,10,2015,12206.77,1892049.35
SP-007364,SP,São Paulo,Vila Madalena,Zona Oeste,Apartamento,62,3,1,1,2022,4,2022,13864.64,859607.68
SP-007365,SP,São Paulo,Vila Mariana,Zona Sul,Casa,94,3,3,2,2015,11,2023,9779.59,919281.46
SP-007366,SP,São Paulo,Santana,Zona Norte,Cobertura,128,3,3,1,1990,36,2020,8962.82,1147240.96
SP-007367,SP,São Paulo,Campo Belo,Zona Sul,Casa,317,5,3,3,2021,5,2018,11465.74,3634639.58
SP-007368,SP,São Paulo,Bela Vista,Centro/Sul,Apartamento,200,5,4,3,2025,1,2026,12915.1,2583020.0
SP-007369,SP,São Paulo,Bela Vista,Centro/Sul,Apartamento,39,1,1,0,2021,5,2014,7513.41,293022.99
SP-007370,SP,São Paulo,Vila Mariana,Zona Sul,Apartamento,47,1,1,0,1993,33,2020,9349.06,439405.82
SP-007371,SP,São Paulo,Campo Belo,Zona Sul,Casa,218,4,4,4,2014,12,2014,9152.2,1995179.6
SP-007372,SP,São Paulo,Santana,Zona Norte,Apartamento,55,2,2,1,2001,25,2013,5585.55,307205.25
SP-007373,SP,São Paulo,Pinheiros,Zona Oeste,Apartamento,128,4,3,2,2005,21,2026,14645.52,1874626.56
SP-007374,SP,São Paulo,Tatuapé,Zona Leste,Apartamento,42,1,1,0,2020,6,2025,10695.21,449198.82
SP-007375,SP,São Paulo,Perdizes,Zona Oeste,Apartamento,59,2,1,1,2022,4,2024,14357.35,847083.65
SP-007376,SP,São Paulo,Perdizes,Zona Oeste,Casa,82,2,2,1,1998,28,2015,7493.99,614507.18
SP-007377,SP,São Paulo,Perdizes,Zona Oeste,Apartamento,35,2,1,0,1978,48,2014,7005.4,245189.0
SP-007378,SP,São Paulo,Moema,Zona Sul,Apartamento,34,1,1,0,1993,33,2026,13140.27,446769.18
SP-007379,SP,São Paulo,Morumbi,Zona Sul,Apartamento,173,5,4,3,2006,20,2013,6210.74,1074458.02
SP-007380,SP,São Paulo,Tatuapé,Zona Leste,Apartamento,42,1,1,0,2025,1,2023,9918.87,416592.54
SP-007381,SP,São Paulo,Vila Mariana,Zona Sul,Casa,252,4,3,3,2024,2,2026,13997.48,3527364.96
SP-007382,SP,São Paulo,Pinheiros,Zona Oeste,Casa,112,2,3,2,2021,5,2020,13491.94,1511097.28
SP-007383,SP,São Paulo,Brooklin,Zona Sul,Casa,140,4,3,2,2019,7,2018,11646.39,1630494.6
SP-007384,SP,São Paulo,Aclimação,Centro/Sul,Apartamento,136,4,2,2,1994,32,2014,6438.32,875611.52
SP-007385,SP,São Paulo,Moema,Zona Sul,Apartamento,150,4,4,3,2010,16,2021,14219.37,2132905.5
SP-007386,SP,São Paulo,Santana,Zona Norte,Apartamento,173,5,4,3,2012,14,2017,8180.85,1415287.05
SP-007387,SP,São Paulo,Campo Belo,Zona Sul,Apartamento,55,2,2,2,2006,20,2025,12921.97,710708.35
SP-007388,SP,São Paulo,Saúde,Zona Sul,Apartamento,68,2,2,2,2022,4,2017,7588.4,516011.2
SP-007389,SP,São Paulo,Vila Madalena,Zona Oeste,Casa,291,3,3,3,1999,27,2019,10533.08,3065126.28
SP-007390,SP,São Paulo,Tatuapé,Zona Leste,Casa,128,3,2,2,2013,13,2016,6870.66,879444.48
SP-007391,SP,São Paulo,Ipiranga,Zona Sul,Apartamento,120,3,3,2,1983,43,2019,6233.91,748069.2
SP-007392,SP,São Paulo,Lapa,Zona Oeste,Apartamento,80,3,1,1,2020,6,2016,7258.36,580668.8
SP-007393,SP,São Paulo,Vila Madalena,Zona Oeste,Apartamento,131,4,3,2,2017,9,2021,14081.25,1844643.75
SP-007394,SP,São Paulo,Bela Vista,Centro/Sul,Casa,84,2,2,2,2001,25,2018,7395.78,621245.52
SP-007395,SP,São Paulo,Brooklin,Zona Sul,Casa,95,3,3,3,1996,30,2023,11031.35,1047978.25
SP-007396,SP,São Paulo,Moema,Zona Sul,Apartamento,48,1,1,0,2022,4,2014,9273.0,445104.0
SP-007397,SP,São Paulo,Saúde,Zona Sul,Apartamento,94,3,3,3,1990,36,2018,7615.38,715845.72
SP-007398,SP,São Paulo,Pinheiros,Zona Oeste,Cobertura,332,4,4,3,1998,28,2016,16592.37,5508666.84
SP-007399,SP,São Paulo,Saúde,Zona Sul,Casa,96,3,3,1,1977,49,2015,5119.14,491437.44
SP-007400,SP,São Paulo,Tatuapé,Zona Leste,Apartamento,218,3,3,3,1995,31,2025,9899.97,2158193.46
SP-007401,SP,São Paulo,Jardim Paulista,Zona Oeste,Apartamento,135,3,3,3,2014,12,2016,12220.9,1649821.5
SP-007402,SP,São Paulo,Campo Belo,Zona Sul,Apartamento,37,2,1,0,2009,17,2019,8848.6,327398.2
SP-007403,SP,São Paulo,Mooca,Zona Leste,Apartamento,69,3,2,1,2012,14,2018,7360.68,507886.92
SP-007404,SP,São Paulo,Aclimação,Centro/Sul,Apartamento,78,2,1,1,2002,24,2019,8287.12,646395.36
SP-007405,SP,São Paulo,Saúde,Zona Sul,Apartamento,132,3,3,2,2001,25,2017,7026.78,927534.96
SP-007406,SP,São Paulo,Lapa,Zona Oeste,Apartamento,40,1,1,0,1998,28,2022,6817.25,272690.0
SP-007407,SP,São Paulo,Jardim Paulista,Zona Oeste,Apartamento,89,3,3,1,1991,35,2016,12012.99,1069156.11
SP-007408,SP,São Paulo,Moema,Zona Sul,Casa,176,4,4,2,2023,3,2025,18224.87,3207577.12
SP-007409,SP,São Paulo,Jardim Paulista,Zona Oeste,Apartamento,124,2,2,2,1999,27,2015,10204.56,1265365.44
SP-007410,SP,São Paulo,Pinheiros,Zona Oeste,Apartamento,200,4,4,3,2019,7,2026,18983.94,3796788.0
SP-007411,SP,São Paulo,Vila Madalena,Zona Oeste,Apartamento,41,1,1,1,2022,4,2025,15416.37,632071.17
SP-007412,SP,São Paulo,Jardim Paulista,Zona Oeste,Apartamento,94,3,3,2,2025,1,2021,18028.38,1694667.72
SP-007413,SP,São Paulo,Pinheiros,Zona Oeste,Apartamento,91,2,2,2,1993,33,2021,11003.56,1001323.96
SP-007414,SP,São Paulo,Vila Mariana,Zona Sul,Apartamento,83,2,1,2,2024,2,2019,12428.3,1031548.9
SP-007415,SP,São Paulo,Pinheiros,Zona Oeste,Apartamento,34,1,1,1,1986,40,2021,11426.69,388507.46
SP-007416,SP,São Paulo,Saúde,Zona Sul,Apartamento,65,2,1,2,2013,13,2013,5590.27,363367.55
SP-007417,SP,São Paulo,Morumbi,Zona Sul,Apartamento,49,1,1,0,1978,48,2015,4800.69,235233.81
SP-007418,SP,São Paulo,Vila Mariana,Zona Sul,Apartamento,72,2,1,1,1986,40,2020,9489.11,683215.92
SP-007419,SP,São Paulo,Mooca,Zona Leste,Casa,90,3,3,2,2006,20,2026,9387.56,844880.4
SP-007420,SP,São Paulo,Campo Belo,Zona Sul,Apartamento,57,2,1,1,2000,26,2014,7777.11,443295.27
SP-007421,SP,São Paulo,Brooklin,Zona Sul,Apartamento,37,1,1,0,2012,14,2018,9380.98,347096.26
SP-007422,SP,São Paulo,Itaim Bibi,Zona Sul/Oeste,Apartamento,58,2,2,1,2009,17,2016,11601.14,672866.12
SP-007423,SP,São Paulo,Bela Vista,Centro/Sul,Apartamento,51,2,1,1,2015,11,2025,8985.94,458282.94
SP-007424,SP,São Paulo,Lapa,Zona Oeste,Casa,286,3,3,3,1984,42,2025,8261.68,2362840.48
SP-007425,SP,São Paulo,Pinheiros,Zona Oeste,Apartamento,52,3,1,1,2003,23,2016,10157.47,528188.44
SP-007426,SP,São Paulo,Jardim Paulista,Zona Oeste,Apartamento,132,3,2,3,2000,26,2018,12969.7,1712000.4
SP-007427,SP,São Paulo,Mooca,Zona Leste,Apartamento,57,2,2,2,1987,39,2018,7544.27,430023.39
SP-007428,SP,São Paulo,Vila Madalena,Zona Oeste,Apartamento,34,1,1,0,2008,18,2015,8516.7,289567.8
SP-007429,SP,São Paulo,Tatuapé,Zona Leste,Apartamento,171,5,3,3,2005,21,2023,10503.22,1796050.62
SP-007430,SP,São Paulo,Vila Mariana,Zona Sul,Apartamento,105,3,3,2,2021,5,2020,12200.78,1281081.9
SP-007431,SP,São Paulo,Bela Vista,Centro/Sul,Casa,102,3,3,2,2010,16,2014,6407.07,653521.14
SP-007432,SP,São Paulo,Campo Belo,Zona Sul,Apartamento,99,2,3,1,2016,10,2020,11317.52,1120434.48
SP-007433,SP,São Paulo,Bela Vista,Centro/Sul,Casa,102,2,3,3,1989,37,2019,7694.72,784861.44
SP-007434,SP,São Paulo,Vila Madalena,Zona Oeste,Apartamento,123,3,3,2,2016,10,2024,15460.62,1901656.26
SP-007435,SP,São Paulo,Jardim Paulista,Zona Oeste,Apartamento,237,4,3,3,2018,8,2018,15327.4,3632593.8
SP-007436,SP,São Paulo,Santana,Zona Norte,Apartamento,47,1,1,0,1982,44,2021,6241.98,293373.06
SP-007437,SP,São Paulo,Moema,Zona Sul,Apartamento,107,4,3,1,2009,17,2014,11429.52,1222958.64
SP-007438,SP,São Paulo,Morumbi,Zona Sul,Casa,171,3,4,2,2010,16,2023,7371.17,1260470.07
SP-007439,SP,São Paulo,Bela Vista,Centro/Sul,Apartamento,87,4,3,2,2025,1,2023,10919.65,950009.55
SP-007440,SP,São Paulo,Aclimação,Centro/Sul,Apartamento,35,1,1,0,1999,27,2022,8390.8,293678.0
SP-007441,SP,São Paulo,Itaim Bibi,Zona Sul/Oeste,Apartamento,52,2,2,1,1997,29,2017,11065.33,575397.16
SP-007442,SP,São Paulo,Vila Madalena,Zona Oeste,Casa,179,5,3,3,1998,28,2024,12190.37,2182076.23
SP-007443,SP,São Paulo,Vila Madalena,Zona Oeste,Apartamento,32,2,1,0,2020,6,2022,13721.24,439079.68
SP-007444,SP,São Paulo,Santana,Zona Norte,Casa,129,2,3,3,1996,30,2015,6218.75,802218.75
SP-007445,SP,São Paulo,Vila Madalena,Zona Oeste,Apartamento,49,1,1,0,2007,19,2025,13770.38,674748.62
SP-007446,SP,São Paulo,Morumbi,Zona Sul,Apartamento,152,4,4,2,2007,19,2018,7334.04,1114774.08
SP-007447,SP,São Paulo,Campo Belo,Zona Sul,Apartamento,78,2,2,1,1999,27,2020,8752.59,682702.02
SP-007448,SP,São Paulo,Lapa,Zona Oeste,Apartamento,51,3,1,1,1993,33,2020,8026.1,409331.1
SP-007449,SP,São Paulo,Tatuapé,Zona Leste,Apartamento,65,2,2,1,2005,21,2025,9482.2,616343.0
SP-007450,SP,São Paulo,Itaim Bibi,Zona Sul/Oeste,Apartamento,34,2,1,1,2019,7,2014,13396.36,455476.24
SP-007451,SP,São Paulo,Vila Mariana,Zona Sul,Apartamento,97,3,3,2,2017,9,2025,13728.93,1331706.21
SP-007452,SP,São Paulo,Morumbi,Zona Sul,Apartamento,37,1,1,0,1990,36,2021,6272.28,232074.36
SP-007453,SP,São Paulo,Aclimação,Centro/Sul,Apartamento,117,3,2,3,2012,14,2019,9011.28,1054319.76
SP-007454,SP,São Paulo,Campo Belo,Zona Sul,Casa,129,2,2,2,2006,20,2013,8153.52,1051804.08
SP-007455,SP,São Paulo,Vila Mariana,Zona Sul,Cobertura,173,4,3,4,1992,34,2025,17486.11,3025097.03
SP-007456,SP,São Paulo,Mooca,Zona Leste,Cobertura,340,5,3,3,1999,27,2025,13489.61,4586467.4
SP-007457,SP,São Paulo,Vila Madalena,Zona Oeste,Apartamento,123,3,3,2,1991,35,2018,9888.27,1216257.21
SP-007458,SP,São Paulo,Itaim Bibi,Zona Sul/Oeste,Apartamento,89,3,2,2,1996,30,2023,16438.28,1463006.92
SP-007459,SP,São Paulo,Aclimação,Centro/Sul,Casa,105,3,2,2,2007,19,2013,7372.5,774112.5
SP-007460,SP,São Paulo,Vila Mariana,Zona Sul,Apartamento,84,2,2,2,2005,21,2018,10328.04,867555.36
SP-007461,SP,São Paulo,Morumbi,Zona Sul,Apartamento,78,3,1,1,2009,17,2021,8418.56,656647.68
SP-007462,SP,São Paulo,Vila Mariana,Zona Sul,Apartamento,125,3,3,2,2000,26,2022,10856.64,1357080.0
SP-007463,SP,São Paulo,Aclimação,Centro/Sul,Apartamento,115,3,3,2,1982,44,2014,7162.13,823644.95
SP-007464,SP,São Paulo,Aclimação,Centro/Sul,Apartamento,83,3,2,1,2023,3,2015,8738.07,725259.81
SP-007465,SP,São Paulo,Vila Madalena,Zona Oeste,Apartamento,59,3,2,2,2016,10,2014,10288.27,607007.93
SP-007466,SP,São Paulo,Brooklin,Zona Sul,Apartamento,274,4,4,2,2019,7,2021,13510.77,3701950.98
SP-007467,SP,São Paulo,Mooca,Zona Leste,Apartamento,98,4,3,2,2010,16,2025,9214.56,903026.88
SP-007468,SP,São Paulo,Saúde,Zona Sul,Apartamento,33,1,1,1,2006,20,2024,9014.82,297489.06
SP-007469,SP,São Paulo,Aclimação,Centro/Sul,Apartamento,115,3,3,2,1996,30,2020,8626.04,991994.6
SP-007470,SP,São Paulo,Brooklin,Zona Sul,Casa,167,4,5,5,2009,17,2023,12387.33,2068684.11
SP-007471,SP,São Paulo,Aclimação,Centro/Sul,Apartamento,197,3,4,2,2021,5,2022,11649.27,2294906.19
SP-007472,SP,São Paulo,Morumbi,Zona Sul,Apartamento,109,4,3,2,2022,4,2018,8869.87,966815.83
SP-007473,SP,São Paulo,Lapa,Zona Oeste,Casa,186,4,4,2,1997,29,2025,8815.08,1639604.88
SP-007474,SP,São Paulo,Aclimação,Centro/Sul,Apartamento,111,2,3,2,1984,42,2019,8300.03,921303.33
SP-007475,SP,São Paulo,Campo Belo,Zona Sul,Casa,187,4,5,2,2011,15,2021,10266.47,1919829.89
SP-007476,SP,São Paulo,Lapa,Zona Oeste,Apartamento,91,3,2,2,2005,21,2016,7514.24,683795.84
SP-007477,SP,São Paulo,Campo Belo,Zona Sul,Apartamento,42,1,1,0,1993,33,2026,12007.42,504311.64
SP-007478,SP,São Paulo,Mooca,Zona Leste,Casa,85,3,2,2,1983,43,2017,5642.52,479614.2
SP-007479,SP,São Paulo,Brooklin,Zona Sul,Apartamento,56,2,2,1,2001,25,2016,9645.34,540139.04
SP-007480,SP,São Paulo,Brooklin,Zona Sul,Apartamento,175,4,4,4,2018,8,2023,15617.45,2733053.75
SP-007481,SP,São Paulo,Morumbi,Zona Sul,Apartamento,125,2,3,2,2022,4,2017,7227.49,903436.25
SP-007482,SP,São Paulo,Lapa,Zona Oeste,Apartamento,74,2,1,2,1998,28,2022,8127.28,601418.72
SP-007483,SP,São Paulo,Morumbi,Zona Sul,Apartamento,75,2,1,1,1988,38,2025,7912.66,593449.5
SP-007484,SP,São Paulo,Morumbi,Zona Sul,Casa,484,5,4,2,2006,20,2015,5215.54,2524321.36
SP-007485,SP,São Paulo,Campo Belo,Zona Sul,Casa,272,3,4,4,2012,14,2020,11568.87,3146732.64
SP-007486,SP,São Paulo,Saúde,Zona Sul,Apartamento,122,3,3,2,1992,34,2023,8337.25,1017144.5
SP-007487,SP,São Paulo,Morumbi,Zona Sul,Apartamento,118,2,3,2,2018,8,2015,7407.81,874121.58
SP-007488,SP,São Paulo,Tatuapé,Zona Leste,Apartamento,41,1,1,0,2006,20,2026,10145.85,415979.85
SP-007489,SP,São Paulo,Saúde,Zona Sul,Apartamento,45,1,1,0,2006,20,2022,6742.61,303417.45
SP-007490,SP,São Paulo,Aclimação,Centro/Sul,Apartamento,116,3,3,1,2021,5,2022,11298.78,1310658.48
SP-007491,SP,São Paulo,Tatuapé,Zona Leste,Apartamento,151,5,5,2,2011,15,2022,10529.12,1589897.12
SP-007492,SP,São Paulo,Moema,Zona Sul,Apartamento,49,2,1,0,2003,23,2023,13572.12,665033.88
SP-007493,SP,São Paulo,Moema,Zona Sul,Apartamento,33,1,1,0,1976,50,2023,11070.34,365321.22
SP-007494,SP,São Paulo,Vila Madalena,Zona Oeste,Apartamento,55,2,2,1,2025,1,2025,15652.75,860901.25
SP-007495,SP,São Paulo,Vila Mariana,Zona Sul,Apartamento,43,1,1,1,2003,23,2024,11262.08,484269.44
SP-007496,SP,São Paulo,Campo Belo,Zona Sul,Apartamento,57,3,2,1,2020,6,2022,11538.37,657687.09
SP-007497,SP,São Paulo,Jardim Paulista,Zona Oeste,Casa,165,3,4,3,1977,49,2022,12742.38,2102492.7
SP-007498,SP,São Paulo,Lapa,Zona Oeste,Apartamento,62,2,2,2,2003,23,2014,6506.75,403418.5
SP-007499,SP,São Paulo,Vila Madalena,Zona Oeste,Apartamento,41,1,1,1,1999,27,2016,9990.71,409619.11
SP-007500,SP,São Paulo,Pinheiros,Zona Oeste,Apartamento,70,3,2,1,1990,36,2022,14127.19,988903.3
